order_id,order_date,menu_item_name,menu_item_category,menu_item_price,menu_item_size,menu_item_quantity,customer_name,delivery,delivery_address
QK51FPKH1D,2024-01-13,Crazy Bread,Sides,4.99,Regular,6,Nancy Moore,Yes,"1779 Eastern Pkwy, Brooklyn, NY"
5UZBIKCIDK,2024-07-02,ExtraMostBestest Cheese,Pizza,10.49,Large,3,Nancy Anderson,No,
41IBLJH75L,2024-07-05,Crazy Bread,Sides,4.99,Regular,2,Ashley Williams,Yes,"4474 Utica Ave, Brooklyn, NY"
4FFYVNVQJT,2024-07-21,Crazy Bread,Sides,4.99,Regular,7,William Jackson,Yes,"9297 Court St, Brooklyn, NY"
4SHNF877VR,2024-12-14,Mountain Dew 2 Liter,Beverage,3.29,2L,7,David Brown,Yes,
871YZOYN6Q,2024-07-04,Classic Pepperoni Pizza,Pizza,9.49,Large,3,John Thomas,Yes,"9395 Atlantic Ave, Brooklyn, NY"
UR23GDPPQ0,2024-02-02,ExtraMostBestest Pepperoni,Pizza,10.49,Large,3,Linda Smith,Yes,"3870 Ocean Pkwy, Brooklyn, NY"
5TB94874FR,2024-11-26,Crazy Bread Combo,Sides,5.99,Regular,1,Linda Miller,Yes,"5659 Atlantic Ave, Brooklyn, NY"
HC0CLBR7TC,2024-07-24,Classic Pepperoni Pizza,Pizza,9.49,Large,1,Ashley Anderson,Yes,"6496 Church Ave, Brooklyn, NY"
HZIOYKL1CQ,2024-04-05,Deep Dish Pepperoni,Pizza,11.99,Regular,1,Patricia Jackson,Yes,"3953 Coney Island Ave, Brooklyn, NY"
7D5J60FKHM,2024-02-21,Aquafina Water,Beverage,1.99,20oz,1,Donald Williams,Yes,"2270 Kings Hwy, Brooklyn, NY"
AC56T4UFEL,2024-05-15,Crazy Bread Combo,Sides,5.99,Regular,4,Sandra Johnson,No,
OG72OY0IFZ,2024-01-21,2 Liter Diet Pepsi,Beverage,3.29,2L,6,Donald Wilson,Yes,"5894 Court St, Brooklyn, NY"
58KXO9T7E8,2024-01-20,ExtraMostBestest Cheese,Pizza,10.49,Large,7,Joseph Lopez,No,
0HP87WXE6S,2024-05-15,Classic Pepperoni Pizza,Pizza,9.49,Large,1,Betty Hernandez,Yes,"5763 Utica Ave, Brooklyn, NY"
PHR62GDSWM,2024-06-16,Crazy Bread Combo,Sides,5.99,Regular,8,Nancy Garcia,Yes,"6311 Eastern Pkwy, Brooklyn, NY"
NOFY6452H2,2024-04-30,Buffalo Wings,Wings,9.49,8pc,3,Robert Smith,No,
6P6QF5Q14J,2024-08-25,Crazy Bread Combo,Sides,5.99,Regular,7,Patricia Anderson,No,
OHP6VZ41NA,2024-09-05,Caesar Wings,Wings,8.99,8pc,2,William Hernandez,Yes,"4781 Nostrand Ave, Brooklyn, NY"
T6VXDP5GJL,2024-07-18,ExtraMostBestest Cheese,Pizza,10.49,Large,4,Jessica Smith,Yes,"4571 Coney Island Ave, Brooklyn, NY"
YUHZ1GV0E3,2024-06-21,Supreme Pizza,Pizza,13.99,Large,8,James Moore,Yes,"1441 Fulton St, Brooklyn, NY"
M43D8W3ZP0,2024-02-25,Mountain Dew 2 Liter,Beverage,3.29,2L,5,Charles Davis,Yes,"3349 Atlantic Ave, Brooklyn, NY"
H2M5ZJA8DZ,2024-05-18,Mountain Dew 2 Liter,Beverage,3.29,2L,10,William Anderson,Yes,"4122 Atlantic Ave, Brooklyn, NY"
TMQLIZL08Y,2024-05-03,Veggie Pizza,Pizza,12.49,Large,4,Elizabeth Davis,Yes,"382 Atlantic Ave, Brooklyn, NY"
TZE5R5UQPG,2024-09-04,Classic Pepperoni Pizza,Pizza,9.49,Large,3,Mark Miller,Yes,
6KVPUC8D1W,2024-09-01,Classic Cheese Pizza,Pizza,8.99,Large,3,Lisa Johnson,Yes,"9553 Eastern Pkwy, Brooklyn, NY"
2V2HEIFJFC,2024-02-11,ExtraMostBestest Pepperoni,Pizza,10.49,Large,5,Susan Anderson,Yes,"2664 Flatbush Ave, Brooklyn, NY"
U89YJB1QX6,2024-10-31,Caesar Wings,Wings,8.99,8pc,3,Richard Rodriguez,Yes,"5082 Utica Ave, Brooklyn, NY"
QLL8OS9XTO,2024-10-26,Classic Pepperoni Pizza,Pizza,9.49,Large,9,David Brown,Yes,"6790 Kings Hwy, Brooklyn, NY"
VIFTTD96QE,2024-07-04,Classic Pepperoni Pizza,Pizza,9.49,Large,4,Michael Rodriguez,No,
2O7S3KKV9R,2024-09-12,Buffalo Wings,Wings,9.49,8pc,3,Linda Anderson,Yes,"8005 Fulton St, Brooklyn, NY"
R6N92XF8E8,2024-10-02,Classic Pepperoni Pizza,Pizza,9.49,Large,4,Joseph Hernandez,Yes,"9003 Coney Island Ave, Brooklyn, NY"
44NLZ15BCW,2024-02-21,ExtraMostBestest Cheese,Pizza,10.49,Large,4,Nancy Jones,Yes,"7586 Flatbush Ave, Brooklyn, NY"
NFTU2GC5WI,2024-04-26,2 Liter Diet Pepsi,Beverage,3.29,2L,1,Anthony Brown,No,
K8YQK94DNM,2024-03-14,2 Liter Diet Pepsi,Beverage,3.29,2L,2,Lisa Smith,Yes,"7629 Church Ave, Brooklyn, NY"
HGJ11YEDWB,2024-12-24,ExtraMostBestest Pepperoni,Pizza,10.49,Large,5,Anthony Johnson,Yes,"9372 Eastern Pkwy, Brooklyn, NY"
30ME8F8409,2024-01-18,Caesar Wings,Wings,8.99,8pc,3,Nancy Wilson,Yes,"4935 Kings Hwy, Brooklyn, NY"
A5U6HC36KO,2024-10-12,Mountain Dew 2 Liter,Beverage,3.29,2L,5,Joseph Lopez,Yes,"8891 Atlantic Ave, Brooklyn, NY"
X4W7KYHQIN,2024-01-20,Classic Pepperoni Pizza,Pizza,9.49,Large,8,Richard Anderson,Yes,"8907 Bedford Ave, Brooklyn, NY"
LF6A4FEJGX,2024-07-07,Aquafina Water,Beverage,1.99,20oz,9,John Miller,Yes,"2101 Fulton St, Brooklyn, NY"
B25SQ8CROY,2024-01-08,Classic Cheese Pizza,Pizza,8.99,Large,3,William Johnson,Yes,"358 Bedford Ave, Brooklyn, NY"
P2EX5T5P5O,2024-08-15,Veggie Pizza,Pizza,12.49,Large,1,Robert Rodriguez,Yes,"2530 Atlantic Ave, Brooklyn, NY"
YO57P6BKLD,2024-07-23,Buffalo Wings,Wings,9.49,8pc,4,William Lopez,Yes,"5220 Eastern Pkwy, Brooklyn, NY"
3WXA73JGZL,2024-03-20,Deep Dish Pepperoni,Pizza,11.99,Regular,4,Barbara Moore,No,
1BCPPVOHSM,2024-01-04,ExtraMostBestest Cheese,Pizza,10.49,Large,2,Robert Smith,Yes,"6666 Atlantic Ave, Brooklyn, NY"
PETIUYMO0P,2024-12-13,Classic Pepperoni Pizza,Pizza,9.49,Large,10,Mary Smith,Yes,"6575 Ocean Pkwy, Brooklyn, NY"
VSOLMLGSES,2024-02-09,Supreme Pizza,Pizza,13.99,Large,3,Patricia Gonzalez,Yes,"6943 Church Ave, Brooklyn, NY"
UWW5WFCPKJ,2024-06-27,2 Liter Diet Pepsi,Beverage,3.29,2L,8,Karen Jones,Yes,"3332 Bedford Ave, Brooklyn, NY"
Q3XLRFCD6M,2024-09-16,Classic Cheese Pizza,Pizza,8.99,Large,1,Barbara Martinez,Yes,"716 Flatbush Ave, Brooklyn, NY"
XCDYK0X65M,2024-09-15,Crazy Bread Combo,Sides,5.99,Regular,4,Joseph Taylor,No,
0YSXPNNGH8,2024-03-13,Deep Dish Cheese,Pizza,11.49,Regular,3,Matthew Gonzalez,No,
FPOYIPK0QT,2024-04-25,Veggie Pizza,Pizza,12.49,Large,2,Anthony Moore,Yes,"1757 Court St, Brooklyn, NY"
N7ZSEDFQS3,2024-08-28,ExtraMostBestest Pepperoni,Pizza,10.49,Large,2,Joseph Martinez,Yes,"9445 Fulton St, Brooklyn, NY"
DZMFB7R31Q,2024-04-23,Classic Cheese Pizza,Pizza,8.99,Large,4,Susan Johnson,No,
VASIFPWIOX,2024-02-10,Crazy Bread,Sides,4.99,Regular,5,Sarah Martin,No,
LBT3G2QZW3,2024-07-03,Classic Cheese Pizza,Pizza,8.99,Large,1,Daniel Gonzalez,Yes,"7802 Flatbush Ave, Brooklyn, NY"
25LEN606N9,2024-08-22,Classic Cheese Pizza,Pizza,8.99,Large,1,David Martinez,Yes,"3368 Flatbush Ave, Brooklyn, NY"
VPYMB5M9J9,2024-09-11,Veggie Pizza,Pizza,12.49,Large,3,Nancy Wilson,No,
QNPCENLK8A,2024-02-08,Mountain Dew 2 Liter,Beverage,3.29,2L,4,Robert Martin,Yes,"2721 Flatbush Ave, Brooklyn, NY"
6QDY4LMCT6,2024-09-22,Classic Pepperoni Pizza,Pizza,9.49,Large,10,Joseph Miller,Yes,"4364 Utica Ave, Brooklyn, NY"
ZS13C9XQYM,2024-12-30,2 Liter Pepsi,Beverage,3.29,2L,6,Linda Thomas,Yes,"3392 Bedford Ave, Brooklyn, NY"
8JWWDXVUGW,2024-10-09,2 Liter Pepsi,Beverage,3.29,2L,2,Thomas Jones,Yes,"1007 Atlantic Ave, Brooklyn, NY"
TXKI3OQYFO,2024-06-21,2 Liter Diet Pepsi,Beverage,3.29,2L,4,Anthony Jackson,No,
DKNWI5FLUL,2024-06-23,Supreme Pizza,Pizza,13.99,Large,6,Sandra Lopez,No,
4YKADEJNOB,2024-09-12,Italian Cheese Bread,Sides,6.49,Regular,4,Jessica Smith,No,
2M71HSSBEL,2024-10-14,Classic Cheese Pizza,Pizza,8.99,Large,2,Thomas Anderson,Yes,"1304 Coney Island Ave, Brooklyn, NY"
3NY9V20YAR,2024-08-21,Veggie Pizza,Pizza,12.49,Large,2,Richard Martin,Yes,"5318 Bedford Ave, Brooklyn, NY"
PPOHSWQ40Z,2024-10-23,Mountain Dew 2 Liter,Beverage,3.29,2L,2,Daniel Martin,Yes,"2893 Court St, Brooklyn, NY"
GIUI9KKHZL,2024-10-14,Deep Dish Pepperoni,Pizza,11.99,Regular,3,Joseph Moore,Yes,"5240 Bedford Ave, Brooklyn, NY"
PJRHT7ZEWV,2024-05-20,ExtraMostBestest Cheese,Pizza,10.49,Large,3,Donald Gonzalez,Yes,"8999 Coney Island Ave, Brooklyn, NY"
KC1XI04B7P,2024-12-08,ExtraMostBestest Pepperoni,Pizza,10.49,Large,5,Jessica Brown,Yes,"5511 Utica Ave, Brooklyn, NY"
QGEFQJG02U,2024-01-19,2 Liter Pepsi,Beverage,3.29,2L,4,James Martinez,Yes,"4842 Flatbush Ave, Brooklyn, NY"
0AXYCELOS6,2024-03-30,Italian Cheese Bread,Sides,6.49,Regular,9,Robert Thomas,Yes,"1662 Bedford Ave, Brooklyn, NY"
31YV2STN7E,2024-06-08,Crazy Bread Combo,Sides,5.99,Regular,5,Jessica Jones,Yes,"3690 Bedford Ave, Brooklyn, NY"
UUYLAJAHCP,2024-09-15,Buffalo Wings,Wings,9.49,8pc,8,Patricia Miller,Yes,"8625 Fulton St, Brooklyn, NY"
7NC85E4E9O,2024-10-04,Crazy Bread Combo,Sides,5.99,Regular,1,Jessica Johnson,No,
51BXW76ICV,2024-04-24,Classic Pepperoni Pizza,Pizza,9.49,Large,1,Joseph Moore,No,
30LVYLKFXH,2024-12-10,Supreme Pizza,Pizza,13.99,Large,1,Richard Anderson,No,
Z36U8UEIHX,2024-02-01,ExtraMostBestest Pepperoni,Pizza,10.49,Large,2,Daniel Gonzalez,Yes,"868 Kings Hwy, Brooklyn, NY"
8A78E9RIVH,2024-07-08,2 Liter Diet Pepsi,Beverage,3.29,2L,3,Sandra Williams,Yes,"9978 Flatbush Ave, Brooklyn, NY"
OUHFJ7UPFL,2024-10-09,2 Liter Diet Pepsi,Beverage,3.29,2L,3,Barbara Martinez,Yes,"8843 Eastern Pkwy, Brooklyn, NY"
S4C3BAEWCF,2024-05-05,ExtraMostBestest Cheese,Pizza,10.49,Large,10,Daniel Thomas,Yes,"8105 Utica Ave, Brooklyn, NY"
7G7SIWJM2C,2024-08-21,ExtraMostBestest Pepperoni,Pizza,10.49,Large,3,Jessica Smith,Yes,"8016 Eastern Pkwy, Brooklyn, NY"
CAGRP2U4DT,2024-08-23,Mountain Dew 2 Liter,Beverage,3.29,2L,4,Sandra Williams,No,
OCFI4O6L1F,2024-04-18,Classic Cheese Pizza,Pizza,8.99,Large,4,Ashley Rodriguez,Yes,"1318 Eastern Pkwy, Brooklyn, NY"
PYXDW2ZCFZ,2024-02-10,Aquafina Water,Beverage,1.99,20oz,5,Karen Martin,Yes,"1345 Kings Hwy, Brooklyn, NY"
ND669UGNEK,2024-07-18,Crazy Bread,Sides,4.99,Regular,3,Joseph Lopez,No,
AO4N5PP3XV,2024-02-02,Veggie Pizza,Pizza,12.49,Large,2,Betty Williams,Yes,"5011 Fulton St, Brooklyn, NY"
H9G1A07H23,2024-11-04,ExtraMostBestest Pepperoni,Pizza,10.49,Large,2,Elizabeth Thomas,Yes,"6624 Kings Hwy, Brooklyn, NY"
M6TWD1XMXB,2024-07-28,Classic Cheese Pizza,Pizza,8.99,Large,7,Susan Gonzalez,Yes,"2625 Utica Ave, Brooklyn, NY"
YF9RK7D30M,2024-12-12,Aquafina Water,Beverage,1.99,20oz,8,Linda Taylor,Yes,"1715 Church Ave, Brooklyn, NY"
IGFU8IOGXP,2024-04-15,ExtraMostBestest Cheese,Pizza,10.49,Large,4,Matthew Anderson,Yes,"7278 Utica Ave, Brooklyn, NY"
R8LNOEMQGY,2024-11-10,Classic Cheese Pizza,Pizza,8.99,Large,7,William Williams,Yes,"3619 Nostrand Ave, Brooklyn, NY"
9TRFLQBMAE,2024-11-10,Caesar Wings,Wings,8.99,8pc,4,Jennifer Lopez,Yes,"5103 Atlantic Ave, Brooklyn, NY"
01TEE13N3B,2024-10-14,Buffalo Wings,Wings,9.49,8pc,4,Susan Anderson,No,
91I3VMZWFF,2024-10-06,Crazy Bread Combo,Sides,5.99,Regular,7,Daniel Davis,No,
E1OCJXZEFL,2024-04-15,Classic Pepperoni Pizza,Pizza,9.49,Large,1,Jennifer Hernandez,Yes,"9878 Court St, Brooklyn, NY"
LA100QXMCT,2024-12-12,ExtraMostBestest Pepperoni,Pizza,10.49,Large,9,Susan Gonzalez,Yes,"4502 Eastern Pkwy, Brooklyn, NY"
HYEXF7JXJN,2024-08-07,ExtraMostBestest Pepperoni,Beverage,10.49,Large,2,Sarah Jackson,No,
PECN0DL5E1,2024-03-25,2 Liter Diet Pepsi,Sides,3.29,2L,1,Daniel Williams,Yes,"3936 Coney Island Ave, Brooklyn, NY"
FJDTVV2Y4X,2024-03-09,Italian Cheese Bread,Sides,6.49,Regular,4,Barbara Miller,Yes,"2788 Fulton St, Brooklyn, NY"
NY181ACJBC,2024-09-22,ExtraMostBestest Pepperoni,Pizza,10.49,Large,7,Richard Brown,Yes,"4021 Fulton St, Brooklyn, NY"
LP8II7EWBX,2024-09-16,Caesar Wings,Wings,8.99,8pc,3,Daniel Moore,Yes,"6690 Atlantic Ave, Brooklyn, NY"
2J51B3JCZU,2024-03-30,Crazy Bread,Sides,4.99,Regular,3,Jennifer Thomas,No,
QNF74T60PL,2024-08-21,Classic Cheese Pizza,Pizza,8.99,Large,3,Barbara Garcia,Yes,"9387 Bedford Ave, Brooklyn, NY"
K20IN8910T,2024-06-12,3 Meat Treat Pizza,Pizza,12.99,Large,5,Linda Taylor,No,
ZD76SZN9DD,2024-03-18,Caesar Wings,Wings,8.99,8pc,1,Daniel Smith,Yes,"8972 Kings Hwy, Brooklyn, NY"
7E1DDQLEM1,2024-07-20,Classic Pepperoni Pizza,Pizza,9.49,Large,7,Elizabeth Rodriguez,Yes,"2241 Nostrand Ave, Brooklyn, NY"
4UTDD2EC2I,2024-08-25,Supreme Pizza,Pizza,13.99,Large,5,Matthew Martin,No,
3OBYGHGK5B,2024-07-24,Classic Pepperoni Pizza,Pizza,9.49,Large,3,James Williams,No,
ANZR2MULJA,2024-05-05,Crazy Bread,Sides,4.99,Regular,8,Jessica Johnson,No,
T2018U9N79,2024-01-16,Crazy Bread,Sides,4.99,Regular,3,Jessica Taylor,No,
RLRDIHSA7H,2024-05-01,Classic Pepperoni Pizza,Pizza,9.49,Large,3,James Lopez,No,
EF828XG8Y7,2024-03-31,Classic Pepperoni Pizza,Pizza,9.49,Large,5,Sandra Taylor,Yes,"2420 Atlantic Ave, Brooklyn, NY"
78HU7F0I9G,2024-04-24,Caesar Wings,Wings,8.99,8pc,2,Jennifer Smith,Yes,"4925 Bedford Ave, Brooklyn, NY"
MN32U1IQ2B,2024-02-15,2 Liter Pepsi,Beverage,3.29,2L,3,Matthew Williams,Yes,"3535 Nostrand Ave, Brooklyn, NY"
6FDHGZZ0JK,2024-05-13,Classic Cheese Pizza,Pizza,8.99,Large,1,Nancy Williams,Yes,"6251 Bedford Ave, Brooklyn, NY"
C4LORXDTG5,2024-01-26,ExtraMostBestest Pepperoni,Pizza,10.49,Large,4,Susan Williams,Yes,"6011 Flatbush Ave, Brooklyn, NY"
3PT5R5RC6Z,2024-08-16,ExtraMostBestest Cheese,Pizza,10.49,Large,1,Mark Rodriguez,No,
6CNOLJQ52W,2024-09-21,Veggie Pizza,Pizza,12.49,Large,4,Betty Miller,Yes,"2838 Nostrand Ave, Brooklyn, NY"
VBJFVYB6LI,2024-08-02,Deep Dish Pepperoni,Pizza,11.99,Regular,1,Charles Brown,Yes,"9383 Ocean Pkwy, Brooklyn, NY"
L0VDP6ORSN,2024-05-17,Italian Cheese Bread,Sides,6.49,Regular,3,William Thomas,Yes,"5065 Church Ave, Brooklyn, NY"
CBBMHNQO7Y,2024-03-22,Classic Cheese Pizza,Pizza,8.99,Large,1,Richard Jones,No,
4XYJOA21A6,2024-09-07,ExtraMostBestest Pepperoni,Pizza,10.49,Large,7,Jennifer Rodriguez,Yes,"5830 Kings Hwy, Brooklyn, NY"
ODSX4NXVKD,2024-11-03,Crazy Bread,Sides,4.99,Regular,4,Matthew Rodriguez,Yes,"5104 Utica Ave, Brooklyn, NY"
ZX9JPNBZUG,2024-05-21,Classic Cheese Pizza,Pizza,8.99,Large,3,Robert Taylor,Yes,"4995 Nostrand Ave, Brooklyn, NY"
I5P5NVQEBW,2024-04-23,Italian Cheese Bread,Sides,6.49,Regular,4,Donald Moore,Yes,"2885 Eastern Pkwy, Brooklyn, NY"
HOU6QLZ2RW,2024-11-13,Deep Dish Cheese,Pizza,11.49,Regular,1,Thomas Brown,No,
0861TAA0I5,2024-11-20,Classic Pepperoni Pizza,Pizza,9.49,Large,1,Charles Garcia,No,
MG87OI0E0V,2024-02-22,ExtraMostBestest Cheese,Pizza,10.49,Large,4,Elizabeth Anderson,Yes,"849 Church Ave, Brooklyn, NY"
FZWKXXJVE3,2024-07-06,Classic Pepperoni Pizza,Pizza,9.49,Large,6,Karen Johnson,No,
6YRIADDUR8,2024-11-12,Classic Cheese Pizza,Pizza,8.99,Large,1,Michael Martin,No,
6AEXL68J0N,2024-02-08,Caesar Wings,Wings,8.99,8pc,1,William,Yes,"7583 Church Ave, Brooklyn, NY"
094D6RUPW2,2024-02-28,ExtraMostBestest Cheese,Pizza,10.49,Large,4,William Gonzalez,No,
9YMSZDXIMY,2024-12-16,Crazy Bread,Sides,4.99,Regular,7,Mary Williams,Yes,"6838 Fulton St, Brooklyn, NY"
Q4QERXDOUA,2024-10-12,ExtraMostBestest Cheese,Pizza,10.49,Large,3,Sandra Garcia,Yes,"7788 Fulton St, Brooklyn, NY"
QDXAMW2TND,2024-11-05,Classic Cheese Pizza,Pizza,8.99,Large,3,Barbara Johnson,Yes,"7574 Kings Hwy, Brooklyn, NY"
YE6QVS8A0T,2024-09-09,2 Liter Diet Pepsi,Beverage,3.29,2L,2,Patricia Gonzalez,Yes,"3309 Nostrand Ave, Brooklyn, NY"
IOMK2EV5S4,2024-10-26,3 Meat Treat Pizza,Pizza,12.99,Large,10,Jennifer Jones,No,
UU7ZY6T5PA,2024-06-09,Deep Dish Pepperoni,Pizza,11.99,Regular,5,Barbara Jones,Yes,"4860 Eastern Pkwy, Brooklyn, NY"
IXNS2ZYBNO,2024-07-14,Classic Cheese Pizza,Pizza,8.99,Large,4,Lisa Rodriguez,Yes,"2736 Church Ave, Brooklyn, NY"
18KGYGGSNP,2024-12-16,Caesar Wings,Wings,8.99,8pc,9,Karen,Yes,"4217 Nostrand Ave, Brooklyn, NY"
CZS8S2FTOM,2024-03-07,Deep Dish Cheese,Pizza,11.49,Regular,2,Ashley Jones,Yes,"7740 Utica Ave, Brooklyn, NY"
8YL68NTK63,2024-12-05,2 Liter Pepsi,Beverage,3.29,2L,3,Thomas Thomas,Yes,"3679 Ocean Pkwy, Brooklyn, NY"
Z91X70FQLD,2024-09-17,ExtraMostBestest Cheese,Pizza,10.49,Large,4,Thomas Williams,Yes,"3254 Kings Hwy, Brooklyn, NY"
1VZC7D2KD1,2024-05-08,Classic Cheese Pizza,Pizza,8.99,Large,1,Susan Gonzalez,Yes,
8A5FBUOTDH,2024-07-21,Supreme Pizza,Pizza,13.99,Large,6,Richard Moore,Yes,"2334 Utica Ave, Brooklyn, NY"
QTKCD0RLEX,2024-06-25,Italian Cheese Bread,Sides,6.49,Regular,7,Mark Rodriguez,Yes,"3717 Ocean Pkwy, Brooklyn, NY"
MYLRQ1RDXC,2024-11-13,Classic Cheese Pizza,Pizza,8.99,Large,1,Karen Martinez,Yes,"7483 Kings Hwy, Brooklyn, NY"
1HBJ6TXFO6,2024-03-12,ExtraMostBestest Pepperoni,Pizza,10.49,Large,2,Daniel Williams,No,
U5F07B1IJI,2024-05-28,Crazy Bread,Sides,4.99,Regular,2,Barbara Taylor,Yes,"1583 Coney Island Ave, Brooklyn, NY"
NNV6CJ9IO3,2024-09-22,Crazy Bread Combo,Sides,5.99,Regular,8,Donald Johnson,No,
ZRRHF4ABUF,2024-09-03,ExtraMostBestest Cheese,Pizza,10.49,Large,1,Thomas Rodriguez,Yes,"3868 Atlantic Ave, Brooklyn, NY"
VQRHOFU1WS,2024-01-21,Crazy Bread,Sides,4.99,Regular,4,Richard Martin,Yes,"3049 Court St, Brooklyn, NY"
WB2SEREV36,2024-12-17,Classic Pepperoni Pizza,Pizza,9.49,Large,8,Patricia Smith,Yes,"6415 Bedford Ave, Brooklyn, NY"
ZDERI4K5OG,2024-11-28,Caesar Wings,Wings,8.99,8pc,4,Thomas Wilson,Yes,"811 Utica Ave, Brooklyn, NY"
OHTUGUR9U1,2024-01-04,Crazy Bread Combo,Sides,5.99,Regular,1,Betty Hernandez,Yes,"3465 Utica Ave, Brooklyn, NY"
ADF7PCHCBN,2024-03-11,3 Meat Treat Pizza,Pizza,12.99,Large,1,Michael Taylor,Yes,"2750 Atlantic Ave, Brooklyn, NY"
BVSIGBIAF9,2024-11-10,Aquafina Water,Beverage,1.99,20oz,9,Mark Garcia,No,
QOAGSUSMES,2024-06-29,Caesar Wings,Wings,8.99,8pc,9,Sarah Martinez,Yes,"1224 Atlantic Ave, Brooklyn, NY"
AECW9YIL8S,2024-10-02,ExtraMostBestest Pepperoni,Pizza,10.49,Large,3,Charles Thomas,No,
RH05HHIWFD,2024-05-14,Classic Cheese Pizza,Pizza,8.99,Large,2,Sarah Garcia,Yes,"5703 Atlantic Ave, Brooklyn, NY"
JG1SO1ESP7,2024-12-12,2 Liter Diet Pepsi,Beverage,3.29,,10,Sarah Johnson,No,
TIQWNRHZN4,2024-06-26,Classic Cheese Pizza,Pizza,8.99,Large,7,Matthew Taylor,No,
RAPE6WTLRJ,2024-04-02,ExtraMostBestest Pepperoni,Pizza,10.49,Large,2,Nancy Rodriguez,No,
U7JAE58HUX,2024-01-25,2 Liter Pepsi,Beverage,3.29,2L,4,Mary Miller,No,
MWU4CFILKJ,2024-05-25,Classic Pepperoni Pizza,Pizza,9.49,Large,7,Joseph Williams,No,
S9DWD7OI0P,2024-05-18,Crazy Bread,Sides,4.99,Regular,8,Robert Davis,No,
VQ05PXT6RI,2024-09-26,Classic Pepperoni Pizza,Pizza,9.49,Large,2,Sandra Thomas,Yes,"5946 Kings Hwy, Brooklyn, NY"
APKIANOUOF,2024-06-06,Classic Cheese Pizza,Wings,8.99,Large,3,James Taylor,Yes,"5073 Flatbush Ave, Brooklyn, NY"
O4GKWWJWGA,2024-07-18,Italian Cheese Bread,Sides,6.49,Regular,4,Linda Taylor,Yes,"7017 Eastern Pkwy, Brooklyn, NY"
2L48C1CQG4,2024-09-30,Classic Cheese Pizza,Pizza,8.99,Large,1,Elizabeth Rodriguez,No,
LLWB7SJWH5,2024-01-07,Buffalo Wings,Wings,9.49,8pc,4,Joseph Davis,No,
1IRYM81CMF,2024-04-21,2 Liter Pepsi,Beverage,3.29,2L,4,Charles Brown,Yes,"2842 Church Ave, Brooklyn, NY"
RPKZGGM0J3,2024-02-24,Deep Dish Pepperoni,Pizza,11.99,Regular,7,Anthony Lopez,Yes,"9248 Eastern Pkwy, Brooklyn, NY"
NWLC83GY1F,2024-10-10,2 Liter Diet Pepsi,Beverage,3.29,2L,2,Mark Rodriguez,Yes,"7462 Church Ave, Brooklyn, NY"
ZA7X73QXM0,2024-07-28,ExtraMostBestest Pepperoni,Pizza,10.49,Large,5,Mark Jones,Yes,"1192 Flatbush Ave, Brooklyn, NY"
UU01UYZPD2,2024-07-07,2 Liter Pepsi,Beverage,3.29,2L,10,Mark Martinez,No,
LITNT0MQ8A,2024-09-15,Deep Dish Pepperoni,Pizza,11.99,Regular,6,Donald Hernandez,No,
JTU7FBMENU,2024-05-25,Classic Cheese Pizza,Pizza,8.99,Large,7,Elizabeth Smith,No,
UCC1M3O55I,2024-06-02,ExtraMostBestest Pepperoni,Pizza,10.49,Large,7,John Hernandez,Yes,"3662 Utica Ave, Brooklyn, NY"
DP2FMR0TJO,2024-11-04,Crazy Bread,Sides,4.99,Regular,1,David Moore,Yes,"8691 Flatbush Ave, Brooklyn, NY"
7DYPMLVAK9,2024-12-23,Supreme Pizza,Pizza,13.99,Large,5,Daniel Jackson,Yes,"8093 Coney Island Ave, Brooklyn, NY"
QL0HT1TW9Z,2024-08-14,Crazy Bread,Sides,4.99,Regular,2,Lisa Lopez,Yes,"3925 Nostrand Ave, Brooklyn, NY"
5XIN9DL5TG,2024-07-11,Crazy Bread Combo,Sides,5.99,Regular,1,Betty Martin,Yes,"4753 Nostrand Ave, Brooklyn, NY"
W563BTKF6X,2024-08-22,Veggie Pizza,Pizza,12.49,Large,1,David Thomas,Yes,"8773 Church Ave, Brooklyn, NY"
SE99F77LU8,2024-07-14,Classic Cheese Pizza,Pizza,8.99,Large,7,Ashley Martin,Yes,"7087 Church Ave, Brooklyn, NY"
GEA9WVWVIA,2024-06-11,Classic Pepperoni Pizza,Pizza,9.49,Large,4,Susan Wilson,No,
YHHG8PWY55,2024-09-01,Classic Cheese Pizza,Pizza,8.99,Large,8,Barbara Garcia,No,
BN18GP51KF,2024-01-22,3 Meat Treat Pizza,Pizza,12.99,Large,4,Sarah Taylor,Yes,"9470 Ocean Pkwy, Brooklyn, NY"
Y62ZEEQNSN,2024-01-28,ExtraMostBestest Pepperoni,Pizza,10.49,Large,7,Jennifer Jackson,Yes,"8302 Atlantic Ave, Brooklyn, NY"
QWEEHWJQ4T,2024-09-18,Caesar Wings,Wings,8.99,8pc,2,Ashley Hernandez,Yes,"819 Bedford Ave, Brooklyn, NY"
XB4Y4K7BPG,2024-09-09,Classic Cheese Pizza,Pizza,8.99,Large,2,Susan Anderson,Yes,"7894 Fulton St, Brooklyn, NY"
JSSZWD0W9R,2024-11-08,Crazy Bread Combo,Sides,5.99,Regular,2,Barbara Johnson,No,
KGEQ20HWOB,2024-12-27,Crazy Bread Combo,Sides,5.99,Regular,8,Barbara Jones,Yes,"9523 Ocean Pkwy, Brooklyn, NY"
G47RRBEFQ5,2024-11-22,ExtraMostBestest Cheese,Pizza,10.49,Large,2,Betty Williams,No,
W4UOV51ZLB,2024-08-24,2 Liter Diet Pepsi,Beverage,3.29,2L,9,Charles Hernandez,Yes,"406 Nostrand Ave, Brooklyn, NY"
S1F537YE0Q,2024-09-11,3 Meat Treat Pizza,Pizza,12.99,Large,2,Thomas Martinez,Yes,"5058 Nostrand Ave, Brooklyn, NY"
HHKT1YJFE8,2024-09-24,Crazy Bread Combo,Sides,5.99,Regular,1,Sandra Martin,Yes,"821 Eastern Pkwy, Brooklyn, NY"
VV4ZWL3ZYT,2024-02-22,Deep Dish Cheese,Pizza,11.49,Regular,2,Matthew Martinez,Yes,"4540 Bedford Ave, Brooklyn, NY"
4LRCER4KMU,2024-08-26,Aquafina Water,Beverage,1.99,20oz,3,Daniel Anderson,Yes,"5185 Eastern Pkwy, Brooklyn, NY"
3V2P2TIXC7,2024-07-26,Deep Dish Pepperoni,Pizza,11.99,Regular,1,Sarah Anderson,Yes,"1262 Church Ave, Brooklyn, NY"
56WAFFTOUH,2024-09-06,Deep Dish Cheese,Pizza,11.49,Regular,1,Jennifer Martinez,Yes,"1699 Fulton St, Brooklyn, NY"
44C68AU9DK,2024-06-11,Crazy Bread Combo,Sides,5.99,Regular,9,Ashley Wilson,No,
5EAXF5X9EE,2024-08-09,Classic Cheese Pizza,Pizza,8.99,Large,4,Richard Gonzalez,No,
UBBRNU8C0S,2024-08-21,Caesar Wings,Wings,8.99,8pc,4,Mark Anderson,Yes,"7048 Court St, Brooklyn, NY"
P82KB700UC,2024-05-23,2 Liter Pepsi,Beverage,3.29,2L,5,Daniel Moore,Yes,"1379 Eastern Pkwy, Brooklyn, NY"
AEGVFQ3JZR,2024-03-27,Veggie Pizza,Pizza,12.49,Large,1,Karen Smith,No,
GU4BJ3BQRR,2024-01-17,Caesar Wings,Wings,8.99,8pc,3,Karen Jones,No,
8P74MJDXO1,2024-09-29,Mountain Dew 2 Liter,Beverage,3.29,2L,7,Sandra Wilson,Yes,"2478 Court St, Brooklyn, NY"
CV6HVE8DVN,2024-12-10,Italian Cheese Bread,Sides,6.49,Regular,2,Sarah Smith,Yes,"3047 Kings Hwy, Brooklyn, NY"
61LFC1NLC8,2024-11-27,Italian Cheese Bread,Sides,6.49,Regular,2,William Martinez,No,
JBC01ARXAB,2024-08-13,ExtraMostBestest Pepperoni,Pizza,10.49,Large,1,Michael Martin,No,
Y2ET9MKB9X,2024-03-18,3 Meat Treat Pizza,Pizza,12.99,Large,3,Anthony Thomas,Yes,"8544 Utica Ave, Brooklyn, NY"
BA9IN2XR83,2024-06-23,ExtraMostBestest Cheese,Pizza,10.49,Large,6,Mary Gonzalez,Yes,"2993 Court St, Brooklyn, NY"
7BFXQ7BZEG,2024-01-09,Mountain Dew 2 Liter,Beverage,3.29,2L,1,Patricia Miller,Yes,"801 Coney Island Ave, Brooklyn, NY"
TL8HBGCJ1G,2024-06-06,Classic Cheese Pizza,Pizza,8.99,Large,1,Mark Brown,Yes,"9783 Atlantic Ave, Brooklyn, NY"
KY2REFJQIG,2024-03-25,ExtraMostBestest Cheese,Pizza,10.49,Large,4,Mary Jones,No,
QWHBEF46RF,2024-11-01,Crazy Bread Combo,Sides,5.99,Regular,2,Mark Martinez,Yes,"1542 Eastern Pkwy, Brooklyn, NY"
L2LD05NHQR,2024-01-28,2 Liter Diet Pepsi,Beverage,3.29,2L,7,Betty Anderson,Yes,"5577 Ocean Pkwy, Brooklyn, NY"
1HKF286UTI,2024-03-15,2 Liter Pepsi,Beverage,3.29,2L,2,Joseph Miller,Yes,"6219 Bedford Ave, Brooklyn, NY"
UA9BQ1BTR2,2024-09-24,3 Meat Treat Pizza,Pizza,12.99,Large,4,James Wilson,Yes,"7681 Church Ave, Brooklyn, NY"
QEZG5WZAWN,2024-08-19,Buffalo Wings,Wings,9.49,8pc,4,Nancy Wilson,No,
B8Y5DNWNGU,2024-09-28,Crazy Bread Combo,Sides,5.99,Regular,5,Matthew Martin,No,
PBNQS3QT36,2024-12-29,Classic Cheese Pizza,Pizza,8.99,Large,5,Jessica Jackson,Yes,"1960 Eastern Pkwy, Brooklyn, NY"
TEMPXKC5I8,2024-07-07,Supreme Pizza,Pizza,13.99,Large,4,Elizabeth Williams,Yes,"6500 Bedford Ave, Brooklyn, NY"
K8WFTGGZ62,2024-07-29,Crazy Bread,Sides,4.99,Regular,3,Joseph Anderson,Yes,"8786 Court St, Brooklyn, NY"
TEA7187F8T,2024-02-29,Classic Pepperoni Pizza,Pizza,9.49,Large,1,Barbara Garcia,Yes,"7323 Church Ave, Brooklyn, NY"
6FTLO4QDBX,2024-11-27,Deep Dish Pepperoni,Pizza,11.99,Regular,3,Anthony Jackson,No,
OZPNAMLQUH,2024-04-23,Deep Dish Cheese,Pizza,11.49,Regular,3,Lisa Williams,Yes,"8921 Fulton St, Brooklyn, NY"
9SM7VNAWJG,2024-07-31,2 Liter Pepsi,Beverage,3.29,2L,7,Donald Wilson,No,
XWEXKG6XB1,2024-10-17,Supreme Pizza,Pizza,13.99,Regular,2,Sarah Thomas,Yes,"6354 Church Ave, Brooklyn, NY"
QYMBNW8BKX,2024-02-04,Veggie Pizza,Sides,12.49,Large,9,Lisa Thomas,Yes,"4325 Eastern Pkwy, Brooklyn, NY"
3ASNRM6DFH,2024-04-09,Classic Cheese Pizza,Pizza,8.99,Large,2,David Hernandez,Yes,"2838 Court St, Brooklyn, NY"
V1MZB3I4FI,2024-10-13,Classic Pepperoni Pizza,Pizza,9.49,Large,6,Patricia Jones,No,
H6GMD478MF,2024-03-07,Classic Pepperoni Pizza,Pizza,9.49,Large,1,Betty Brown,No,
ZGYD49PSO1,2024-11-09,Veggie Pizza,Pizza,12.49,Large,8,Thomas Miller,Yes,"9572 Flatbush Ave, Brooklyn, NY"
O9P4627NAY,2024-08-26,ExtraMostBestest Cheese,Pizza,10.49,Large,1,Elizabeth Moore,Yes,"6018 Utica Ave, Brooklyn, NY"
IPR11V127M,2024-07-21,Crazy Bread Combo,Sides,5.99,Regular,10,Matthew Jackson,Yes,"6568 Coney Island Ave, Brooklyn, NY"
VLKW1XSRQK,2024-07-26,Crazy Bread Combo,Sides,5.99,Regular,4,Patricia Rodriguez,Yes,"7548 Atlantic Ave, Brooklyn, NY"
X25FPLO1UR,2024-09-15,Veggie Pizza,Pizza,12.49,Large,9,Sarah Moore,No,
EN3V1WNP9O,2024-10-03,Deep Dish Cheese,Pizza,11.49,Regular,4,Mary Gonzalez,Yes,"2660 Court St, Brooklyn, NY"
NOU3DYMS1M,2024-05-05,Classic Cheese Pizza,Pizza,8.99,Large,5,Patricia Hernandez,Yes,"1173 Church Ave, Brooklyn, NY"
UVJUTPMC3S,2024-07-05,Crazy Bread,Sides,4.99,Regular,4,Michael Martinez,Yes,"1334 Court St, Brooklyn, NY"
X37JW34670,2024-12-05,ExtraMostBestest Pepperoni,Pizza,10.49,Large,3,Thomas Anderson,Yes,"4216 Ocean Pkwy, Brooklyn, NY"
KFYIIFA2LR,2024-04-12,Classic Cheese Pizza,Pizza,8.99,Large,3,Lisa Martinez,Yes,"2565 Utica Ave, Brooklyn, NY"
Y5O44IUSEX,2024-08-04,Aquafina Water,Beverage,1.99,20oz,6,Lisa Moore,Yes,"4333 Church Ave, Brooklyn, NY"
FG8PJVRN8L,2024-09-25,Deep Dish Cheese,Pizza,11.49,Regular,3,Linda Martin,No,
YTIPA877K7,2024-12-15,3 Meat Treat Pizza,Pizza,12.99,Large,6,James Martin,Yes,"6125 Church Ave, Brooklyn, NY"
33ZSMV30QA,2024-06-01,Italian Cheese Bread,Sides,6.49,Regular,5,William Williams,Yes,"6756 Flatbush Ave, Brooklyn, NY"
7Q5EGVLKDN,2024-11-24,Classic Cheese Pizza,Pizza,8.99,Large,7,Elizabeth Hernandez,Yes,"3378 Eastern Pkwy, Brooklyn, NY"
GOPJDN8EZP,2024-07-12,3 Meat Treat Pizza,Pizza,12.99,Large,2,Ashley Moore,No,
POFKJW6NYQ,2024-08-20,2 Liter Diet Pepsi,Beverage,3.29,2L,5,Michael Rodriguez,No,
8V0BJWKON8,2024-03-09,Classic Cheese Pizza,Pizza,8.99,Large,8,Matthew Wilson,No,
1JL6L91F4X,2024-10-24,Deep Dish Cheese,Pizza,11.49,Regular,2,Donald Anderson,Yes,"8174 Kings Hwy, Brooklyn, NY"
RR45ED5GGS,2024-01-28,Caesar Wings,Wings,8.99,8pc,5,William Garcia,Yes,"687 Fulton St, Brooklyn, NY"
DLBQZRWJXL,2024-12-05,ExtraMostBestest Pepperoni,Pizza,10.49,Large,2,Susan Williams,Yes,"9451 Bedford Ave, Brooklyn, NY"
DJI1OAHNOX,2024-11-14,Classic Cheese Pizza,Pizza,8.99,Large,4,Nancy Jackson,No,
VDPNGWDS9Y,2024-03-19,Mountain Dew 2 Liter,Beverage,3.29,2L,1,Betty Martinez,Yes,"7183 Utica Ave, Brooklyn, NY"
T7SSOQZ3MV,2024-12-31,Crazy Bread,Sides,4.99,Regular,7,Ashley Thomas,Yes,"7265 Atlantic Ave, Brooklyn, NY"
M73HC9JYPA,2024-01-09,Caesar Wings,Wings,8.99,8pc,1,Mary Williams,Yes,"3085 Coney Island Ave, Brooklyn, NY"
Y2DEG3ZGAR,2024-01-07,3 Meat Treat Pizza,Pizza,12.99,Large,7,Sandra Martin,No,
U4BAWZ940V,2024-05-03,Classic Pepperoni Pizza,Pizza,9.49,Large,4,Jessica Wilson,Yes,"7692 Bedford Ave, Brooklyn, NY"
C6PRR7MZAK,2024-05-28,Deep Dish Cheese,Pizza,11.49,8pc,1,Nancy Martin,Yes,"8510 Ocean Pkwy, Brooklyn, NY"
4WK0YEHVDO,2024-06-25,Classic Pepperoni Pizza,Pizza,9.49,Large,7,Sandra Anderson,Yes,"5656 Ocean Pkwy, Brooklyn, NY"
MMB5JFYSYZ,2024-06-04,Aquafina Water,Beverage,1.99,20oz,4,Barbara Rodriguez,No,
S0DXME4PO1,2024-08-12,2 Liter Diet Pepsi,Beverage,3.29,2L,5,Karen Brown,No,
Q42NBFA37D,2024-08-30,ExtraMostBestest Pepperoni,Pizza,10.49,Large,3,Barbara Wilson,Yes,"1496 Church Ave, Brooklyn, NY"
TK06AKT7ZQ,2024-03-25,ExtraMostBestest Cheese,Pizza,10.49,Large,4,Ashley Jones,Yes,"707 Eastern Pkwy, Brooklyn, NY"
SLMWA6TJ3K,2024-10-05,Classic Pepperoni Pizza,Pizza,9.49,Large,8,Donald Martinez,No,
9U6WTVMK2Z,2024-09-15,3 Meat Treat Pizza,Sides,12.99,Large,3,Patricia Johnson,Yes,"8414 Kings Hwy, Brooklyn, NY"
SOJRPP7R93,2024-12-31,Crazy Bread Combo,Sides,5.99,Regular,10,Michael Lopez,Yes,"8561 Ocean Pkwy, Brooklyn, NY"
N9KR2FVB66,2024-03-06,Classic Pepperoni Pizza,Pizza,9.49,Large,4,Patricia Miller,Yes,"8508 Court St, Brooklyn, NY"
EW1YF0DWWN,2024-09-07,Classic Pepperoni Pizza,Pizza,9.49,Large,3,Jessica Jackson,Yes,"832 Coney Island Ave, Brooklyn, NY"
GWUBUGR6E7,2024-06-22,2 Liter Diet Pepsi,Beverage,3.29,2L,9,Matthew Smith,No,
D9TKG1F8YC,2024-01-10,Classic Pepperoni Pizza,Pizza,9.49,,3,John Moore,Yes,"9595 Fulton St, Brooklyn, NY"
ISS8JLTCBW,2024-04-02,Mountain Dew 2 Liter,Beverage,3.29,2L,1,Robert Wilson,Yes,"1717 Kings Hwy, Brooklyn, NY"
TP6QAQ3K8A,2024-01-10,2 Liter Diet Pepsi,Beverage,3.29,2L,3,Betty Jones,Yes,"9188 Eastern Pkwy, Brooklyn, NY"
CDZ3095HS2,2024-09-03,Mountain Dew 2 Liter,Beverage,3.29,2L,3,Richard Lopez,No,
6Z1T2XCB3Y,2024-06-24,2 Liter Pepsi,Pizza,3.29,2L,10,Michael Anderson,Yes,"5369 Kings Hwy, Brooklyn, NY"
KZIRNK6ZHH,2024-06-29,Crazy Bread Combo,Sides,5.99,Regular,10,Joseph Lopez,Yes,"238 Atlantic Ave, Brooklyn, NY"
4A8YWY5APY,2024-07-21,Buffalo Wings,Wings,9.49,8pc,5,Nancy Jackson,Yes,"3274 Eastern Pkwy, Brooklyn, NY"
39IY87HLCW,2024-06-14,Crazy Bread,Sides,4.99,Regular,9,Jessica Lopez,Yes,"8591 Fulton St, Brooklyn, NY"
CVPDQE97N6,2024-08-09,Classic Cheese Pizza,Pizza,8.99,Large,1,Linda Brown,No,
QPWDXYASVD,2024-03-06,Crazy Bread Combo,Sides,5.99,Regular,1,Patricia Johnson,No,
CLP81L51FL,2024-12-31,Classic Cheese Pizza,Pizza,8.99,Large,7,Robert Taylor,No,
Z9VLU8WPFQ,2024-07-07,ExtraMostBestest Cheese,Pizza,10.49,Large,7,Sandra Johnson,Yes,"8408 Court St, Brooklyn, NY"
3NO3AAMTFP,2024-01-22,Caesar Wings,Wings,8.99,8pc,4,Daniel Davis,No,
2D7KI3X799,2024-07-03,Crazy Bread,Sides,4.99,Regular,1,Linda Rodriguez,Yes,"4754 Bedford Ave, Brooklyn, NY"
BWGT2LB254,2024-12-30,2 Liter Pepsi,Beverage,3.29,2L,3,Robert Miller,No,
SR8RUW2XH6,2024-09-07,Mountain Dew 2 Liter,Beverage,3.29,2L,4,Karen Williams,No,
QPNRJAPJC6,2024-04-30,Supreme Pizza,Pizza,13.99,Large,4,Jennifer Lopez,Yes,"6278 Ocean Pkwy, Brooklyn, NY"
Z99106AK32,2024-09-13,ExtraMostBestest Pepperoni,Pizza,10.49,Large,1,Patricia Brown,No,
MD4P7PP4BF,2024-07-26,3 Meat Treat Pizza,Pizza,12.99,Large,1,Linda Davis,Yes,"2545 Coney Island Ave, Brooklyn, NY"
99U26UON8C,2024-06-05,2 Liter Pepsi,Beverage,3.29,2L,5,Lisa Gonzalez,Yes,"6967 Coney Island Ave, Brooklyn, NY"
QNAL6O9EP0,2024-08-31,ExtraMostBestest Cheese,Pizza,10.49,Large,5,Jennifer Brown,Yes,"5091 Atlantic Ave, Brooklyn, NY"
3VILURQBDX,2024-04-15,3 Meat Treat Pizza,Pizza,12.99,Large,2,Karen Jackson,Yes,"7878 Bedford Ave, Brooklyn, NY"
0HR9T9CD1L,2024-06-26,2 Liter Diet Pepsi,Beverage,3.29,2L,10,Richard Garcia,Yes,"7179 Fulton St, Brooklyn, NY"
YQQCXZPQKF,2024-05-09,Supreme Pizza,Pizza,13.99,Large,2,Matthew Anderson,Yes,"1299 Eastern Pkwy, Brooklyn, NY"
Z6OLBA117N,2024-11-06,2 Liter Pepsi,Beverage,3.29,2L,1,Richard Garcia,Yes,"8859 Utica Ave, Brooklyn, NY"
7OPIDLAXAH,2024-02-16,ExtraMostBestest Pepperoni,Pizza,10.49,Large,1,Mark Miller,Yes,"338 Kings Hwy, Brooklyn, NY"
DLWN71EG1Y,2024-12-02,ExtraMostBestest Pepperoni,Pizza,10.49,Large,3,Elizabeth Martin,Yes,"3680 Coney Island Ave, Brooklyn, NY"
L01WCNKFHB,2024-12-07,Aquafina Water,Beverage,1.99,20oz,6,Richard Taylor,Yes,"9685 Fulton St, Brooklyn, NY"
IYZVNLPA5C,2024-11-02,2 Liter Diet Pepsi,Beverage,3.29,2L,8,Betty Wilson,Yes,"748 Court St, Brooklyn, NY"
QWJ2C9OGPS,2024-11-20,Classic Pepperoni Pizza,Pizza,9.49,Large,2,Sarah Miller,Yes,"2945 Ocean Pkwy, Brooklyn, NY"
QQNVCEQFGA,2024-03-20,Italian Cheese Bread,Sides,6.49,,4,Susan Williams,No,
E7F1811MZW,2024-07-10,Veggie Pizza,Pizza,12.49,Large,4,Richard Lopez,No,
YJV84A1X7O,2024-01-30,ExtraMostBestest Cheese,Pizza,10.49,Large,4,Linda Thomas,No,
75DU23JH0Z,2024-02-11,Deep Dish Cheese,Pizza,11.49,Regular,7,William Martinez,No,
GCG1J6OWW5,2024-03-27,Classic Cheese Pizza,Pizza,8.99,Large,4,Susan Martinez,Yes,"6945 Court St, Brooklyn, NY"
SAV917RMPN,2024-05-30,Classic Pepperoni Pizza,Pizza,9.49,Large,1,James Jackson,No,
81IQY5SXAW,2024-06-10,2 Liter Pepsi,Beverage,3.29,2L,5,Sandra Hernandez,Yes,"1037 Kings Hwy, Brooklyn, NY"
ZDNVZ552ZB,2024-06-13,Mountain Dew 2 Liter,Beverage,3.29,2L,6,Jessica Gonzalez,Yes,"3926 Ocean Pkwy, Brooklyn, NY"
F761HJR6EE,2024-02-14,Veggie Pizza,Pizza,12.49,Large,3,Jessica Moore,Yes,"7411 Atlantic Ave, Brooklyn, NY"
PIJKEMVG7U,2024-09-08,Deep Dish Pepperoni,Pizza,11.99,Regular,5,Anthony Martin,No,
HOTQF74RQV,2024-06-09,Classic Pepperoni Pizza,Pizza,9.49,Large,10,Michael Gonzalez,Yes,"9767 Court St, Brooklyn, NY"
3H03ZB5GRO,2024-12-06,Classic Pepperoni Pizza,Pizza,9.49,Large,1,Sandra Jackson,Yes,"2122 Church Ave, Brooklyn, NY"
4OE1U24ZQF,2024-12-03,Aquafina Water,Beverage,1.99,20oz,2,Lisa Thomas,Yes,"5628 Coney Island Ave, Brooklyn, NY"
CMR8ESMPF0,2024-12-22,Classic Pepperoni Pizza,Pizza,9.49,Large,8,Daniel Smith,Yes,"3305 Utica Ave, Brooklyn, NY"
AEEX6IV9RY,2024-03-01,ExtraMostBestest Pepperoni,Pizza,10.49,Large,2,Daniel Gonzalez,Yes,"9867 Bedford Ave, Brooklyn, NY"
VZ2E186GVG,2024-10-30,Classic Cheese Pizza,Pizza,8.99,Large,2,Charles Jones,Yes,"7205 Church Ave, Brooklyn, NY"
B86KTFRL69,2024-06-09,Deep Dish Cheese,Pizza,11.49,Regular,3,Sarah Rodriguez,Yes,"2741 Atlantic Ave, Brooklyn, NY"
XFQ8Y7FHWJ,2024-09-18,Crazy Bread,Sides,4.99,Regular,2,Mary Miller,Yes,"832 Nostrand Ave, Brooklyn, NY"
TYOLD62F2J,2024-11-26,Crazy Bread,Sides,4.99,Regular,2,Jennifer Wilson,Yes,"8479 Ocean Pkwy, Brooklyn, NY"
UKJDBL1G3Y,2024-04-23,Classic Cheese Pizza,Pizza,8.99,Large,4,Patricia Garcia,No,
YPQPMQK8SZ,2024-10-09,Caesar Wings,Wings,8.99,8pc,4,Lisa Taylor,Yes,"4344 Flatbush Ave, Brooklyn, NY"
0RS95ZOW60,2024-04-27,2 Liter Diet Pepsi,Beverage,3.29,2L,5,Daniel Williams,Yes,"5223 Atlantic Ave, Brooklyn, NY"
344KRJAWO7,2024-12-25,Crazy Bread Combo,Sides,5.99,Regular,6,Ashley Taylor,No,
O6A1JQNN6T,2024-11-25,2 Liter Diet Pepsi,Wings,3.29,2L,1,Sandra Thomas,No,
T2ZL15S74N,2024-08-12,ExtraMostBestest Pepperoni,Pizza,10.49,Large,4,Barbara Miller,Yes,"7210 Flatbush Ave, Brooklyn, NY"
1IFSI159I3,2024-02-25,Classic Pepperoni Pizza,Pizza,9.49,Large,4,Linda Johnson,Yes,"323 Eastern Pkwy, Brooklyn, NY"
LWIMRSXKJK,2024-12-27,Classic Pepperoni Pizza,Pizza,9.49,Large,7,Daniel Jones,Yes,"9786 Eastern Pkwy, Brooklyn, NY"
RMEYY1EM30,2024-08-02,ExtraMostBestest Cheese,Pizza,10.49,Large,2,Jennifer Johnson,No,
D7WKR1TFEP,2024-11-05,Deep Dish Cheese,Pizza,11.49,Regular,3,Richard Williams,Yes,"3541 Ocean Pkwy, Brooklyn, NY"
2Y0OY58F1N,2024-10-13,Crazy Bread Combo,Sides,5.99,Regular,7,John Thomas,Yes,"2023 Coney Island Ave, Brooklyn, NY"
HZTGBIBF57,2024-07-24,Caesar Wings,Wings,8.99,8pc,3,Michael Jackson,Yes,"2721 Ocean Pkwy, Brooklyn, NY"
9WAM0KJAX5,2024-01-27,ExtraMostBestest Pepperoni,Pizza,10.49,Large,5,Karen Lopez,Yes,"5792 Eastern Pkwy, Brooklyn, NY"
1FI0N6DGG5,2024-10-25,Mountain Dew 2 Liter,Beverage,3.29,2L,1,William Martin,No,
ADNDA37E1J,2024-09-08,Classic Pepperoni Pizza,Pizza,9.49,Large,6,Lisa Martin,Yes,"3011 Coney Island Ave, Brooklyn, NY"
TABTD5OAII,2024-11-03,Mountain Dew 2 Liter,Beverage,3.29,2L,3,John Miller,Yes,"5644 Utica Ave, Brooklyn, NY"
E776VGTVYF,2024-06-29,ExtraMostBestest Cheese,Pizza,10.49,Large,6,Matthew Brown,Yes,
2FFQ293EP0,2024-06-03,Crazy Bread Combo,Sides,5.99,Regular,3,William Thomas,No,
TIDZS13HDN,2024-06-14,Classic Pepperoni Pizza,Pizza,9.49,Large,5,Jessica Wilson,Yes,"8197 Coney Island Ave, Brooklyn, NY"
86I3CE8ZNA,2024-01-09,Classic Pepperoni Pizza,Pizza,9.49,Large,3,Ashley Brown,No,
M2ZKF5B1SA,2024-07-09,Mountain Dew 2 Liter,Beverage,3.29,2L,2,James Jones,Yes,"9830 Bedford Ave, Brooklyn, NY"
WHG0U43QLX,2024-12-14,Buffalo Wings,Wings,9.49,8pc,10,Thomas Martinez,No,
DUB9RBDL91,2024-03-25,Buffalo Wings,Wings,9.49,8pc,1,Patricia Brown,Yes,"3290 Church Ave, Brooklyn, NY"
VNV4KFQ5DZ,2024-09-13,Mountain Dew 2 Liter,Beverage,3.29,2L,2,Nancy Lopez,No,
U9DA1L526R,2024-12-14,2 Liter Pepsi,Beverage,3.29,2L,5,Elizabeth Lopez,Yes,"2249 Kings Hwy, Brooklyn, NY"
8RNKOWYPSW,2024-03-27,Supreme Pizza,Pizza,13.99,Large,3,Barbara Williams,Yes,"9545 Kings Hwy, Brooklyn, NY"
5YMQT3DGD8,2024-02-12,ExtraMostBestest Cheese,Pizza,10.49,Large,4,Daniel Johnson,No,
91C329HHA1,2024-08-09,3 Meat Treat Pizza,Pizza,12.99,Large,2,Karen Thomas,Yes,"5298 Kings Hwy, Brooklyn, NY"
M1FMPRYFZM,2024-05-09,3 Meat Treat Pizza,Pizza,12.99,Large,2,John Martinez,No,
RL2YJ0974W,2024-07-18,Crazy Bread Combo,Sides,5.99,2L,1,Robert Hernandez,Yes,"9577 Ocean Pkwy, Brooklyn, NY"
NNKL3ER9OM,2024-10-23,Crazy Bread,Sides,4.99,Regular,1,Matthew Moore,Yes,"3174 Coney Island Ave, Brooklyn, NY"
Z76DD4DA7D,2024-08-06,Buffalo Wings,Wings,9.49,8pc,3,Joseph Wilson,No,
6X2O72SJXL,2024-11-15,Italian Cheese Bread,Sides,6.49,Regular,1,Elizabeth Wilson,Yes,"634 Eastern Pkwy, Brooklyn, NY"
UOWOB7P7O0,2024-07-31,2 Liter Diet Pepsi,Beverage,3.29,2L,3,Betty Lopez,Yes,"530 Bedford Ave, Brooklyn, NY"
DPWVBZ7CN0,2024-06-11,3 Meat Treat Pizza,Pizza,12.99,Large,7,Patricia Jackson,Yes,"2169 Court St, Brooklyn, NY"
WWUDQVDK6D,2024-08-20,Classic Pepperoni Pizza,Pizza,9.49,Large,3,Michael Moore,No,
XW4EMM9VAS,2024-07-04,Veggie Pizza,Pizza,12.49,Large,2,John Thomas,No,
DZXQ3P87JH,2024-03-03,ExtraMostBestest Pepperoni,Pizza,10.49,Large,8,Anthony Jones,Yes,"8586 Court St, Brooklyn, NY"
UNWCGBSVK3,2024-05-23,2 Liter Pepsi,Beverage,3.29,2L,5,Jessica Wilson,Yes,"3472 Utica Ave, Brooklyn, NY"
ICKHHUZ83Y,2024-09-28,Crazy Bread,Sides,4.99,Regular,8,Betty Garcia,Yes,"5386 Coney Island Ave, Brooklyn, NY"
NUKX496K4O,2024-11-26,Deep Dish Cheese,Pizza,11.49,Regular,4,Michael Johnson,Yes,"5344 Nostrand Ave, Brooklyn, NY"
OZQ48ENWBB,2024-09-27,2 Liter Diet Pepsi,Beverage,3.29,2L,1,Patricia Wilson,Yes,"1237 Fulton St, Brooklyn, NY"
Z7VELFV46W,2024-02-23,Classic Cheese Pizza,Pizza,8.99,Large,3,Nancy Lopez,Yes,"1542 Nostrand Ave, Brooklyn, NY"
C8CAH3GDHV,2024-09-24,Crazy Bread Combo,Sides,5.99,Regular,2,Anthony Thomas,Yes,"4696 Kings Hwy, Brooklyn, NY"
GKFL5XF50I,2024-06-09,Deep Dish Pepperoni,Pizza,11.99,Regular,8,Patricia Jones,No,
BN7GGGJVSD,2024-04-05,2 Liter Diet Pepsi,Beverage,3.29,2L,3,Barbara Rodriguez,Yes,"8798 Fulton St, Brooklyn, NY"
MKV0DSZRK6,2024-05-07,Classic Cheese Pizza,Pizza,8.99,Large,1,William Davis,Yes,"684 Ocean Pkwy, Brooklyn, NY"
D3U94SGFDK,2024-06-10,ExtraMostBestest Pepperoni,Pizza,10.49,Large,1,James Thomas,Yes,"7558 Bedford Ave, Brooklyn, NY"
X54RJSXFOH,2024-08-19,Italian Cheese Bread,Sides,6.49,Regular,4,William Thomas,No,
Q8SJY5OP9L,2024-07-01,Aquafina Water,Beverage,1.99,20oz,5,Michael Williams,Yes,"7156 Kings Hwy, Brooklyn, NY"
WXKK2ABKVB,2024-09-23,Classic Cheese Pizza,Pizza,8.99,Large,3,Betty Lopez,Yes,"7555 Ocean Pkwy, Brooklyn, NY"
0P7KB7IYNO,2024-08-08,ExtraMostBestest Pepperoni,Pizza,10.49,Large,3,Donald Martinez,Yes,"2356 Kings Hwy, Brooklyn, NY"
G24DSYSYMM,2024-05-13,2 Liter Diet Pepsi,Beverage,3.29,2L,6,Robert Miller,Yes,"5383 Ocean Pkwy, Brooklyn, NY"
B4EYQ1S4DJ,2024-07-29,Supreme Pizza,Pizza,13.99,Large,4,James Wilson,No,
U8E6XFWZ73,2024-02-24,Aquafina Water,Beverage,1.99,20oz,9,Charles Thomas,No,
4JWPXEFAF0,2024-04-12,Crazy Bread,Sides,4.99,Regular,1,Thomas Brown,Yes,"9992 Atlantic Ave, Brooklyn, NY"
BQUAKX6WB6,2024-09-18,ExtraMostBestest Pepperoni,Pizza,10.49,Large,2,Patricia Jackson,Yes,"4842 Eastern Pkwy, Brooklyn, NY"
MZMZ2K1KO6,2024-08-27,Mountain Dew 2 Liter,Beverage,3.29,2L,7,Barbara Taylor,No,
DD7R1930I6,2024-07-11,Crazy Bread,Sides,4.99,Regular,4,Thomas Rodriguez,Yes,"8406 Eastern Pkwy, Brooklyn, NY"
HJPKHF33GU,2024-07-15,Classic Pepperoni Pizza,Pizza,9.49,Large,4,Mary Williams,Yes,"4203 Atlantic Ave, Brooklyn, NY"
6XR3URMWUE,2024-12-08,Crazy Bread,Sides,4.99,Regular,4,Donald Smith,No,
C58CU47SOC,2024-08-06,Classic Cheese Pizza,Pizza,8.99,Large,4,Elizabeth Brown,Yes,"2183 Court St, Brooklyn, NY"
C86Z1B98VW,2024-02-26,Crazy Bread Combo,Sides,5.99,Regular,4,Susan Rodriguez,No,
A2HVNYARNN,2024-10-09,Classic Cheese Pizza,Pizza,8.99,Large,4,Mary Thomas,Yes,"783 Atlantic Ave, Brooklyn, NY"
52U9AZ3CEG,2024-12-25,Classic Pepperoni Pizza,Pizza,9.49,2L,10,Donald Lopez,Yes,"2033 Ocean Pkwy, Brooklyn, NY"
NT5I6LTDMO,2024-06-28,Classic Cheese Pizza,Pizza,8.99,Large,6,Patricia Williams,Yes,"7943 Eastern Pkwy, Brooklyn, NY"
XQERBKN3DK,2024-09-05,Mountain Dew 2 Liter,Beverage,3.29,2L,3,Linda Martinez,Yes,"2346 Court St, Brooklyn, NY"
763V1M3PP0,2024-09-10,Crazy Bread,Sides,4.99,Regular,1,Michael Gonzalez,Yes,"827 Nostrand Ave, Brooklyn, NY"
FN07EA28DI,2024-01-30,Italian Cheese Bread,Sides,6.49,Regular,1,Ashley Martinez,No,
R4HC7JVLCG,2024-06-21,Deep Dish Pepperoni,Pizza,11.99,Regular,6,Betty Martin,Yes,"4204 Eastern Pkwy, Brooklyn, NY"
TI899A44TB,2024-05-21,Italian Cheese Bread,Sides,6.49,Regular,3,Sandra Martin,Yes,"2958 Bedford Ave, Brooklyn, NY"
96N7KBNKFV,2024-02-25,ExtraMostBestest Pepperoni,Pizza,10.49,Large,7,Michael Hernandez,Yes,"1368 Nostrand Ave, Brooklyn, NY"
P04SBRSPJ4,2024-04-18,Classic Cheese Pizza,Pizza,8.99,Large,3,Richard Jackson,No,
PU3ET1OVEJ,2024-05-04,ExtraMostBestest Pepperoni,Pizza,10.49,Large,6,Patricia Davis,Yes,"5257 Utica Ave, Brooklyn, NY"
AGCSTNPEZI,2024-06-09,ExtraMostBestest Pepperoni,Pizza,10.49,Large,3,Jessica Miller,No,
KREG167D6V,2024-06-21,ExtraMostBestest Pepperoni,Pizza,10.49,Large,9,Mary Williams,No,
S7KN18B850,2024-11-28,ExtraMostBestest Cheese,Pizza,10.49,Large,4,Nancy Jackson,Yes,"2995 Court St, Brooklyn, NY"
DTSGVB6THR,2024-05-22,3 Meat Treat Pizza,Pizza,12.99,Large,3,Elizabeth Rodriguez,Yes,"2813 Atlantic Ave, Brooklyn, NY"
4PPJ590EMC,2024-07-08,Buffalo Wings,Wings,9.49,8pc,2,Charles Wilson,No,
8WIV5HHQRG,2024-02-08,Caesar Wings,Wings,8.99,8pc,3,Daniel Taylor,Yes,"4623 Fulton St, Brooklyn, NY"
XGKIKR2OMR,2024-03-08,Veggie Pizza,Pizza,12.49,Large,2,Sandra Miller,No,
ROIKS62C1J,2024-02-27,Classic Cheese Pizza,Pizza,8.99,Large,3,David Davis,No,
W8WLVA02DZ,2024-07-19,ExtraMostBestest Cheese,Pizza,10.49,Large,4,Jessica Davis,Yes,"995 Church Ave, Brooklyn, NY"
TIA41SS2BK,2024-10-10,2 Liter Diet Pepsi,Beverage,3.29,2L,1,Michael Garcia,Yes,"6032 Court St, Brooklyn, NY"
GVLLSAJHJX,2024-11-19,Classic Cheese Pizza,Pizza,8.99,Large,2,Daniel Gonzalez,Yes,"2125 Coney Island Ave, Brooklyn, NY"
1ZQUA1QRDL,2024-05-29,Supreme Pizza,Pizza,13.99,Large,4,William Thomas,Yes,"6757 Court St, Brooklyn, NY"
04BYV5JHUR,2024-11-18,Classic Pepperoni Pizza,Pizza,9.49,Large,1,Charles Davis,Yes,"3502 Fulton St, Brooklyn, NY"
WSF5PAE9Z5,2024-11-29,Veggie Pizza,Pizza,12.49,Large,2,Sarah Williams,Yes,"8013 Court St, Brooklyn, NY"
97FZRLGQ9A,2024-06-14,ExtraMostBestest Pepperoni,Pizza,10.49,Large,9,Michael Martin,Yes,"8672 Eastern Pkwy, Brooklyn, NY"
VLWOJTXCF0,2024-04-12,Crazy Bread Combo,Sides,5.99,Regular,1,Joseph Martin,Yes,"1101 Ocean Pkwy, Brooklyn, NY"
YRG29D2FF5,2024-05-14,ExtraMostBestest Pepperoni,Pizza,10.49,Large,1,Charles Gonzalez,No,
LCVHFWJFPP,2024-01-27,ExtraMostBestest Cheese,Pizza,10.49,Large,8,Elizabeth Taylor,Yes,"7828 Kings Hwy, Brooklyn, NY"
GN79HMHVL6,2024-05-08,Crazy Bread Combo,Sides,5.99,Regular,1,Sandra Lopez,Yes,"3016 Flatbush Ave, Brooklyn, NY"
WRR513BB6F,2024-09-14,2 Liter Diet Pepsi,Beverage,3.29,2L,7,Jessica Gonzalez,Yes,"4604 Eastern Pkwy, Brooklyn, NY"
X0LY66G9ZN,2024-03-08,Italian Cheese Bread,Sides,6.49,Regular,1,Patricia Johnson,No,
04AJMMUZUQ,2024-12-06,Classic Cheese Pizza,Pizza,8.99,Large,4,Lisa Johnson,No,
G1EBZGFLIG,2024-02-16,Classic Pepperoni Pizza,Pizza,9.49,Large,2,James Garcia,Yes,"9785 Eastern Pkwy, Brooklyn, NY"
NTHZM32HZS,2024-03-31,2 Liter Pepsi,Beverage,3.29,2L,7,Charles Lopez,Yes,"8126 Kings Hwy, Brooklyn, NY"
6LDM6FRM6G,2024-05-17,Buffalo Wings,Wings,9.49,8pc,1,Mary Brown,Yes,"7762 Church Ave, Brooklyn, NY"
NMYK8516SP,2024-03-24,ExtraMostBestest Cheese,Pizza,10.49,Large,10,Joseph Martin,No,
88L12QFAF5,2024-10-22,Caesar Wings,Wings,8.99,8pc,4,Donald Martin,Yes,"2826 Church Ave, Brooklyn, NY"
6Y3Z1DE1E1,2024-02-11,ExtraMostBestest Pepperoni,Pizza,10.49,Large,5,Lisa Moore,Yes,"4109 Bedford Ave, Brooklyn, NY"
XEGHPMXPKN,2024-12-11,2 Liter Diet Pepsi,Pizza,3.29,2L,10,Lisa Jackson,Yes,"5783 Fulton St, Brooklyn, NY"
8O1KJWV2QN,2024-01-18,Buffalo Wings,Wings,9.49,8pc,3,Thomas Brown,Yes,"6624 Eastern Pkwy, Brooklyn, NY"
PQB5QBVNPY,2024-06-20,Veggie Pizza,Pizza,12.49,Large,5,Sarah Gonzalez,No,
WPJ8YI340S,2024-01-13,Italian Cheese Bread,Sides,6.49,Regular,6,David Martinez,Yes,"387 Fulton St, Brooklyn, NY"
0C682U9WT2,2024-02-09,Supreme Pizza,Pizza,13.99,Large,3,Thomas Williams,Yes,"1756 Coney Island Ave, Brooklyn, NY"
AOEJV9LHAL,2024-01-26,Crazy Bread Combo,Sides,5.99,Regular,3,Nancy Garcia,Yes,"7258 Church Ave, Brooklyn, NY"
YJB48WUMH9,2024-05-27,Classic Cheese Pizza,Pizza,8.99,Large,4,Richard Thomas,Yes,"5486 Court St, Brooklyn, NY"
V4DH9UGF10,2024-05-29,ExtraMostBestest Cheese,Pizza,10.49,Large,3,Karen Jackson,Yes,"584 Bedford Ave, Brooklyn, NY"
STIO1K7F5O,2024-07-28,3 Meat Treat Pizza,Pizza,12.99,Large,6,William Hernandez,No,
IUQDN05XT5,2024-06-20,Classic Cheese Pizza,Pizza,8.99,Large,7,Susan Miller,Yes,"6950 Coney Island Ave, Brooklyn, NY"
2456IZC0YO,2024-03-23,2 Liter Pepsi,Beverage,3.29,2L,8,Robert Martinez,Yes,"3373 Kings Hwy, Brooklyn, NY"
1NZSXPEFJ3,2024-08-28,Deep Dish Pepperoni,Pizza,11.99,,4,William Moore,No,
LQJJBFSA5U,2024-02-27,Italian Cheese Bread,Sides,6.49,Regular,2,Ashley Davis,Yes,"5667 Bedford Ave, Brooklyn, NY"
VJZ09OWGMF,2024-06-06,Crazy Bread Combo,Sides,5.99,Regular,2,Elizabeth Jones,Yes,"7306 Eastern Pkwy, Brooklyn, NY"
FV0EHRUWA0,2024-06-09,2 Liter Pepsi,Beverage,3.29,2L,10,Jessica Garcia,No,
QSI2G74IZG,2024-09-25,Buffalo Wings,Wings,9.49,8pc,2,Daniel Brown,Yes,"638 Coney Island Ave, Brooklyn, NY"
LWHEDHTHRU,2024-05-16,Aquafina Water,Beverage,1.99,20oz,4,Ashley Williams,Yes,
JULP98RL9Q,2024-02-27,Deep Dish Cheese,Pizza,11.49,Regular,4,William Wilson,Yes,"7575 Flatbush Ave, Brooklyn, NY"
SLTDKVUFF1,2024-02-03,Classic Pepperoni Pizza,Pizza,9.49,,8,Joseph Hernandez,No,
KFMM0QPOP1,2024-03-21,Caesar Wings,Wings,8.99,8pc,2,Jessica Martin,No,
LUHHS4DILR,2024-07-28,3 Meat Treat Pizza,Pizza,12.99,Large,6,James Miller,No,
TPKQ5C9035,2024-08-28,Italian Cheese Bread,Sides,6.49,Regular,1,Ashley Thomas,No,
N10HLINH8J,2024-10-20,Crazy Bread,Sides,4.99,Regular,8,Sarah Rodriguez,Yes,"5471 Ocean Pkwy, Brooklyn, NY"
LTKMCCDUEF,2024-01-12,Crazy Bread,Sides,4.99,Regular,2,Betty Thomas,Yes,"7101 Coney Island Ave, Brooklyn, NY"
GUQ2086OKW,2024-02-14,Deep Dish Pepperoni,Pizza,11.99,Regular,4,Anthony Wilson,No,
UGFLDT8BEM,2024-01-05,3 Meat Treat Pizza,Pizza,12.99,Large,2,Charles Hernandez,Yes,"4341 Nostrand Ave, Brooklyn, NY"
00NQOHN3DG,2024-06-10,Classic Cheese Pizza,Pizza,8.99,Large,2,William Davis,Yes,"2775 Coney Island Ave, Brooklyn, NY"
EQA2O4M84P,2024-09-21,2 Liter Diet Pepsi,Beverage,3.29,2L,4,Karen Lopez,Yes,"8113 Utica Ave, Brooklyn, NY"
FG7803G5DF,2024-06-02,2 Liter Pepsi,Beverage,3.29,2L,8,Daniel Hernandez,Yes,"4600 Utica Ave, Brooklyn, NY"
6BNVSFA6D9,2024-06-05,Veggie Pizza,Pizza,12.49,Large,4,William Martin,No,
DR3UES2FX0,2024-08-31,Classic Pepperoni Pizza,Pizza,9.49,Large,9,James Martinez,Yes,"9983 Eastern Pkwy, Brooklyn, NY"
EPXU7B6NBH,2024-05-24,Crazy Bread Combo,Sides,5.99,Regular,1,Lisa Martinez,Yes,"3124 Utica Ave, Brooklyn, NY"
WTEK17M6J3,2024-03-14,Classic Pepperoni Pizza,Pizza,9.49,Large,1,Charles Thomas,Yes,"5384 Flatbush Ave, Brooklyn, NY"
MQT788G35S,2024-10-08,Veggie Pizza,Pizza,12.49,Large,4,William Williams,Yes,"5709 Court St, Brooklyn, NY"
TNDFWW41F7,2024-12-14,Classic Pepperoni Pizza,Pizza,9.49,Large,4,Barbara Taylor,No,
C1FRF899OF,2024-04-13,Crazy Bread,Sides,4.99,Regular,5,Donald Thomas,Yes,"8648 Coney Island Ave, Brooklyn, NY"
FPY1AELDWQ,2024-10-29,3 Meat Treat Pizza,Pizza,12.99,Large,2,John Davis,No,
RKSD085I4R,2024-06-01,Crazy Bread,Sides,4.99,Regular,7,Mary Gonzalez,Yes,"5693 Church Ave, Brooklyn, NY"
IRVXD2ZU4N,2024-08-09,Crazy Bread Combo,Sides,5.99,Regular,4,Nancy Rodriguez,No,
BXPQ5BO20P,2024-12-07,Deep Dish Pepperoni,Pizza,11.99,Regular,6,Patricia Brown,Yes,"1715 Ocean Pkwy, Brooklyn, NY"
BQ9J2H1TLO,2024-04-20,2 Liter Diet Pepsi,Beverage,3.29,2L,4,Nancy Anderson,Yes,"6852 Flatbush Ave, Brooklyn, NY"
4RMPNFGAGL,2024-03-29,ExtraMostBestest Cheese,Pizza,10.49,Large,4,Betty Davis,Yes,"8918 Utica Ave, Brooklyn, NY"
EN4052W8LI,2024-11-24,Deep Dish Pepperoni,Pizza,11.99,Regular,9,John Williams,Yes,"1344 Nostrand Ave, Brooklyn, NY"
9GGSOU6NJ2,2024-05-05,Buffalo Wings,Wings,9.49,8pc,6,Donald Davis,Yes,"3687 Nostrand Ave, Brooklyn, NY"
9ZTD3IMZ93,2024-05-14,ExtraMostBestest Cheese,Pizza,10.49,Large,4,Sarah Lopez,Yes,"3945 Kings Hwy, Brooklyn, NY"
ZRZ79HQTYL,2024-05-17,ExtraMostBestest Pepperoni,Pizza,10.49,Large,1,Susan Williams,Yes,"8245 Ocean Pkwy, Brooklyn, NY"
T00IV1GGXR,2024-09-17,Deep Dish Cheese,Pizza,11.49,Regular,4,Lisa Jackson,No,
DJ5CUYDA9A,2024-02-15,Classic Pepperoni Pizza,Pizza,9.49,Large,1,Richard Thomas,Yes,"6447 Coney Island Ave, Brooklyn, NY"
FNGP41S3QW,2024-06-05,ExtraMostBestest Cheese,Pizza,10.49,Large,1,Jennifer Miller,No,
TNQETMNI3G,2024-03-02,Mountain Dew 2 Liter,Beverage,3.29,2L,7,Thomas Garcia,Yes,"3055 Ocean Pkwy, Brooklyn, NY"
THLQH7PPCA,2024-07-02,3 Meat Treat Pizza,Pizza,12.99,Large,1,Ashley Jackson,No,
TBKG8B350S,2024-10-14,Classic Cheese Pizza,Pizza,8.99,Large,4,Matthew Johnson,Yes,"4805 Eastern Pkwy, Brooklyn, NY"
6LGOI7OFVW,2024-07-08,Classic Pepperoni Pizza,Pizza,9.49,Large,1,Matthew Hernandez,Yes,"3142 Nostrand Ave, Brooklyn, NY"
EYCEF2CTG0,2024-08-04,ExtraMostBestest Pepperoni,Pizza,10.49,2L,6,Mark Wilson,No,
EBNDYCPN0P,2024-12-21,Mountain Dew 2 Liter,Beverage,3.29,2L,8,Patricia Brown,Yes,"9440 Church Ave, Brooklyn, NY"
SIWMZAP4VK,2024-12-05,Caesar Wings,Wings,8.99,8pc,2,Mary Jackson,No,
BTA3RUNYN6,2024-10-07,Classic Pepperoni Pizza,Pizza,9.49,Large,3,Thomas Moore,Yes,"1167 Coney Island Ave, Brooklyn, NY"
0PKBO549EW,2024-09-08,ExtraMostBestest Pepperoni,Pizza,10.49,Large,7,Sarah Lopez,Yes,"2609 Fulton St, Brooklyn, NY"
H5XW6T1OXH,2024-07-26,Classic Pepperoni Pizza,Pizza,9.49,Large,4,Richard Anderson,Yes,"7510 Fulton St, Brooklyn, NY"
G9Y1XU2FLI,2024-02-25,Classic Pepperoni Pizza,Pizza,9.49,Large,8,Sarah Garcia,Yes,"3658 Kings Hwy, Brooklyn, NY"
CWL6QMGK2F,2024-09-06,Italian Cheese Bread,Sides,6.49,Regular,3,James Smith,Yes,"1170 Atlantic Ave, Brooklyn, NY"
ENNGAY37VG,2024-03-24,2 Liter Pepsi,Beverage,3.29,2L,6,Jessica Rodriguez,Yes,"9149 Eastern Pkwy, Brooklyn, NY"
8CV2A6PG4G,2024-09-08,2 Liter Diet Pepsi,Beverage,3.29,2L,7,John Garcia,No,
XLB57AUKHQ,2024-09-23,ExtraMostBestest Pepperoni,Pizza,10.49,Large,1,Daniel Davis,Yes,"2834 Flatbush Ave, Brooklyn, NY"
6AE1IGCUID,2024-12-21,3 Meat Treat Pizza,Pizza,12.99,Large,8,Susan Hernandez,Yes,"8498 Coney Island Ave, Brooklyn, NY"
WG3ZRZQ0V4,2024-01-07,Classic Cheese Pizza,Pizza,8.99,Large,9,Sandra Hernandez,Yes,"7649 Eastern Pkwy, Brooklyn, NY"
4KOXHJMIA6,2024-09-16,Supreme Pizza,Pizza,13.99,Large,1,Robert Moore,Yes,"3339 Church Ave, Brooklyn, NY"
V8U0LM3NKR,2024-05-24,Crazy Bread Combo,Sides,5.99,Regular,2,Donald Johnson,Yes,"8192 Kings Hwy, Brooklyn, NY"
0N852N5FNP,2024-04-07,Deep Dish Pepperoni,Pizza,11.99,Regular,8,Joseph Anderson,Yes,"5881 Coney Island Ave, Brooklyn, NY"
RP4RXMD8ZV,2024-03-29,Buffalo Wings,Wings,9.49,8pc,2,Jessica Jones,Yes,"368 Coney Island Ave, Brooklyn, NY"
8CQPHLI5L6,2024-09-22,Classic Pepperoni Pizza,Pizza,9.49,Large,7,Jennifer Hernandez,Yes,"5146 Eastern Pkwy, Brooklyn, NY"
QASD1WCRV6,2024-05-23,Aquafina Water,Beverage,1.99,20oz,6,David Jackson,No,
3RFJL9VT3X,2024-05-16,Mountain Dew 2 Liter,Beverage,3.29,2L,5,Betty Rodriguez,Yes,
KHKBXPN19Q,2024-11-01,Mountain Dew 2 Liter,Beverage,3.29,2L,1,Nancy Miller,No,
TWXOL4BKUU,2024-03-21,ExtraMostBestest Cheese,Pizza,10.49,Large,4,William Miller,Yes,"4581 Fulton St, Brooklyn, NY"
1RTSXOF33Q,2024-01-29,2 Liter Pepsi,Beverage,3.29,2L,2,Robert Brown,Yes,"1212 Bedford Ave, Brooklyn, NY"
KAZOCHBIRM,2024-05-13,Classic Pepperoni Pizza,Pizza,9.49,Large,2,Mary Davis,Yes,"9237 Flatbush Ave, Brooklyn, NY"
EKBVXSOGB2,2024-07-07,Classic Cheese Pizza,Pizza,8.99,Large,7,Nancy Martin,Yes,"220 Eastern Pkwy, Brooklyn, NY"
5JSLHGMRZZ,2024-04-15,Italian Cheese Bread,Sides,6.49,Regular,2,Lisa Miller,No,
FBHGP5CPA1,2024-07-19,Supreme Pizza,Pizza,13.99,Large,2,Betty Davis,Yes,"9876 Church Ave, Brooklyn, NY"
Q5ZJAUCYHO,2024-06-03,2 Liter Diet Pepsi,Beverage,3.29,2L,5,Donald Miller,No,
Y8GY39BU4U,2024-01-20,ExtraMostBestest Cheese,Pizza,10.49,Large,9,Donald Johnson,Yes,"317 Ocean Pkwy, Brooklyn, NY"
OUN91FY6YO,2024-04-28,Crazy Bread Combo,Sides,5.99,Regular,5,Mark Thomas,Yes,"6117 Fulton St, Brooklyn, NY"
F2F3HYCPES,2024-02-14,Mountain Dew 2 Liter,Beverage,3.29,2L,3,Joseph Anderson,Yes,"5976 Eastern Pkwy, Brooklyn, NY"
N7S3HMO1DX,2024-02-23,Classic Cheese Pizza,Pizza,8.99,Large,1,Lisa Garcia,No,
EG1CJ8PMOZ,2024-12-21,Supreme Pizza,Pizza,13.99,Large,4,Elizabeth Davis,Yes,"1283 Utica Ave, Brooklyn, NY"
211PV58Y9N,2024-07-17,ExtraMostBestest Pepperoni,Pizza,10.49,Large,3,Daniel Martin,Yes,"9761 Fulton St, Brooklyn, NY"
4HOAE527PS,2024-02-14,Mountain Dew 2 Liter,Beverage,3.29,2L,4,Nancy Brown,Yes,"1459 Nostrand Ave, Brooklyn, NY"
N0XGNKI5VR,2024-12-22,Supreme Pizza,Pizza,13.99,Large,10,Thomas Thomas,Yes,"2027 Utica Ave, Brooklyn, NY"
UPCJ8MO765,2024-12-24,Crazy Bread Combo,Sides,5.99,Regular,3,Joseph Thomas,Yes,"9320 Flatbush Ave, Brooklyn, NY"
FEZAC2EXVA,2024-03-23,Classic Pepperoni Pizza,Pizza,9.49,Large,7,Sarah,No,
T2FES5CS9U,2024-03-11,2 Liter Pepsi,Beverage,3.29,2L,3,Betty Miller,No,
4I6R8SO5WI,2024-07-30,ExtraMostBestest Pepperoni,Pizza,10.49,Large,3,Susan Johnson,No,
4V74QR14VU,2024-09-11,Deep Dish Pepperoni,Pizza,11.99,Regular,1,Sarah Williams,Yes,"6937 Atlantic Ave, Brooklyn, NY"
IG9GMYKVYG,2024-11-02,Crazy Bread Combo,Sides,5.99,Regular,7,Sarah Taylor,Yes,"8122 Kings Hwy, Brooklyn, NY"
KIVWM53NOZ,2024-03-12,Crazy Bread,Sides,4.99,Regular,3,Barbara Moore,No,
UHBP9VRNEG,2024-08-23,Mountain Dew 2 Liter,Beverage,3.29,2L,5,Richard Moore,Yes,"4237 Atlantic Ave, Brooklyn, NY"
ZKIHV17MIA,2024-01-28,ExtraMostBestest Cheese,Pizza,10.49,Regular,3,Robert Brown,Yes,"8869 Church Ave, Brooklyn, NY"
QFGHDILUVN,2024-04-22,Deep Dish Cheese,Pizza,11.49,Regular,2,John Jackson,Yes,"385 Bedford Ave, Brooklyn, NY"
5R2SLRW4VN,2024-02-21,Classic Pepperoni Pizza,Pizza,9.49,Large,1,Joseph Jones,No,
IZQ2NMNR06,2024-11-03,Crazy Bread Combo,Sides,5.99,Regular,7,Richard Rodriguez,Yes,"5248 Kings Hwy, Brooklyn, NY"
BIZFWTJSJF,2024-05-10,Classic Cheese Pizza,Pizza,8.99,Large,3,Jennifer Garcia,Yes,"4357 Fulton St, Brooklyn, NY"
KQPGA8VC1J,2024-08-11,Classic Pepperoni Pizza,Pizza,9.49,Large,6,John Davis,Yes,"2830 Court St, Brooklyn, NY"
S6OGQ4IVN2,2024-09-30,Caesar Wings,Wings,8.99,8pc,1,Jennifer Jones,Yes,"6144 Utica Ave, Brooklyn, NY"
05QXS2U4OJ,2024-08-20,Supreme Pizza,Pizza,13.99,Large,2,Jennifer Martin,No,
NLHAPWF520,2024-03-26,Mountain Dew 2 Liter,Beverage,3.29,2L,4,Michael Williams,No,
FXDNM655CK,2024-06-03,Crazy Bread,Sides,4.99,Regular,4,William Thomas,Yes,"3820 Fulton St, Brooklyn, NY"
NQMWMLN2V5,2024-10-09,Buffalo Wings,Wings,9.49,8pc,4,Sandra Thomas,No,
HWJHBAEPG2,2024-08-09,Italian Cheese Bread,Sides,6.49,Regular,1,Robert Gonzalez,No,
3M0NQ8UT60,2024-08-06,2 Liter Pepsi,Beverage,3.29,2L,5,Jennifer Johnson,No,
8K5DFI25I6,2024-06-16,Crazy Bread,Sides,4.99,Regular,8,Anthony Davis,No,
EI5R8VO4KV,2024-12-23,2 Liter Diet Pepsi,Beverage,3.29,2L,8,John Davis,Yes,"5526 Church Ave, Brooklyn, NY"
FBQBK4Y7ZX,2024-03-22,Classic Pepperoni Pizza,Pizza,9.49,Large,3,Patricia Williams,No,
CWEQ4F1SRI,2024-03-25,Classic Cheese Pizza,Pizza,8.99,Large,3,Mary Martin,Yes,"9649 Atlantic Ave, Brooklyn, NY"
4XHQZBC5F9,2024-07-20,ExtraMostBestest Pepperoni,Pizza,10.49,Large,6,Barbara Taylor,No,
HRBFGCB4JG,2024-02-07,Classic Pepperoni Pizza,Pizza,9.49,Large,3,Charles Davis,No,
JD5MBFSRKH,2024-12-03,Veggie Pizza,Pizza,12.49,Large,4,Matthew Wilson,Yes,"5456 Utica Ave, Brooklyn, NY"
ST69WWP82Q,2024-01-20,Classic Pepperoni Pizza,Pizza,9.49,Large,5,Barbara Hernandez,No,
ILVQKXBI6J,2024-10-07,Crazy Bread Combo,Sides,5.99,Regular,3,Susan Jackson,Yes,"5549 Flatbush Ave, Brooklyn, NY"
TPS82XLVB9,2024-09-28,ExtraMostBestest Pepperoni,Pizza,10.49,Large,4,Joseph Davis,No,
8AE0JXYO6H,2024-12-04,Classic Pepperoni Pizza,Pizza,9.49,Large,3,Ashley Gonzalez,No,
JG1MS4TSRW,2024-02-19,Classic Pepperoni Pizza,Pizza,9.49,Large,3,Matthew Moore,No,
SYG91MMO1D,2024-07-01,Caesar Wings,Wings,8.99,8pc,1,William Smith,Yes,"3201 Court St, Brooklyn, NY"
LN6BGUAXNM,2024-07-25,Deep Dish Pepperoni,Pizza,11.99,Regular,2,Nancy Williams,Yes,"8020 Ocean Pkwy, Brooklyn, NY"
2WITPBD7X9,2024-01-04,Italian Cheese Bread,Sides,6.49,Regular,3,Thomas Moore,Yes,"1672 Ocean Pkwy, Brooklyn, NY"
GDESVDE91L,2024-07-13,Crazy Bread Combo,Sides,5.99,Regular,6,John Taylor,No,
DO7L5DL0ED,2024-10-22,Classic Pepperoni Pizza,Pizza,9.49,Large,2,Mark Moore,Yes,"4630 Church Ave, Brooklyn, NY"
U5WAHZG85S,2024-01-03,Mountain Dew 2 Liter,Beverage,3.29,2L,1,Sarah Brown,Yes,"6016 Coney Island Ave, Brooklyn, NY"
UJW6ZJVAEV,2024-01-03,Aquafina Water,Beverage,1.99,20oz,3,Susan Miller,Yes,"3997 Flatbush Ave, Brooklyn, NY"
YEH8UXZ3AD,2024-12-19,Italian Cheese Bread,Sides,6.49,Regular,8,Charles Brown,Yes,
OGX8IRJBAQ,2024-03-14,Classic Pepperoni Pizza,Pizza,9.49,Large,2,David Wilson,No,
YJROFH6AIR,2024-01-31,Classic Cheese Pizza,Pizza,8.99,Large,4,Robert Martinez,Yes,"1909 Church Ave, Brooklyn, NY"
IK31YUW2TG,2024-10-09,ExtraMostBestest Pepperoni,Pizza,10.49,Large,2,William Brown,Yes,"6175 Court St, Brooklyn, NY"
PZJHO4VUDQ,2024-09-27,Veggie Pizza,Pizza,12.49,Large,1,David Moore,No,
CY9PE0HDJ7,2024-05-05,Classic Pepperoni Pizza,Pizza,9.49,Large,5,David Thomas,Yes,"4051 Court St, Brooklyn, NY"
TXZA43HOLD,2024-05-23,3 Meat Treat Pizza,Pizza,12.99,Large,4,Patricia Williams,Yes,"3978 Ocean Pkwy, Brooklyn, NY"
BG3HKCQWB0,2024-10-21,Deep Dish Cheese,Pizza,11.49,Regular,3,Anthony Anderson,Yes,"5817 Kings Hwy, Brooklyn, NY"
HFDI3JSTY8,2024-07-06,Italian Cheese Bread,Sides,6.49,Regular,8,Mark Garcia,No,
LV724HK1QD,2024-10-26,Mountain Dew 2 Liter,Beverage,3.29,2L,8,Karen Moore,No,
TIE6SV5ITM,2024-12-21,Deep Dish Cheese,Pizza,11.49,Regular,4,Sarah Brown,No,
PWC1QY9MBA,2024-05-12,Deep Dish Pepperoni,Pizza,11.99,Regular,7,Mary Wilson,No,
8AFMNE6X1J,2024-12-06,Classic Cheese Pizza,Pizza,8.99,Large,1,Betty Jackson,Yes,"2802 Utica Ave, Brooklyn, NY"
AJIMMNSTOU,2024-03-16,Classic Cheese Pizza,Pizza,8.99,Large,8,Jennifer Martinez,Yes,"1355 Bedford Ave, Brooklyn, NY"
WBHO4UW2AW,2024-03-17,ExtraMostBestest Pepperoni,Pizza,10.49,Large,9,Barbara Johnson,No,
08XTR5IGZG,2024-09-26,Crazy Bread,Sides,4.99,Regular,2,Ashley Brown,Yes,"4487 Flatbush Ave, Brooklyn, NY"
PZN0THL2C5,2024-07-23,Crazy Bread,Sides,4.99,Regular,3,Matthew Gonzalez,Yes,"1173 Bedford Ave, Brooklyn, NY"
50YQL25S8T,2024-05-29,Buffalo Wings,Wings,9.49,8pc,4,Sandra Johnson,Yes,"6222 Church Ave, Brooklyn, NY"
9KHH83GSV5,2024-01-12,2 Liter Diet Pepsi,Beverage,3.29,2L,2,Thomas Taylor,Yes,"9210 Utica Ave, Brooklyn, NY"
HHOLI54087,2024-04-23,Classic Pepperoni Pizza,Pizza,9.49,Large,2,Thomas Anderson,Yes,"9928 Fulton St, Brooklyn, NY"
4SAYMWR03V,2024-09-15,Crazy Bread,Sides,4.99,Regular,8,Anthony Moore,Yes,"8303 Coney Island Ave, Brooklyn, NY"
TMAF9H3FHV,2024-07-31,Mountain Dew 2 Liter,Beverage,3.29,2L,3,Donald Johnson,Yes,"5765 Bedford Ave, Brooklyn, NY"
3W2MROP2BY,2024-05-02,Classic Pepperoni Pizza,Pizza,9.49,Large,4,John Rodriguez,Yes,"6952 Atlantic Ave, Brooklyn, NY"
AFQL0DGH6M,2024-03-06,Classic Pepperoni Pizza,Pizza,9.49,Large,4,Michael Johnson,No,
8EKT292MI5,2024-09-17,Buffalo Wings,Wings,9.49,8pc,2,Sandra Thomas,Yes,"8052 Eastern Pkwy, Brooklyn, NY"
Z2KGA99UF1,2024-09-27,2 Liter Diet Pepsi,Beverage,3.29,2L,2,Barbara Martin,Yes,"3929 Eastern Pkwy, Brooklyn, NY"
4DSF2UWUFU,2024-11-15,Crazy Bread Combo,Sides,5.99,Regular,4,Lisa Martinez,No,
8BWAUFXQP6,2024-09-13,ExtraMostBestest Pepperoni,Pizza,10.49,Large,3,Donald Miller,No,
3685EFZVMT,2024-03-30,Crazy Bread,Sides,4.99,Regular,6,Lisa Martin,Yes,"3710 Kings Hwy, Brooklyn, NY"
D3513LM7E4,2024-03-16,2 Liter Pepsi,Beverage,3.29,2L,10,Lisa Rodriguez,Yes,"2502 Coney Island Ave, Brooklyn, NY"
E9NHCGW33A,2024-07-23,Caesar Wings,Wings,8.99,8pc,2,William Johnson,Yes,"5191 Court St, Brooklyn, NY"
WBNWJ6PVOC,2024-07-11,Mountain Dew 2 Liter,Beverage,3.29,2L,4,David Johnson,Yes,"1298 Utica Ave, Brooklyn, NY"
7C1A7YJ8HQ,2024-03-12,Mountain Dew 2 Liter,Beverage,3.29,2L,4,Barbara Smith,Yes,"9869 Bedford Ave, Brooklyn, NY"
YCFNHP39LQ,2024-03-08,Classic Cheese Pizza,Pizza,8.99,Large,3,Jennifer Miller,No,
PKBQY3OT76,2024-06-25,Deep Dish Pepperoni,Pizza,11.99,Regular,6,Sarah Martinez,Yes,"1317 Eastern Pkwy, Brooklyn, NY"
0R0VIP35T5,2024-09-12,Italian Cheese Bread,Sides,6.49,Regular,2,John Thomas,Yes,"2745 Eastern Pkwy, Brooklyn, NY"
ZO7IO2F2NA,2024-03-31,2 Liter Pepsi,Beverage,3.29,2L,8,Nancy Smith,No,
U0S1G9EU81,2024-02-13,Deep Dish Pepperoni,Pizza,11.99,Regular,2,Lisa Garcia,Yes,"5822 Kings Hwy, Brooklyn, NY"
4PZZJ8XKV4,2024-10-12,Mountain Dew 2 Liter,Beverage,3.29,2L,6,Betty Moore,Yes,"8977 Church Ave, Brooklyn, NY"
6OOH1XAWJ2,2024-10-10,Crazy Bread,Sides,4.99,Regular,1,Sarah Taylor,Yes,"7503 Eastern Pkwy, Brooklyn, NY"
SH9BXLSOGW,2024-02-02,Mountain Dew 2 Liter,Beverage,3.29,2L,4,Sarah Jones,Yes,"8168 Coney Island Ave, Brooklyn, NY"
6G04JGSQOF,2024-01-27,ExtraMostBestest Pepperoni,Pizza,10.49,Large,5,Richard Gonzalez,No,
UDOJY6G107,2024-11-09,Buffalo Wings,Wings,9.49,8pc,6,Sarah Jackson,Yes,"2280 Eastern Pkwy, Brooklyn, NY"
AXS88UALRY,2024-06-24,Classic Pepperoni Pizza,Pizza,9.49,Large,7,Sandra Davis,Yes,"9752 Nostrand Ave, Brooklyn, NY"
DNODKD3HHG,2024-04-24,Buffalo Wings,Wings,9.49,8pc,1,Donald Taylor,Yes,"2065 Eastern Pkwy, Brooklyn, NY"
4ZXD82BMQW,2024-04-19,Crazy Bread,Sides,4.99,Regular,4,Thomas Brown,No,
7U61O85VO1,2024-03-03,Mountain Dew 2 Liter,Beverage,3.29,2L,10,James Rodriguez,Yes,"2256 Fulton St, Brooklyn, NY"
WGE8683PLE,2024-05-23,Deep Dish Pepperoni,Pizza,11.99,Regular,3,David Rodriguez,Yes,"5635 Court St, Brooklyn, NY"
SWP0YKKSWN,2024-01-21,2 Liter Pepsi,Beverage,3.29,2L,4,Daniel Davis,Yes,"3861 Ocean Pkwy, Brooklyn, NY"
T30GCHF4AK,2024-09-08,Crazy Bread,Sides,4.99,Regular,7,Elizabeth Wilson,Yes,"7326 Utica Ave, Brooklyn, NY"
XGGMQJ9UJE,2024-07-12,Classic Cheese Pizza,Pizza,8.99,Large,1,Jessica Garcia,Yes,"6905 Church Ave, Brooklyn, NY"
QHPZHUUG4B,2024-10-19,Classic Pepperoni Pizza,Pizza,9.49,Large,5,Nancy,Yes,"8471 Eastern Pkwy, Brooklyn, NY"
IFXZIU6HUL,2024-03-20,Classic Pepperoni Pizza,Pizza,9.49,Large,2,Patricia Wilson,No,
GQ34PGGCBI,2024-09-07,3 Meat Treat Pizza,Pizza,12.99,Large,9,Linda Smith,Yes,"6540 Church Ave, Brooklyn, NY"
BB1R3YQS5P,2024-08-27,2 Liter Diet Pepsi,Beverage,3.29,2L,5,Charles Moore,Yes,"5455 Bedford Ave, Brooklyn, NY"
NCU2LQM585,2024-12-20,Crazy Bread Combo,Sides,5.99,Regular,9,Ashley Johnson,Yes,"8865 Coney Island Ave, Brooklyn, NY"
6U9CYRVEOW,2024-02-17,Deep Dish Cheese,Pizza,11.49,Regular,4,Nancy Jackson,No,
7HW0BUPMTX,2024-02-29,Italian Cheese Bread,Sides,6.49,Regular,2,Joseph Jones,Yes,"7642 Coney Island Ave, Brooklyn, NY"
9FKE4VZN8Z,2024-12-06,Supreme Pizza,Pizza,13.99,Large,3,Patricia Williams,Yes,"4721 Bedford Ave, Brooklyn, NY"
1E4JC0FFRB,2024-02-03,2 Liter Pepsi,Beverage,3.29,2L,4,Mark Smith,Yes,"9659 Fulton St, Brooklyn, NY"
T8DL8F5WAZ,2024-11-10,Classic Pepperoni Pizza,Pizza,9.49,Large,7,Jennifer Martin,Yes,"4653 Flatbush Ave, Brooklyn, NY"
Y9NPGIRD4J,2024-01-17,2 Liter Pepsi,Beverage,3.29,2L,2,Jessica Jackson,Yes,"6050 Coney Island Ave, Brooklyn, NY"
7RPBAD0NDV,2024-02-26,Supreme Pizza,Pizza,13.99,Large,1,Betty Taylor,No,
HOEHAPM4YQ,2024-02-25,2 Liter Pepsi,Beverage,3.29,2L,5,Susan Anderson,Yes,"8429 Flatbush Ave, Brooklyn, NY"
PJPO3CVS3Z,2024-11-01,Crazy Bread Combo,Sides,5.99,Regular,3,James Hernandez,Yes,"2074 Court St, Brooklyn, NY"
JI1T3UZZZU,2024-01-17,Veggie Pizza,Pizza,12.49,Large,1,Elizabeth Hernandez,Yes,"7072 Atlantic Ave, Brooklyn, NY"
WXHVY3NUKO,2024-12-07,ExtraMostBestest Cheese,Pizza,10.49,Large,5,Betty Jackson,Yes,"8322 Flatbush Ave, Brooklyn, NY"
U69QAZ6FP9,2024-02-20,ExtraMostBestest Cheese,Pizza,10.49,Large,2,Jessica Jackson,Yes,"904 Fulton St, Brooklyn, NY"
46T9DNZWSS,2024-01-14,Crazy Bread,Sides,4.99,Regular,7,Patricia Williams,Yes,"8956 Bedford Ave, Brooklyn, NY"
6KE1Q5MS7U,2024-10-26,Aquafina Water,Beverage,1.99,20oz,7,Nancy Moore,No,
UKO1Y7SR3J,2024-09-16,Supreme Pizza,Pizza,13.99,Large,3,Sarah Garcia,No,
B6XGK6YULN,2024-12-09,Classic Pepperoni Pizza,Pizza,9.49,Large,4,Lisa Thomas,Yes,"6524 Ocean Pkwy, Brooklyn, NY"
AQLCAUDF9M,2024-08-23,Classic Cheese Pizza,Pizza,8.99,Large,4,Ashley Wilson,Yes,"840 Ocean Pkwy, Brooklyn, NY"
EJR91QUPWC,2024-11-18,Italian Cheese Bread,Sides,6.49,Regular,4,Thomas Jackson,No,
BJUDL3AF6K,2024-04-19,ExtraMostBestest Pepperoni,Pizza,10.49,Large,1,Mark Garcia,Yes,"9925 Eastern Pkwy, Brooklyn, NY"
067CSZVUTB,2024-03-15,ExtraMostBestest Pepperoni,Pizza,10.49,Large,3,Daniel Johnson,Yes,"7127 Kings Hwy, Brooklyn, NY"
LGONJPXW6Z,2024-01-02,Deep Dish Pepperoni,Pizza,11.99,Regular,4,Robert Brown,No,
RNZNZMCCYC,2024-12-22,Deep Dish Cheese,Pizza,11.49,Regular,8,David Jackson,Yes,"1579 Kings Hwy, Brooklyn, NY"
JB79YJ65WP,2024-10-02,Buffalo Wings,Wings,9.49,8pc,4,Matthew Jones,Yes,"4172 Coney Island Ave, Brooklyn, NY"
SVPI2JONEW,2024-06-16,3 Meat Treat Pizza,Pizza,12.99,Large,8,Susan Lopez,Yes,"5191 Kings Hwy, Brooklyn, NY"
5YRO1WODGZ,2024-06-21,Caesar Wings,Wings,8.99,8pc,5,Karen Lopez,Yes,"5572 Ocean Pkwy, Brooklyn, NY"
GV7P2A2Q9O,2024-07-09,Classic Cheese Pizza,Pizza,8.99,Large,3,James Moore,No,
N1BT9WNJSL,2024-03-25,ExtraMostBestest Pepperoni,Pizza,10.49,Large,4,Mary Miller,Yes,"1917 Bedford Ave, Brooklyn, NY"
H5E8FZQ1W0,2024-10-12,Classic Pepperoni Pizza,Pizza,9.49,Large,8,Barbara Rodriguez,No,
Y36MAT2C28,2024-12-15,Aquafina Water,Beverage,1.99,20oz,6,Richard Miller,No,
ORK64MGJ78,2024-05-10,Buffalo Wings,Pizza,9.49,8pc,3,Nancy Moore,Yes,"3860 Kings Hwy, Brooklyn, NY"
IVFQSX502U,2024-08-06,ExtraMostBestest Pepperoni,Pizza,10.49,Large,1,Donald Lopez,Yes,
T8ZGEHUIQS,2024-10-27,3 Meat Treat Pizza,Pizza,12.99,Large,8,Charles Jones,Yes,"5252 Fulton St, Brooklyn, NY"
SSBU7GE3AI,2024-02-22,ExtraMostBestest Pepperoni,Pizza,10.49,Large,2,Lisa Moore,No,
ADKN2K7IT7,2024-01-09,2 Liter Pepsi,Beverage,3.29,2L,1,Mary Smith,Yes,"6316 Atlantic Ave, Brooklyn, NY"
9LYDA09Q16,2024-11-24,Crazy Bread,Sides,4.99,Regular,7,William Wilson,No,
KDD49IK3TD,2024-05-22,Classic Cheese Pizza,Pizza,8.99,2L,3,James,Yes,"1321 Kings Hwy, Brooklyn, NY"
WFV2TTUSWE,2024-10-29,Crazy Bread,Sides,4.99,Regular,3,Anthony Moore,Yes,"346 Kings Hwy, Brooklyn, NY"
7E51M4WU3G,2024-12-15,Deep Dish Pepperoni,Pizza,11.99,Regular,10,Susan Garcia,Yes,"6178 Ocean Pkwy, Brooklyn, NY"
D0RNGCT2XF,2024-02-10,Classic Cheese Pizza,Pizza,8.99,Large,7,John Anderson,No,
0JE3MKR4L2,2024-12-30,Classic Cheese Pizza,Pizza,8.99,Large,7,Karen Thomas,Yes,"2765 Bedford Ave, Brooklyn, NY"
JBG3K59S7V,2024-10-22,Classic Pepperoni Pizza,Pizza,9.49,Large,2,Barbara Thomas,No,
RCMUZ8DU9V,2024-05-23,2 Liter Pepsi,Beverage,3.29,2L,2,Jennifer Rodriguez,Yes,"8565 Bedford Ave, Brooklyn, NY"
3VYAR63X5U,2024-02-25,2 Liter Pepsi,Beverage,3.29,2L,5,Barbara Davis,Yes,"814 Utica Ave, Brooklyn, NY"
VKQE4DWZ79,2024-12-30,ExtraMostBestest Cheese,Pizza,10.49,Large,7,Robert Jackson,No,
52MJ13M7PC,2024-06-08,Classic Pepperoni Pizza,Pizza,9.49,Large,4,Robert Lopez,Yes,"5544 Flatbush Ave, Brooklyn, NY"
72W4OEBMQP,2024-10-06,2 Liter Pepsi,Beverage,3.29,2L,6,Linda Rodriguez,Yes,"9738 Court St, Brooklyn, NY"
A9DI89QSNV,2024-01-26,ExtraMostBestest Pepperoni,Pizza,10.49,Large,4,John Lopez,Yes,"5597 Kings Hwy, Brooklyn, NY"
CGACEPL2U5,2024-03-13,Crazy Bread Combo,Sides,5.99,Regular,3,Joseph Gonzalez,No,
MPB4DPGEVB,2024-03-21,Classic Cheese Pizza,Pizza,8.99,Large,4,Michael Garcia,Yes,"1918 Kings Hwy, Brooklyn, NY"
6EJEBHBW9K,2024-10-29,ExtraMostBestest Cheese,Pizza,10.49,Large,3,Lisa Williams,No,
FNCC8UUXOP,2024-06-02,Classic Cheese Pizza,Pizza,8.99,Large,4,Karen Garcia,No,
HG4LZ95AOQ,2024-10-07,2 Liter Diet Pepsi,Beverage,3.29,2L,1,William Johnson,Yes,"7296 Fulton St, Brooklyn, NY"
CG8ZF2L4C0,2024-03-21,Italian Cheese Bread,Sides,6.49,Regular,3,Barbara Smith,Yes,"2732 Eastern Pkwy, Brooklyn, NY"
87Q19U9Q44,2024-01-21,Classic Cheese Pizza,Pizza,8.99,Large,6,Ashley Wilson,Yes,"8963 Court St, Brooklyn, NY"
6ZE6E24I1A,2024-10-30,Classic Cheese Pizza,Pizza,8.99,Large,4,Mark Davis,Yes,"860 Nostrand Ave, Brooklyn, NY"
HNTCVL0YQZ,2024-12-24,Classic Pepperoni Pizza,Pizza,9.49,Large,4,Thomas Jackson,Yes,"8692 Atlantic Ave, Brooklyn, NY"
VF6RGSL55X,2024-10-11,Classic Cheese Pizza,Pizza,8.99,Large,1,Anthony Hernandez,No,
JJRKHE0SDP,2024-03-11,Aquafina Water,Beverage,1.99,20oz,2,Sarah Miller,Yes,"984 Bedford Ave, Brooklyn, NY"
PM7ZDNG61S,2024-07-03,Mountain Dew 2 Liter,Beverage,3.29,2L,3,Nancy Smith,No,
DTECAFVO5Y,2024-01-25,3 Meat Treat Pizza,Pizza,12.99,Large,4,Mark Johnson,Yes,"147 Eastern Pkwy, Brooklyn, NY"
8TJWOFC57P,2024-08-28,Italian Cheese Bread,Sides,6.49,Regular,3,Mary Garcia,No,
NCU22KB8OH,2024-01-29,Classic Cheese Pizza,Pizza,8.99,Large,3,Mark Gonzalez,No,
2X707TLYDS,2024-04-06,ExtraMostBestest Pepperoni,Pizza,10.49,Large,8,Karen Gonzalez,Yes,"5052 Eastern Pkwy, Brooklyn, NY"
IE8989GNCT,2024-01-21,Deep Dish Pepperoni,Pizza,11.99,Regular,10,Ashley Wilson,No,
Q06UJLQV62,2024-05-13,ExtraMostBestest Pepperoni,Pizza,10.49,Large,2,Linda Williams,No,
CHKCMNT6U7,2024-11-21,ExtraMostBestest Pepperoni,Pizza,10.49,Large,3,Barbara Jackson,Yes,"4030 Coney Island Ave, Brooklyn, NY"
4IQ9ENZ9JN,2024-06-05,Mountain Dew 2 Liter,Beverage,3.29,2L,4,Karen Jones,No,
H1I8YATYE7,2024-05-26,Mountain Dew 2 Liter,Beverage,3.29,2L,7,Jennifer Wilson,No,
J4XYBRXFX3,2024-03-26,Buffalo Wings,Wings,9.49,8pc,2,John Moore,Yes,"9094 Fulton St, Brooklyn, NY"
GQE6XB1Z33,2024-09-27,Classic Cheese Pizza,Pizza,8.99,Large,4,Mark Jones,No,
8YE71TWD96,2024-02-02,Mountain Dew 2 Liter,Beverage,3.29,2L,1,Mary Johnson,Yes,"8605 Eastern Pkwy, Brooklyn, NY"
8M6XHIGX1P,2024-04-11,Classic Pepperoni Pizza,Pizza,9.49,Large,4,Anthony Gonzalez,Yes,"2625 Court St, Brooklyn, NY"
DB9BGV2ESF,2024-04-07,Crazy Bread Combo,Sides,5.99,Regular,4,Matthew Davis,Yes,"7860 Utica Ave, Brooklyn, NY"
X4PZJ42RL1,2024-07-14,2 Liter Pepsi,Beverage,3.29,2L,4,Barbara Moore,Yes,"6595 Atlantic Ave, Brooklyn, NY"
UZXY4G8ON3,2024-04-17,Classic Pepperoni Pizza,Pizza,9.49,Large,2,Thomas Smith,Yes,"2744 Utica Ave, Brooklyn, NY"
2J3AYIUKEU,2024-06-21,Crazy Bread,Sides,4.99,Regular,6,Linda Thomas,No,
XNLJRNJCGW,2024-12-03,Classic Pepperoni Pizza,Pizza,9.49,Large,1,Jennifer Gonzalez,No,
GRAEJPFAWX,2024-02-14,Classic Cheese Pizza,Pizza,8.99,Large,4,David Hernandez,Yes,"9377 Eastern Pkwy, Brooklyn, NY"
RCP6I29GPO,2024-12-04,Classic Cheese Pizza,Pizza,8.99,Large,1,Linda Wilson,Yes,"3406 Ocean Pkwy, Brooklyn, NY"
LG8Y2WGEBE,2024-08-23,Italian Cheese Bread,Sides,6.49,Regular,3,Linda Miller,No,
RKQQL7PH6P,2024-01-13,Classic Cheese Pizza,Pizza,8.99,Large,8,Daniel Anderson,Yes,"4733 Ocean Pkwy, Brooklyn, NY"
C5UMUNLBNQ,2024-05-11,Aquafina Water,Beverage,1.99,20oz,6,Linda Thomas,Yes,"5256 Utica Ave, Brooklyn, NY"
WMKXI9157K,2024-07-07,Classic Cheese Pizza,Pizza,8.99,Large,5,Lisa Miller,Yes,"7680 Coney Island Ave, Brooklyn, NY"
I55JSYXUFB,2024-12-29,ExtraMostBestest Pepperoni,Pizza,10.49,Large,5,Ashley Martin,Yes,"6580 Ocean Pkwy, Brooklyn, NY"
IDA6UEYERB,2024-08-03,ExtraMostBestest Cheese,Pizza,10.49,Large,8,Michael Jackson,No,
U3F0MEE0Q4,2024-09-22,ExtraMostBestest Cheese,Pizza,10.49,Large,6,David Thomas,Yes,"6863 Kings Hwy, Brooklyn, NY"
JMKJLNDITN,2024-09-27,2 Liter Pepsi,Beverage,3.29,2L,4,Lisa Thomas,Yes,"5627 Eastern Pkwy, Brooklyn, NY"
ZO0YX2TBT6,2024-05-31,2 Liter Pepsi,Beverage,3.29,Large,4,Sandra Davis,Yes,"2323 Flatbush Ave, Brooklyn, NY"
QGBHLFT2NB,2024-06-09,Mountain Dew 2 Liter,Beverage,3.29,2L,10,Mary Jones,No,
HJQCYYPQ7A,2024-10-13,Classic Pepperoni Pizza,Pizza,9.49,Large,8,Nancy Garcia,Yes,"7447 Kings Hwy, Brooklyn, NY"
3GBJ72BTQ8,2024-03-13,2 Liter Pepsi,Beverage,3.29,2L,4,David Davis,No,
Q1D7XYLJD2,2024-01-09,Caesar Wings,Wings,8.99,8pc,1,Jennifer Jones,No,
N1KJS08RWQ,2024-04-03,Crazy Bread,Sides,4.99,Regular,3,Sarah Anderson,Yes,"8973 Nostrand Ave, Brooklyn, NY"
WY66QB3KBW,2024-02-09,Caesar Wings,Wings,8.99,8pc,2,Patricia Taylor,Yes,"1508 Flatbush Ave, Brooklyn, NY"
UGA4FEGYYJ,2024-03-18,ExtraMostBestest Pepperoni,Pizza,10.49,Large,3,Barbara Garcia,Yes,"4225 Utica Ave, Brooklyn, NY"
AQ2ANY1YC1,2024-07-14,2 Liter Pepsi,Beverage,3.29,2L,6,Elizabeth Anderson,Yes,"4849 Church Ave, Brooklyn, NY"
6UACOTFVAN,2024-12-15,ExtraMostBestest Cheese,Pizza,10.49,Large,9,Susan Miller,Yes,"3076 Coney Island Ave, Brooklyn, NY"
O30X8BNMJS,2024-03-21,Italian Cheese Bread,Sides,6.49,Regular,2,Michael Johnson,Yes,"5385 Coney Island Ave, Brooklyn, NY"
D32NKX5ZT5,2024-10-09,Crazy Bread,Sides,4.99,Regular,3,Daniel Moore,No,
3S18WK501E,2024-10-01,Deep Dish Pepperoni,Pizza,11.99,Regular,4,Anthony Jackson,Yes,"238 Atlantic Ave, Brooklyn, NY"
S51ZEQWF1V,2024-03-07,Supreme Pizza,Pizza,13.99,Large,2,Robert Wilson,Yes,"1931 Ocean Pkwy, Brooklyn, NY"
70TGO5AWLG,2024-11-09,Crazy Bread,Sides,4.99,Regular,9,Michael Brown,Yes,"8516 Utica Ave, Brooklyn, NY"
COZFQPII49,2024-09-28,ExtraMostBestest Pepperoni,Pizza,10.49,Large,8,Sarah Garcia,No,
GQIT8D9GX2,2024-09-13,Classic Pepperoni Pizza,Pizza,9.49,Large,4,Donald Williams,Yes,"8024 Coney Island Ave, Brooklyn, NY"
0ZO6RDB103,2024-04-25,Classic Pepperoni Pizza,Pizza,9.49,Large,2,Linda Lopez,Yes,"8424 Utica Ave, Brooklyn, NY"
IYMR0AZ0ZN,2024-11-21,Classic Pepperoni Pizza,Pizza,9.49,Large,1,Robert Anderson,Yes,"1329 Ocean Pkwy, Brooklyn, NY"
PW105UVQWF,2024-07-23,Crazy Bread Combo,Sides,5.99,Regular,4,Mark Brown,Yes,"5898 Ocean Pkwy, Brooklyn, NY"
J8GVSKOI4S,2024-08-04,Crazy Bread,Sides,4.99,Regular,5,James Moore,Yes,"6593 Fulton St, Brooklyn, NY"
35LG49FFQO,2024-04-15,Crazy Bread,Sides,4.99,Regular,4,Elizabeth Jackson,No,
GXBRYTIVR4,2024-11-04,ExtraMostBestest Pepperoni,Pizza,10.49,8pc,1,Jennifer Rodriguez,No,
XA8MKU1GPT,2024-02-24,Italian Cheese Bread,Sides,6.49,Regular,8,Ashley Smith,Yes,"7424 Kings Hwy, Brooklyn, NY"
7K8EVBRX8U,2024-05-30,2 Liter Pepsi,Beverage,3.29,2L,8,Ashley Smith,Yes,"7961 Utica Ave, Brooklyn, NY"
GVLHWXPBRR,2024-07-10,2 Liter Diet Pepsi,Beverage,3.29,2L,5,David Lopez,Yes,"2165 Atlantic Ave, Brooklyn, NY"
MDZ5VAIEGD,2024-10-04,3 Meat Treat Pizza,Pizza,12.99,Large,3,Susan Hernandez,Yes,"3750 Ocean Pkwy, Brooklyn, NY"
YG4F4DESRW,2024-08-29,2 Liter Pepsi,Beverage,3.29,2L,4,Sarah Moore,Yes,"7073 Church Ave, Brooklyn, NY"
T00E2QMK3U,2024-01-29,Supreme Pizza,Pizza,13.99,Large,3,Elizabeth Martin,Yes,"872 Kings Hwy, Brooklyn, NY"
PBRTG6C2RR,2024-05-28,Classic Pepperoni Pizza,Pizza,9.49,Large,2,Sarah Smith,Yes,"8100 Court St, Brooklyn, NY"
3SDUDPRK5R,2024-10-11,Classic Cheese Pizza,Pizza,8.99,Large,4,Jennifer Brown,Yes,"1125 Kings Hwy, Brooklyn, NY"
6BVVBBBVMI,2024-08-14,Italian Cheese Bread,Sides,6.49,Regular,4,Ashley Williams,Yes,"6612 Ocean Pkwy, Brooklyn, NY"
SW74WQNG6N,2024-04-29,Classic Cheese Pizza,Pizza,8.99,Large,3,Karen Wilson,Yes,"1492 Court St, Brooklyn, NY"
443KTX6QCA,2024-09-08,Caesar Wings,Wings,8.99,8pc,9,Robert Taylor,No,
OSC0WHS14E,2024-10-24,ExtraMostBestest Cheese,Pizza,10.49,Large,3,Betty Brown,No,
DQBLUPPH3N,2024-05-05,Classic Cheese Pizza,Pizza,8.99,Large,10,James Smith,Yes,"5614 Ocean Pkwy, Brooklyn, NY"
IVA8T49LXL,2024-12-02,Crazy Bread,Sides,4.99,Small,3,Joseph Smith,No,
KZHCMZ2RNO,2024-08-06,Classic Pepperoni Pizza,Pizza,9.49,Large,1,David Moore,No,
XDMNNVUM2E,2024-02-10,2 Liter Diet Pepsi,Beverage,3.29,2L,6,Linda Martin,Yes,"3524 Kings Hwy, Brooklyn, NY"
GC3J3YC6WZ,2024-05-06,ExtraMostBestest Cheese,Pizza,10.49,Large,4,Jessica Thomas,Yes,"8424 Nostrand Ave, Brooklyn, NY"
45JJJE1ILH,2024-06-14,Mountain Dew 2 Liter,Beverage,3.29,2L,9,Mary Lopez,No,
JL8EZ31T6E,2024-07-29,Classic Cheese Pizza,Pizza,8.99,Large,1,Anthony Martin,Yes,"4361 Utica Ave, Brooklyn, NY"
8V16SHQXMS,2024-08-20,Veggie Pizza,Pizza,12.49,Large,3,Sarah Brown,Yes,"7060 Court St, Brooklyn, NY"
358GEEJGBJ,2024-04-19,Italian Cheese Bread,Sides,6.49,Regular,4,Joseph Smith,No,
J9ITCWZL87,2024-03-28,Crazy Bread,Sides,4.99,Regular,2,Joseph Jones,Yes,"5934 Fulton St, Brooklyn, NY"
KFKJ6XHPD3,2024-05-21,Classic Pepperoni Pizza,Pizza,9.49,Large,4,Robert Gonzalez,Yes,"9242 Fulton St, Brooklyn, NY"
CMOTBMRLCR,2024-04-08,Classic Cheese Pizza,Pizza,8.99,Large,3,Richard Miller,Yes,"1725 Utica Ave, Brooklyn, NY"
TNBS5XRGA3,2024-10-15,Classic Pepperoni Pizza,Pizza,9.49,Large,1,Michael Martin,No,
1K26GFXAMH,2024-12-29,ExtraMostBestest Cheese,Pizza,10.49,Large,8,Patricia Jackson,No,
MD7QCQ3ZA8,2024-02-12,Deep Dish Cheese,Pizza,11.49,Regular,2,Mark Anderson,Yes,"5098 Utica Ave, Brooklyn, NY"
VTORP59YEQ,2024-06-25,Classic Pepperoni Pizza,Pizza,9.49,Large,9,Patricia Brown,Yes,"707 Bedford Ave, Brooklyn, NY"
4EPBO01717,2024-01-05,Aquafina Water,Beverage,1.99,20oz,3,Nancy Davis,Yes,"487 Court St, Brooklyn, NY"
I8OJGZACF0,2024-11-07,Classic Pepperoni Pizza,Pizza,9.49,Large,2,Linda Rodriguez,No,
AS1UDJOAU4,2024-03-16,Veggie Pizza,Pizza,12.49,Large,5,James Johnson,Yes,"3510 Nostrand Ave, Brooklyn, NY"
NT0K9875TR,2024-10-17,Classic Cheese Pizza,Pizza,8.99,Large,2,Ashley Anderson,Yes,"8201 Nostrand Ave, Brooklyn, NY"
8CD5LXTNJS,2024-05-05,ExtraMostBestest Pepperoni,Pizza,10.49,Large,3,Mark Jackson,No,
VJUZ5PFBCE,2024-06-07,Italian Cheese Bread,Sides,6.49,Regular,2,James Williams,Yes,"4356 Eastern Pkwy, Brooklyn, NY"
6FTSCJLEI6,2024-01-09,2 Liter Pepsi,Beverage,3.29,2L,2,Robert Jones,No,
9MAX6EBQGB,2024-04-08,Crazy Bread,Sides,4.99,Regular,4,Joseph Smith,Yes,"3741 Kings Hwy, Brooklyn, NY"
L8109JNB5X,2024-01-13,3 Meat Treat Pizza,Pizza,12.99,2L,3,Joseph Williams,Yes,"8658 Bedford Ave, Brooklyn, NY"
IUPROG710E,2024-08-13,2 Liter Diet Pepsi,Beverage,3.29,2L,6,Karen Williams,Yes,"512 Atlantic Ave, Brooklyn, NY"
FE98WP94P4,2024-04-03,Supreme Pizza,Pizza,13.99,Large,4,Thomas Gonzalez,No,
53LLP0NFDD,2024-11-15,ExtraMostBestest Pepperoni,Pizza,10.49,Large,3,Jennifer Jackson,Yes,"1419 Eastern Pkwy, Brooklyn, NY"
QAYIIY2S53,2024-08-09,Caesar Wings,Wings,8.99,8pc,3,Betty Garcia,No,
5EOL0TA8RD,2024-09-27,Italian Cheese Bread,Sides,6.49,Regular,3,William Smith,Yes,"6738 Coney Island Ave, Brooklyn, NY"
BAK73I1RD3,2024-09-15,Italian Cheese Bread,Sides,6.49,Regular,6,Michael Brown,Yes,"1123 Utica Ave, Brooklyn, NY"
JUK9QS57WC,2024-10-11,Italian Cheese Bread,Sides,6.49,Regular,4,Patricia Gonzalez,No,
2Q4EHV1WNR,2024-06-23,Mountain Dew 2 Liter,Beverage,3.29,2L,8,Thomas Anderson,Yes,"2827 Court St, Brooklyn, NY"
BGJ5G1HOG8,2024-10-01,Caesar Wings,Wings,8.99,8pc,2,Joseph Wilson,Yes,"3814 Flatbush Ave, Brooklyn, NY"
N05FL0463N,2024-10-26,Classic Pepperoni Pizza,Pizza,9.49,Large,6,Richard Thomas,Yes,"7569 Church Ave, Brooklyn, NY"
CAKDP3CA4B,2024-01-05,Classic Cheese Pizza,Pizza,8.99,Large,2,Donald Garcia,Yes,"8663 Church Ave, Brooklyn, NY"
WLLDAAE16P,2024-02-06,Classic Cheese Pizza,Pizza,8.99,Large,4,Anthony Moore,No,
166LDINUSM,2024-03-20,Caesar Wings,Wings,8.99,8pc,4,Patricia Hernandez,No,
FMPAH3QN21,2024-07-11,ExtraMostBestest Pepperoni,Pizza,10.49,Large,1,Robert Martinez,Yes,"6380 Flatbush Ave, Brooklyn, NY"
ZYNFGJ1YOF,2024-11-24,Veggie Pizza,Pizza,12.49,Large,7,Elizabeth Davis,Yes,"8073 Kings Hwy, Brooklyn, NY"
T7RYME6PSR,2024-10-11,Supreme Pizza,Pizza,13.99,Large,3,Robert Smith,Yes,"7122 Church Ave, Brooklyn, NY"
1RU08L4PJA,2024-12-09,Classic Cheese Pizza,Pizza,8.99,Large,1,Charles Davis,Yes,"8674 Coney Island Ave, Brooklyn, NY"
FGHO4QHCG7,2024-12-01,Classic Pepperoni Pizza,Pizza,9.49,Large,8,Karen Anderson,Yes,"7860 Court St, Brooklyn, NY"
2F5NK4OTBG,2024-02-22,Classic Pepperoni Pizza,Pizza,9.49,Large,1,Mark Lopez,No,
RCPACQ5AH9,2024-08-05,Classic Cheese Pizza,Sides,8.99,Large,1,James Garcia,Yes,"3035 Bedford Ave, Brooklyn, NY"
7NIE3FKP96,2024-04-09,3 Meat Treat Pizza,Pizza,12.99,Large,4,Lisa Smith,No,
VEZ9RTD6EN,2024-04-23,Classic Cheese Pizza,Pizza,8.99,Large,1,David Rodriguez,No,
0VA0STKA09,2024-01-25,ExtraMostBestest Cheese,Pizza,10.49,Large,3,Susan Anderson,Yes,"7152 Utica Ave, Brooklyn, NY"
T6VGF8IG8I,2024-01-12,Italian Cheese Bread,Sides,6.49,Regular,2,Mark Garcia,Yes,"1792 Ocean Pkwy, Brooklyn, NY"
33K2W1I5KI,2024-03-19,Classic Cheese Pizza,Pizza,8.99,Large,3,Karen Davis,Yes,"1072 Atlantic Ave, Brooklyn, NY"
C21O6WW8EI,2024-10-30,2 Liter Diet Pepsi,Beverage,3.29,2L,4,Barbara Jackson,Yes,"8904 Flatbush Ave, Brooklyn, NY"
QZDN0EP8RF,2024-04-11,Veggie Pizza,Pizza,12.49,Large,1,William Garcia,Yes,"9733 Kings Hwy, Brooklyn, NY"
5JGZCY4MLJ,2024-11-18,2 Liter Pepsi,Beverage,3.29,2L,4,James Martin,Yes,"2424 Utica Ave, Brooklyn, NY"
JE8SI3WYZT,2024-03-12,Crazy Bread Combo,Sides,5.99,Regular,1,Sandra Anderson,Yes,"908 Court St, Brooklyn, NY"
9PD57FQTKP,2024-04-02,Classic Pepperoni Pizza,Pizza,9.49,Large,1,Jessica Thomas,No,
E2ASOEVGKH,2024-09-23,Classic Cheese Pizza,Pizza,8.99,Large,3,Thomas Miller,No,
JGA4GF7DUG,2024-06-12,Caesar Wings,Wings,8.99,8pc,5,Jennifer Lopez,Yes,"2705 Bedford Ave, Brooklyn, NY"
GC4XAIC0DH,2024-01-07,Classic Cheese Pizza,Pizza,8.99,Large,9,Joseph Johnson,No,
XLKDYP4RPE,2024-04-12,ExtraMostBestest Cheese,Pizza,10.49,Large,2,John Jackson,Yes,"7696 Atlantic Ave, Brooklyn, NY"
OA7WKDPEHD,2024-12-28,ExtraMostBestest Pepperoni,Pizza,10.49,Large,5,Jennifer Miller,Yes,"3839 Fulton St, Brooklyn, NY"
JKWBJPCLMS,2024-05-27,ExtraMostBestest Cheese,Pizza,10.49,Large,1,Lisa Gonzalez,Yes,"7700 Fulton St, Brooklyn, NY"
M22SNJU9F5,2024-02-14,Supreme Pizza,Pizza,13.99,Large,4,Donald Garcia,Yes,"3094 Flatbush Ave, Brooklyn, NY"
9AMSM5R7GO,2024-07-08,Caesar Wings,Wings,8.99,8pc,2,Robert Wilson,No,
C148MO64E5,2024-06-13,ExtraMostBestest Pepperoni,Pizza,10.49,Large,3,Lisa,No,
LBQ4UA9N1P,2024-07-25,Italian Cheese Bread,Sides,6.49,Regular,1,Barbara Taylor,Yes,"1527 Court St, Brooklyn, NY"
5E7GGO46X1,2024-01-19,ExtraMostBestest Cheese,Pizza,10.49,Large,2,Thomas Davis,Yes,"7060 Ocean Pkwy, Brooklyn, NY"
5SRO0L9LAY,2024-09-19,Crazy Bread,Sides,4.99,Regular,4,Lisa Martin,Yes,"8331 Kings Hwy, Brooklyn, NY"
0BOGCC1U86,2024-03-11,ExtraMostBestest Pepperoni,Pizza,10.49,Large,2,Mary Rodriguez,No,
QQ6AP3VGVF,2024-04-08,Classic Cheese Pizza,Pizza,8.99,Large,2,Ashley Garcia,Yes,"9383 Court St, Brooklyn, NY"
CMTGN9T8JU,2024-12-22,Classic Pepperoni Pizza,Pizza,9.49,Large,4,Elizabeth Martin,No,
NXXYMXU16B,2024-05-22,Deep Dish Pepperoni,Pizza,11.99,Regular,2,Betty Williams,No,
8CFFF8TX13,2024-05-09,ExtraMostBestest Cheese,Pizza,10.49,Large,2,Anthony Johnson,Yes,"3372 Fulton St, Brooklyn, NY"
64GROABEAW,2024-06-16,2 Liter Pepsi,Beverage,3.29,,7,Charles Garcia,Yes,"9593 Kings Hwy, Brooklyn, NY"
56CA037FF5,2024-11-21,Supreme Pizza,Pizza,13.99,Large,2,William Miller,Yes,"4434 Church Ave, Brooklyn, NY"
3ZIN1A7KNE,2024-11-01,Classic Pepperoni Pizza,Pizza,9.49,Large,1,Robert Davis,No,
3J5SFMZQRS,2024-12-19,Italian Cheese Bread,Sides,6.49,Large,5,Thomas Williams,Yes,"7061 Church Ave, Brooklyn, NY"
KCNL384XG0,2024-12-30,ExtraMostBestest Pepperoni,Pizza,10.49,Large,9,Robert Davis,No,
V6V3V020IL,2024-04-05,Mountain Dew 2 Liter,Beverage,3.29,2L,4,Karen Jones,Yes,"6829 Ocean Pkwy, Brooklyn, NY"
B8363DHTG1,2024-09-01,Deep Dish Cheese,Pizza,11.49,Regular,10,Joseph Martin,No,
8KXIBK7CKA,2024-03-05,Classic Cheese Pizza,Pizza,8.99,Large,4,Elizabeth Johnson,Yes,"1189 Church Ave, Brooklyn, NY"
7E6L8XCGMI,2024-10-21,Deep Dish Pepperoni,Pizza,11.99,Regular,4,Robert Johnson,Yes,"9005 Fulton St, Brooklyn, NY"
9B9NT5DXI7,2024-09-05,Deep Dish Cheese,Pizza,11.49,Regular,4,William Moore,Yes,"1776 Ocean Pkwy, Brooklyn, NY"
LOARRXC9MI,2024-07-28,Supreme Pizza,Pizza,13.99,Large,6,Anthony Martinez,Yes,"7969 Bedford Ave, Brooklyn, NY"
QTAJPP8OEI,2024-10-21,Classic Cheese Pizza,Pizza,8.99,Large,2,Nancy Jackson,Yes,"5564 Ocean Pkwy, Brooklyn, NY"
FTMJN8B3UM,2024-01-03,Aquafina Water,Beverage,1.99,20oz,4,Daniel Johnson,Yes,"1268 Fulton St, Brooklyn, NY"
BRRBAI3AL6,2024-06-26,Classic Cheese Pizza,Pizza,8.99,Large,3,Joseph Rodriguez,No,
6TO8WYAQTF,2024-05-21,Classic Pepperoni Pizza,Pizza,9.49,Large,1,Jennifer Williams,Yes,"9044 Bedford Ave, Brooklyn, NY"
EBG9K4SSB1,2024-11-07,ExtraMostBestest Cheese,Pizza,10.49,Large,3,Richard Martinez,No,
IDY63NDTTU,2024-01-22,3 Meat Treat Pizza,Pizza,12.99,Large,4,Matthew Brown,Yes,"772 Eastern Pkwy, Brooklyn, NY"
KRZ25YYEXH,2024-07-23,ExtraMostBestest Cheese,Pizza,10.49,Large,2,Daniel Gonzalez,Yes,"1925 Ocean Pkwy, Brooklyn, NY"
9EOIZU7N9E,2024-02-02,Supreme Pizza,Pizza,13.99,Large,3,Mark Martin,No,
ATE4VV9C0X,2024-09-30,ExtraMostBestest Cheese,Pizza,10.49,Large,3,Ashley Anderson,Yes,"8065 Court St, Brooklyn, NY"
BWTB5Q787X,2024-03-10,Classic Pepperoni Pizza,Pizza,9.49,Large,7,Anthony Lopez,Yes,"3377 Fulton St, Brooklyn, NY"
4KL9FG2NEW,2024-05-19,ExtraMostBestest Pepperoni,Pizza,10.49,Large,4,Elizabeth Martinez,Yes,"9223 Ocean Pkwy, Brooklyn, NY"
P7AH2CSANH,2024-12-24,Classic Cheese Pizza,Pizza,8.99,Large,9,Betty Wilson,Yes,"6791 Atlantic Ave, Brooklyn, NY"
80ND3Y9QB0,2024-08-13,Classic Cheese Pizza,Pizza,8.99,Large,2,Susan Johnson,No,
VJYQTAYBGI,2024-02-10,Classic Pepperoni Pizza,Pizza,9.49,Large,9,Richard Jackson,No,
HYH9OJGUEI,2024-09-01,Italian Cheese Bread,Sides,6.49,Regular,6,Patricia Jackson,Yes,"197 Eastern Pkwy, Brooklyn, NY"
YADYAPG1GK,2024-07-21,Classic Pepperoni Pizza,Pizza,9.49,Large,9,Ashley Davis,Yes,"7297 Fulton St, Brooklyn, NY"
PPYWH8EA32,2024-06-01,Classic Pepperoni Pizza,Pizza,9.49,Large,6,James Thomas,No,
0ZBO70B2AU,2024-04-19,Aquafina Water,Beverage,1.99,20oz,2,Susan Jones,No,
PPN74PF4IO,2024-07-12,Classic Cheese Pizza,Pizza,8.99,Large,1,Thomas Martinez,Yes,"2876 Ocean Pkwy, Brooklyn, NY"
VD79ZURUTK,2024-12-05,Caesar Wings,Wings,8.99,8pc,3,Betty Rodriguez,No,
EIV6DDZV7T,2024-02-09,Aquafina Water,Beverage,1.99,20oz,3,James Martinez,Yes,"5260 Kings Hwy, Brooklyn, NY"
VT67K37FOQ,2024-12-04,Crazy Bread,Sides,4.99,Regular,1,Linda Rodriguez,Yes,"9314 Kings Hwy, Brooklyn, NY"
KNBZ9H0UNL,2024-09-08,Deep Dish Pepperoni,Pizza,11.99,Regular,7,Robert Miller,No,
FOE4C5PNED,2024-10-21,Italian Cheese Bread,Sides,6.49,Regular,3,Susan,No,
M9GQJANQS3,2024-06-12,ExtraMostBestest Cheese,Pizza,10.49,Large,10,David Thomas,No,
F4HT69A143,2024-03-08,Buffalo Wings,Wings,9.49,8pc,3,Barbara Rodriguez,Yes,"6894 Coney Island Ave, Brooklyn, NY"
2LBWTBV50H,2024-02-02,2 Liter Pepsi,Beverage,3.29,2L,4,Susan Miller,No,
M11R99ALX8,2024-01-07,Crazy Bread Combo,Sides,5.99,Regular,6,Robert Rodriguez,Yes,"9534 Fulton St, Brooklyn, NY"
FSV5Q4FIUP,2024-12-12,Deep Dish Cheese,Pizza,11.49,Regular,5,Jennifer Martin,Yes,"7181 Flatbush Ave, Brooklyn, NY"
4LX5Z3JUFX,2024-05-26,Supreme Pizza,Pizza,13.99,Large,9,Elizabeth Williams,No,
ZNGVXXYN9T,2024-08-07,ExtraMostBestest Pepperoni,Pizza,10.49,Large,1,Richard Martin,No,
IQFXEW8AFG,2024-02-16,2 Liter Diet Pepsi,Beverage,3.29,2L,4,Mark Lopez,Yes,"2503 Coney Island Ave, Brooklyn, NY"
RLVC35TY40,2024-10-20,Supreme Pizza,Pizza,13.99,Large,3,Sarah Anderson,Yes,"4568 Utica Ave, Brooklyn, NY"
STPHAFARCI,2024-02-03,Supreme Pizza,Pizza,13.99,Large,9,Sarah Jackson,Yes,"9971 Flatbush Ave, Brooklyn, NY"
SE3XR6N18B,2024-02-25,3 Meat Treat Pizza,Pizza,12.99,Large,4,John Moore,Yes,"5567 Utica Ave, Brooklyn, NY"
XVQBZBRQW5,2024-08-20,Classic Pepperoni Pizza,Pizza,9.49,Large,2,Sarah Jones,Yes,"2504 Ocean Pkwy, Brooklyn, NY"
MB4LYBEDRV,2024-04-25,Caesar Wings,Wings,8.99,8pc,2,Betty Thomas,Yes,"7408 Flatbush Ave, Brooklyn, NY"
DFIXLBO9EW,2024-04-23,2 Liter Pepsi,Beverage,3.29,2L,3,Thomas Moore,Yes,"5198 Kings Hwy, Brooklyn, NY"
OR3A1I10PK,2024-09-30,3 Meat Treat Pizza,Pizza,12.99,Large,1,Karen Anderson,Yes,"7274 Fulton St, Brooklyn, NY"
FPDOU0ZE3L,2024-08-09,Classic Cheese Pizza,Pizza,8.99,Large,2,Anthony Thomas,Yes,"7960 Nostrand Ave, Brooklyn, NY"
KNQJGE0UTX,2024-12-27,ExtraMostBestest Cheese,Pizza,10.49,Large,6,Richard Lopez,Yes,"5016 Atlantic Ave, Brooklyn, NY"
D2KJRZCV3H,2024-09-06,2 Liter Diet Pepsi,Beverage,3.29,2L,3,David Smith,Yes,"7340 Flatbush Ave, Brooklyn, NY"
W80UXN3E6O,2024-08-18,Veggie Pizza,Pizza,12.49,Large,5,Richard Martinez,Yes,"2154 Court St, Brooklyn, NY"
EY9JVB6HPP,2024-03-04,Supreme Pizza,Pizza,13.99,Large,4,Robert Hernandez,Yes,"1377 Flatbush Ave, Brooklyn, NY"
6PL5NBTI1N,2024-08-03,ExtraMostBestest Pepperoni,Pizza,10.49,Large,8,John Hernandez,Yes,"7511 Ocean Pkwy, Brooklyn, NY"
423L90MCZH,2024-10-26,Classic Cheese Pizza,Pizza,8.99,Large,8,Jennifer Thomas,Yes,"2687 Eastern Pkwy, Brooklyn, NY"
K3FDJ2QSVL,2024-05-18,Mountain Dew 2 Liter,Beverage,3.29,2L,10,Linda Jackson,No,
RILUL7JPTG,2024-12-18,Classic Cheese Pizza,Pizza,8.99,Large,5,Joseph Thomas,Yes,"4776 Nostrand Ave, Brooklyn, NY"
XA53XI3C7G,2024-01-08,Classic Cheese Pizza,Pizza,8.99,Large,4,Karen Gonzalez,Yes,"1694 Flatbush Ave, Brooklyn, NY"
EKDKFORDCL,2024-01-07,Italian Cheese Bread,Sides,6.49,Regular,6,Thomas Wilson,Yes,"988 Bedford Ave, Brooklyn, NY"
B9I9EXBNXD,2024-03-13,Deep Dish Cheese,Pizza,11.49,Regular,1,Richard Wilson,No,
2F0J3OKEKS,2024-11-10,Crazy Bread,Sides,4.99,Regular,3,William Moore,No,
3JUWMW3M4D,2024-06-01,ExtraMostBestest Pepperoni,Pizza,10.49,Large,9,Susan Wilson,Yes,"9662 Court St, Brooklyn, NY"
SWOKJ2NI4Z,2024-07-15,Crazy Bread Combo,Sides,5.99,Regular,4,Charles Williams,No,
TMIK5Z9RVK,2024-08-14,Classic Pepperoni Pizza,Pizza,9.49,Large,3,Linda Hernandez,Yes,"5306 Eastern Pkwy, Brooklyn, NY"
0IUOD0FUVI,2024-02-11,ExtraMostBestest Cheese,Pizza,10.49,Large,7,Nancy Moore,No,
3ADTPRTZUF,2024-10-06,Crazy Bread,Sides,4.99,Regular,6,Thomas Williams,Yes,"3779 Eastern Pkwy, Brooklyn, NY"
KFU3F4K1H3,2024-10-20,Italian Cheese Bread,Sides,6.49,Regular,4,Elizabeth Gonzalez,No,
QYO6ILVB8D,2024-08-23,Crazy Bread,Sides,4.99,Regular,2,William Taylor,No,
7PR28J2K3T,2024-10-19,ExtraMostBestest Cheese,Pizza,10.49,Large,3,Linda Jackson,No,
BL6F6FU547,2024-02-15,Crazy Bread Combo,Sides,5.99,Regular,1,Jessica Martin,No,
HPZUYR7VHT,2024-10-05,3 Meat Treat Pizza,Pizza,12.99,Large,3,Sandra Miller,Yes,"2465 Atlantic Ave, Brooklyn, NY"
Q5F7UXKE4Q,2024-06-14,Classic Cheese Pizza,Pizza,8.99,Large,6,Patricia Miller,No,
VI2C7RWE9E,2024-06-11,Crazy Bread,Sides,4.99,Regular,7,Karen Miller,No,
3M9GX06AWK,2024-05-26,Deep Dish Cheese,Pizza,11.49,Regular,5,John Davis,Yes,"4752 Flatbush Ave, Brooklyn, NY"
W0PMXON2KF,2024-02-03,Crazy Bread Combo,Sides,5.99,Regular,10,Richard Martin,Yes,"5980 Coney Island Ave, Brooklyn, NY"
J4A3S8PGBZ,2024-08-17,Aquafina Water,Beverage,1.99,20oz,8,Barbara Smith,Yes,"6024 Coney Island Ave, Brooklyn, NY"
TAOGZE5XFF,2024-02-22,Supreme Pizza,Pizza,13.99,Large,1,Mark Wilson,No,
Q2I6DEIY38,2024-03-30,Classic Pepperoni Pizza,Pizza,9.49,Large,6,Sandra Jones,Yes,"7817 Kings Hwy, Brooklyn, NY"
SB7AC6DK57,2024-06-12,ExtraMostBestest Cheese,Pizza,10.49,Large,7,Thomas Jackson,No,
WTGXY7IN1R,2024-02-09,ExtraMostBestest Pepperoni,Pizza,10.49,Large,3,Thomas Brown,No,
ZVA3T862VL,2024-11-24,2 Liter Diet Pepsi,Beverage,3.29,2L,4,Robert Brown,Yes,"1990 Eastern Pkwy, Brooklyn, NY"
0NPIQJPBOF,2024-10-05,Caesar Wings,Wings,8.99,,6,Karen Wilson,No,
K1R6L5AKG0,2024-04-24,3 Meat Treat Pizza,Pizza,12.99,Large,4,Robert Lopez,Yes,"9141 Flatbush Ave, Brooklyn, NY"
Q4VBGR3AJN,2024-03-30,2 Liter Diet Pepsi,Beverage,3.29,2L,6,William Williams,No,
IK6FPG5WDF,2024-04-19,Classic Cheese Pizza,Pizza,8.99,Large,2,Karen Martinez,Yes,"5636 Eastern Pkwy, Brooklyn, NY"
O9318EIFBT,2024-03-21,Veggie Pizza,Pizza,12.49,Large,2,Joseph Moore,Yes,"1525 Coney Island Ave, Brooklyn, NY"
GUMDF4NZKR,2024-07-02,Mountain Dew 2 Liter,Beverage,3.29,2L,3,Charles Johnson,Yes,"1660 Eastern Pkwy, Brooklyn, NY"
8XQ6TCLK04,2024-07-07,Deep Dish Pepperoni,Pizza,11.99,Regular,9,Karen Jones,Yes,"7464 Ocean Pkwy, Brooklyn, NY"
6PE2FDZLTO,2024-03-01,Supreme Pizza,Pizza,13.99,Large,3,Lisa Anderson,Yes,"1810 Atlantic Ave, Brooklyn, NY"
HRTVCE3SKS,2024-11-15,Classic Cheese Pizza,Pizza,8.99,Large,1,Patricia Gonzalez,Yes,"1234 Eastern Pkwy, Brooklyn, NY"
IZHJMXSNWE,2024-09-11,3 Meat Treat Pizza,Pizza,12.99,Large,1,Elizabeth Miller,Yes,"2594 Ocean Pkwy, Brooklyn, NY"
2YBNMZOGQ2,2024-10-01,Veggie Pizza,Pizza,12.49,Large,3,Betty Thomas,Yes,"9172 Nostrand Ave, Brooklyn, NY"
W9JPKPF3UZ,2024-07-07,ExtraMostBestest Pepperoni,Pizza,10.49,Large,4,Barbara Davis,Yes,"4681 Kings Hwy, Brooklyn, NY"
ZG80ZWVHYJ,2024-01-12,Buffalo Wings,Wings,9.49,8pc,3,Susan Jackson,Yes,"5259 Flatbush Ave, Brooklyn, NY"
0A690Q5N5K,2024-03-08,Classic Pepperoni Pizza,Pizza,9.49,Large,1,Jennifer Jones,Yes,"6182 Flatbush Ave, Brooklyn, NY"
0FCUZLZOO0,2024-08-22,Crazy Bread,Sides,4.99,,1,John Martinez,Yes,"8778 Bedford Ave, Brooklyn, NY"
15H9H4YN8S,2024-04-10,Classic Cheese Pizza,Pizza,8.99,Large,4,Michael Smith,Yes,"8623 Coney Island Ave, Brooklyn, NY"
VA97KZB5FW,2024-12-19,Mountain Dew 2 Liter,Beverage,3.29,2L,9,Richard Smith,No,
B80U10KWCC,2024-02-17,Italian Cheese Bread,Sides,6.49,Regular,6,Donald Smith,No,
A7SLKD4QJD,2024-06-27,ExtraMostBestest Pepperoni,Pizza,10.49,Large,9,Michael Taylor,Yes,"3599 Kings Hwy, Brooklyn, NY"
Q3PUZHHORB,2024-01-20,2 Liter Diet Pepsi,Beverage,3.29,2L,7,Sarah Miller,Yes,"8736 Utica Ave, Brooklyn, NY"
V1FFOFQ1RU,2024-01-15,ExtraMostBestest Cheese,Pizza,10.49,Large,3,Daniel Moore,Yes,"4287 Kings Hwy, Brooklyn, NY"
CN0CL5NKDI,2024-06-18,Classic Cheese Pizza,Pizza,8.99,Large,8,Mark Miller,Yes,"3508 Flatbush Ave, Brooklyn, NY"
Q78E5SFE0X,2024-08-27,Caesar Wings,Wings,8.99,8pc,2,Robert Smith,Yes,"9345 Fulton St, Brooklyn, NY"
8MX4YQQ142,2024-04-11,2 Liter Diet Pepsi,Beverage,3.29,2L,1,John Johnson,Yes,"1458 Bedford Ave, Brooklyn, NY"
H2AWNF3KEY,2024-03-02,2 Liter Diet Pepsi,Beverage,3.29,2L,6,Anthony Gonzalez,Yes,"7218 Kings Hwy, Brooklyn, NY"
YP1M2VC8BZ,2024-07-05,Crazy Bread Combo,Pizza,5.99,Regular,2,Mark Williams,Yes,"3086 Bedford Ave, Brooklyn, NY"
U4HKSHRDGK,2024-07-22,Classic Cheese Pizza,Pizza,8.99,Large,2,Robert Gonzalez,Yes,"8356 Flatbush Ave, Brooklyn, NY"
N2FOL4VFZY,2024-10-18,3 Meat Treat Pizza,Pizza,12.99,Large,1,Daniel Gonzalez,Yes,"8379 Coney Island Ave, Brooklyn, NY"
5OX05ZHI64,2024-01-21,ExtraMostBestest Pepperoni,Pizza,10.49,Large,4,Elizabeth Gonzalez,Yes,"913 Atlantic Ave, Brooklyn, NY"
GX8M8CT71W,2024-07-14,2 Liter Diet Pepsi,Beverage,3.29,2L,5,Mary Taylor,Yes,"717 Ocean Pkwy, Brooklyn, NY"
EWSM91KQZJ,2024-04-27,Classic Cheese Pizza,Pizza,8.99,Large,5,John Davis,Yes,"6934 Coney Island Ave, Brooklyn, NY"
9DVELYVRO5,2024-01-02,Supreme Pizza,Pizza,13.99,Large,3,Barbara Moore,Yes,"1546 Flatbush Ave, Brooklyn, NY"
T6YA0O1XQO,2024-02-23,Crazy Bread,Sides,4.99,Regular,4,Jessica Thomas,Yes,"1710 Court St, Brooklyn, NY"
G7V6TVQUIL,2024-04-04,Crazy Bread,Sides,4.99,Regular,4,Thomas Smith,Yes,"8533 Utica Ave, Brooklyn, NY"
77K1D8NRUU,2024-03-10,Deep Dish Pepperoni,Pizza,11.99,Regular,7,David Martin,Yes,"2595 Coney Island Ave, Brooklyn, NY"
U6MQBIAFHE,2024-03-12,Mountain Dew 2 Liter,Beverage,3.29,2L,3,Sarah Anderson,Yes,"1620 Court St, Brooklyn, NY"
F4OHEUN5A8,2024-03-17,Italian Cheese Bread,Sides,6.49,Regular,5,Mary Thomas,Yes,"6513 Eastern Pkwy, Brooklyn, NY"
80KA3R2DXJ,2024-01-11,Crazy Bread,Sides,4.99,Regular,2,Donald Gonzalez,No,
0KX69XP7SX,2024-12-05,3 Meat Treat Pizza,Pizza,12.99,Large,3,Mary Gonzalez,Yes,"8227 Church Ave, Brooklyn, NY"
3SIBXQNQ76,2024-09-16,2 Liter Pepsi,Beverage,3.29,2L,2,Ashley Lopez,Yes,"3846 Eastern Pkwy, Brooklyn, NY"
VTOF3BHG9V,2024-03-22,ExtraMostBestest Pepperoni,Pizza,10.49,Large,4,Linda Wilson,Yes,"4225 Church Ave, Brooklyn, NY"
CEUMMYYWKM,2024-01-24,Classic Pepperoni Pizza,Pizza,9.49,8pc,4,Sandra Jackson,Yes,"8128 Bedford Ave, Brooklyn, NY"
3LCZ6EIMB9,2024-10-14,Crazy Bread,Sides,4.99,Regular,1,Robert Anderson,Yes,"3818 Atlantic Ave, Brooklyn, NY"
SRTTYMMCWP,2024-07-02,Classic Pepperoni Pizza,Pizza,9.49,Large,2,Robert Moore,No,
EG4OHPN9FD,2024-11-05,Classic Cheese Pizza,Pizza,8.99,Large,1,Lisa Martinez,Yes,"1384 Fulton St, Brooklyn, NY"
V7PIVPA47V,2024-08-31,ExtraMostBestest Cheese,Pizza,10.49,Large,8,William Brown,No,
1KI17TBS4D,2024-08-11,Mountain Dew 2 Liter,Beverage,3.29,2L,9,Karen Jackson,Yes,"5505 Utica Ave, Brooklyn, NY"
NGVDLV0WGD,2024-03-18,ExtraMostBestest Pepperoni,Pizza,10.49,Large,1,Elizabeth Lopez,Yes,"4069 Coney Island Ave, Brooklyn, NY"
LOYEYQE683,2024-04-13,2 Liter Pepsi,Beverage,3.29,2L,6,Barbara Davis,No,
HQ2EAESQAX,2024-04-19,2 Liter Diet Pepsi,Beverage,3.29,2L,2,Robert Martin,No,
BH7W5GLO1B,2024-10-31,ExtraMostBestest Cheese,Pizza,10.49,Large,1,Mary Rodriguez,No,
TEGB1DINDL,2024-01-25,Crazy Bread,Sides,4.99,Regular,3,Susan Anderson,Yes,"3470 Church Ave, Brooklyn, NY"
YD7RINA0VL,2024-02-20,Classic Pepperoni Pizza,Pizza,9.49,8pc,2,Mary Moore,Yes,"3967 Bedford Ave, Brooklyn, NY"
Y4LGQTCD21,2024-09-03,Veggie Pizza,Pizza,12.49,Large,2,John Rodriguez,Yes,"5893 Bedford Ave, Brooklyn, NY"
YE1SOFPVOE,2024-11-25,Crazy Bread,Sides,4.99,Regular,3,Karen Thomas,Yes,"6053 Coney Island Ave, Brooklyn, NY"
3B0HXZ8Y8K,2024-07-14,3 Meat Treat Pizza,Pizza,12.99,Large,10,Barbara Lopez,No,
0H7JAJLTUV,2024-07-14,Caesar Wings,Wings,8.99,8pc,7,Elizabeth Brown,Yes,"3678 Flatbush Ave, Brooklyn, NY"
1UG82Z8EXR,2024-01-12,2 Liter Diet Pepsi,Beverage,3.29,2L,2,James,Yes,"3890 Flatbush Ave, Brooklyn, NY"
OB3MQW20X3,2024-06-17,Classic Cheese Pizza,Pizza,8.99,Large,6,Richard Jones,Yes,"4429 Flatbush Ave, Brooklyn, NY"
96ACH245L5,2024-05-25,Veggie Pizza,Pizza,12.49,Large,10,Jessica Brown,Yes,"2308 Atlantic Ave, Brooklyn, NY"
SYVUVO9GB1,2024-07-27,Classic Cheese Pizza,Pizza,8.99,Large,4,Joseph Garcia,No,
IQ4LU1BY4I,2024-01-07,Crazy Bread,Sides,4.99,Regular,6,Barbara Miller,No,
ERK0VF616D,2024-11-03,Crazy Bread Combo,Sides,5.99,Regular,7,Linda Hernandez,Yes,"5554 Court St, Brooklyn, NY"
G3ETIVMDH1,2024-02-05,Buffalo Wings,Wings,9.49,8pc,2,Nancy Rodriguez,Yes,"1193 Eastern Pkwy, Brooklyn, NY"
XPXN2TEJ0U,2024-04-29,ExtraMostBestest Pepperoni,Pizza,10.49,Large,1,Linda Smith,Yes,"963 Ocean Pkwy, Brooklyn, NY"
ERIKA7LXX0,2024-11-05,Italian Cheese Bread,Sides,6.49,Regular,2,Daniel Williams,Yes,"3183 Kings Hwy, Brooklyn, NY"
4F9BYI4NZL,2024-02-18,Mountain Dew 2 Liter,Beverage,3.29,2L,4,Nancy Davis,Yes,"4124 Bedford Ave, Brooklyn, NY"
L3E49YWS3N,2024-12-25,3 Meat Treat Pizza,Pizza,12.99,Large,3,William Smith,Yes,"5610 Coney Island Ave, Brooklyn, NY"
9V1UITDJ4W,2024-02-06,Classic Cheese Pizza,Pizza,8.99,Large,1,William Garcia,Yes,"5335 Ocean Pkwy, Brooklyn, NY"
3YTIIHN70N,2024-04-08,Deep Dish Pepperoni,Pizza,11.99,Regular,1,Elizabeth Jones,No,
AJM3UM94W7,2024-05-10,2 Liter Diet Pepsi,Beverage,3.29,2L,5,Jennifer Martinez,No,
LD5OBQ2SA1,2024-07-10,Buffalo Wings,Wings,9.49,8pc,3,Sandra Smith,No,
QODZ4A54VD,2024-06-23,Caesar Wings,Wings,8.99,8pc,6,Nancy Martin,Yes,"4601 Church Ave, Brooklyn, NY"
NXJ5YHY8N5,2024-08-13,ExtraMostBestest Pepperoni,Pizza,10.49,Large,1,William Anderson,Yes,"3620 Court St, Brooklyn, NY"
2IMB30JGUC,2024-10-21,Aquafina Water,Beverage,1.99,20oz,3,Ashley Rodriguez,No,
LZR015K9CO,2024-10-01,Buffalo Wings,Wings,9.49,8pc,2,Patricia Martinez,No,
D14FTNM8VH,2024-09-21,Italian Cheese Bread,Sides,6.49,Regular,9,Susan Moore,No,
F80HKKWJSV,2024-11-25,Italian Cheese Bread,Sides,6.49,Regular,3,Donald Thomas,No,
EQKMQPY6N7,2024-05-05,Italian Cheese Bread,Sides,6.49,Regular,4,Linda Lopez,Yes,"2566 Nostrand Ave, Brooklyn, NY"
4ZEMG02558,2024-06-09,Supreme Pizza,Pizza,13.99,Large,7,William Thomas,No,
QH1CV2XB40,2024-08-31,Caesar Wings,Wings,8.99,8pc,9,William Jones,Yes,"4710 Flatbush Ave, Brooklyn, NY"
XNMGHY7PBY,2024-07-09,Caesar Wings,Wings,8.99,8pc,4,Robert Davis,No,
SVOLCTYLH8,2024-01-07,2 Liter Diet Pepsi,Beverage,3.29,2L,5,John Williams,Yes,"9449 Utica Ave, Brooklyn, NY"
OY44TFW0ZN,2024-05-21,Caesar Wings,Wings,8.99,2L,4,Joseph Wilson,Yes,"5120 Fulton St, Brooklyn, NY"
WP6CBC5TNL,2024-11-03,ExtraMostBestest Cheese,Pizza,10.49,Large,5,Linda Davis,Yes,"2788 Utica Ave, Brooklyn, NY"
Y6ISX49T0Z,2024-05-04,ExtraMostBestest Pepperoni,Pizza,10.49,Large,8,Jennifer Rodriguez,Yes,"8297 Kings Hwy, Brooklyn, NY"
CHWSTWYRVM,2024-07-30,2 Liter Pepsi,Beverage,3.29,2L,7,Michael Lopez,Yes,"3438 Atlantic Ave, Brooklyn, NY"
55NMWHH4VL,2024-11-13,Crazy Bread,Sides,4.99,Regular,1,Lisa Williams,No,
DVNQ49440D,2024-10-19,Italian Cheese Bread,Sides,6.49,Regular,7,Michael Moore,No,
3KQTYDB90M,2024-06-09,Classic Cheese Pizza,Pizza,8.99,Large,7,Nancy Gonzalez,Yes,"1527 Church Ave, Brooklyn, NY"
6JFPY772A8,2024-12-05,Deep Dish Pepperoni,Pizza,11.99,Regular,3,Nancy Martinez,Yes,"7180 Nostrand Ave, Brooklyn, NY"
4UNFTWR2Z0,2024-07-14,2 Liter Diet Pepsi,Beverage,3.29,2L,10,Robert Garcia,Yes,"8725 Eastern Pkwy, Brooklyn, NY"
RE2U7FMKGZ,2024-10-18,Classic Cheese Pizza,Pizza,8.99,Large,2,Robert Jones,Yes,"5862 Fulton St, Brooklyn, NY"
2YVMZA5W8V,2024-12-12,Classic Cheese Pizza,Pizza,8.99,Large,4,Elizabeth Moore,Yes,"6327 Flatbush Ave, Brooklyn, NY"
99WIHXBX5E,2024-07-19,ExtraMostBestest Cheese,Pizza,10.49,Large,3,Daniel Lopez,Yes,"6472 Kings Hwy, Brooklyn, NY"
J9V9LIGZKC,2024-02-15,Crazy Bread,Sides,4.99,Regular,1,Jessica Jackson,Yes,"249 Church Ave, Brooklyn, NY"
HCU0E0R3JS,2024-03-03,Crazy Bread Combo,Sides,5.99,Regular,8,Linda Martinez,No,
F6Z61DHIHP,2024-11-16,Deep Dish Pepperoni,Pizza,11.99,Regular,8,Robert Jackson,No,
H90U3RFIWC,2024-06-24,Deep Dish Pepperoni,Wings,11.99,Regular,10,Mark Wilson,No,
8N57PLE0EW,2024-06-25,Veggie Pizza,Pizza,12.49,Large,9,Matthew Martin,Yes,
06B8MSG4OG,2024-05-11,Veggie Pizza,Pizza,12.49,Large,6,John Lopez,Yes,"5926 Kings Hwy, Brooklyn, NY"
ROBW1PY825,2024-06-16,Classic Cheese Pizza,Pizza,8.99,Large,7,Robert Jones,No,
0DMJPAIFOW,2024-05-20,Aquafina Water,Beverage,1.99,20oz,3,Sarah Smith,No,
T9O07FS0GD,2024-05-16,Supreme Pizza,Pizza,13.99,Large,4,David Miller,Yes,"887 Eastern Pkwy, Brooklyn, NY"
J7NRSKOQV3,2024-07-01,2 Liter Pepsi,Beverage,3.29,2L,5,Lisa Thomas,No,
TSYI2MUJQM,2024-06-24,Buffalo Wings,Wings,9.49,8pc,7,Jessica Lopez,Yes,"1159 Fulton St, Brooklyn, NY"
XD42GFAU14,2024-10-25,Caesar Wings,Wings,8.99,8pc,1,Nancy Martin,Yes,"5443 Church Ave, Brooklyn, NY"
1WJX3XYRG7,2024-07-26,Classic Cheese Pizza,Pizza,8.99,Large,2,Barbara Miller,No,
IFNNT4YU8M,2024-09-13,Supreme Pizza,Pizza,13.99,Large,3,William Thomas,Yes,"3757 Kings Hwy, Brooklyn, NY"
GH02WPKQJ3,2024-06-03,Italian Cheese Bread,Sides,6.49,Regular,4,Patricia Wilson,No,
EAVNAQWB41,2024-08-15,Aquafina Water,Beverage,1.99,20oz,4,Betty Davis,Yes,"8114 Utica Ave, Brooklyn, NY"
IT2VQYMHP9,2024-01-19,Supreme Pizza,Pizza,13.99,Large,4,Mary Thomas,Yes,"4518 Ocean Pkwy, Brooklyn, NY"
WCGV6LRLWP,2024-12-10,ExtraMostBestest Cheese,Pizza,10.49,Large,3,Robert Jones,No,
H19YX6YINW,2024-04-25,2 Liter Pepsi,Beverage,3.29,2L,3,Nancy Jackson,No,
38Z2FS1O7D,2024-10-14,2 Liter Pepsi,Beverage,3.29,2L,2,Thomas Garcia,No,
V2T3FLWL91,2024-12-10,Buffalo Wings,Wings,9.49,8pc,2,Jennifer Williams,No,
2YX1ZDNQSA,2024-05-15,Supreme Pizza,Pizza,13.99,Large,3,Matthew Miller,No,
57JYF8JSHL,2024-01-30,ExtraMostBestest Cheese,Pizza,10.49,Large,2,Michael Anderson,No,
RDT1N0NRXY,2024-02-19,Aquafina Water,Beverage,1.99,2L,1,Ashley Gonzalez,Yes,"8975 Nostrand Ave, Brooklyn, NY"
F4X2JPKVCB,2024-08-01,Classic Cheese Pizza,Pizza,8.99,Large,2,Sarah Taylor,Yes,"784 Church Ave, Brooklyn, NY"
ZVYEC5UDOT,2024-12-16,Crazy Bread Combo,Sides,5.99,Regular,8,Mary Jackson,Yes,"4198 Ocean Pkwy, Brooklyn, NY"
FEU7AZQ2SF,2024-08-25,Deep Dish Cheese,Pizza,11.49,Regular,6,John Martin,Yes,"5541 Nostrand Ave, Brooklyn, NY"
NI24RMJU1Z,2024-11-04,2 Liter Pepsi,Beverage,3.29,2L,2,Barbara Moore,No,
U7M1VD7CRA,2024-03-24,Classic Pepperoni Pizza,Pizza,9.49,Large,5,Anthony Williams,No,
INJ1Q3Q5PC,2024-07-29,Classic Cheese Pizza,Pizza,8.99,,4,Elizabeth Williams,No,
RIIGUP30L1,2024-04-24,3 Meat Treat Pizza,Pizza,12.99,Large,3,Daniel Jackson,No,
T9N44FBV46,2024-05-15,Veggie Pizza,Pizza,12.49,Large,3,Elizabeth Moore,No,
PQS2FNUKM7,2024-10-23,ExtraMostBestest Cheese,Pizza,10.49,Large,3,Patricia Johnson,Yes,"2022 Atlantic Ave, Brooklyn, NY"
X5CS72RW55,2024-04-14,Crazy Bread Combo,Sides,5.99,Regular,7,Richard Taylor,No,
PYD819ETPG,2024-08-12,2 Liter Pepsi,Beverage,3.29,2L,7,Michael Jackson,No,
8N9JI7OMEM,2024-07-27,Caesar Wings,Wings,8.99,8pc,6,Anthony Davis,Yes,"3255 Eastern Pkwy, Brooklyn, NY"
T2MD8W1SAG,2024-07-19,Deep Dish Pepperoni,Pizza,11.99,Regular,3,Thomas Hernandez,Yes,"1580 Bedford Ave, Brooklyn, NY"
WQOYBZ8GIC,2024-06-08,ExtraMostBestest Cheese,Pizza,10.49,Large,8,Anthony Martinez,Yes,"7375 Coney Island Ave, Brooklyn, NY"
R7SH2C23U2,2024-02-17,Veggie Pizza,Pizza,12.49,Large,9,Ashley Miller,No,
C7FFZ1C5MN,2024-02-27,Classic Pepperoni Pizza,Pizza,9.49,Large,4,James Davis,Yes,"1981 Coney Island Ave, Brooklyn, NY"
BT1KT7GA8S,2024-07-22,ExtraMostBestest Pepperoni,Pizza,10.49,Large,3,Sandra Rodriguez,No,
WQDBDPV4RE,2024-05-01,Veggie Pizza,Pizza,12.49,Large,2,Mary Williams,Yes,"271 Coney Island Ave, Brooklyn, NY"
6M8WNLEPHV,2024-06-28,Crazy Bread,Sides,4.99,Regular,7,Sarah Lopez,Yes,"9313 Bedford Ave, Brooklyn, NY"
GUQIONMC7I,2024-05-24,Supreme Pizza,Pizza,13.99,Large,2,Joseph Hernandez,No,
4WQRV5ND61,2024-06-02,Classic Cheese Pizza,Pizza,8.99,Large,9,Daniel Wilson,No,
UACZRRE5OZ,2024-04-24,2 Liter Pepsi,Beverage,3.29,2L,1,Anthony Davis,Yes,"9461 Flatbush Ave, Brooklyn, NY"
FI7EQ3O6J8,2024-03-11,Aquafina Water,Beverage,1.99,20oz,2,Linda Wilson,Yes,"2619 Flatbush Ave, Brooklyn, NY"
TI211WY6RR,2024-10-19,ExtraMostBestest Cheese,Pizza,10.49,Large,3,Betty Davis,Yes,"2162 Ocean Pkwy, Brooklyn, NY"
P4O5XKQR4Z,2024-06-29,Mountain Dew 2 Liter,Pizza,3.29,2L,9,Elizabeth Anderson,Yes,"2779 Utica Ave, Brooklyn, NY"
H8YOALH2VG,2024-12-03,ExtraMostBestest Cheese,Pizza,10.49,Large,1,Richard Martin,Yes,"4172 Atlantic Ave, Brooklyn, NY"
IL4F17AUNZ,2024-06-26,Aquafina Water,Beverage,1.99,20oz,10,Mark Taylor,Yes,"3346 Nostrand Ave, Brooklyn, NY"
8WZJFXYKMK,2024-01-29,Supreme Pizza,Pizza,13.99,Large,2,Richard Johnson,Yes,"5411 Atlantic Ave, Brooklyn, NY"
56M00L879W,2024-11-13,Classic Cheese Pizza,Pizza,8.99,Large,2,Sandra Williams,No,
JI4P0E4Y5X,2024-02-26,2 Liter Pepsi,Beverage,3.29,2L,3,David Lopez,No,
QCGH8A7B1B,2024-08-09,2 Liter Diet Pepsi,Beverage,3.29,2L,5,Susan Williams,Yes,"112 Fulton St, Brooklyn, NY"
XNISOSZ0D3,2024-05-25,Classic Cheese Pizza,Pizza,8.99,Large,6,Karen Jones,No,
FGHPAS0ZBT,2024-08-03,ExtraMostBestest Cheese,Pizza,10.49,Large,5,Richard Moore,Yes,"6355 Kings Hwy, Brooklyn, NY"
NSPN5MRDPM,2024-07-23,Classic Cheese Pizza,Pizza,8.99,Large,4,Elizabeth Martin,Yes,"4282 Kings Hwy, Brooklyn, NY"
ET8P1H1ZRI,2024-12-08,Classic Cheese Pizza,Pizza,8.99,Large,8,Linda Williams,Yes,
XEN3MACMVB,2024-02-20,Crazy Bread Combo,Sides,5.99,Small,4,Jessica Brown,No,
CBCIFL79R9,2024-01-19,Aquafina Water,Beverage,1.99,20oz,2,Thomas Taylor,Yes,"7607 Nostrand Ave, Brooklyn, NY"
QLOAEBI8BN,2024-08-12,ExtraMostBestest Pepperoni,Pizza,10.49,Large,4,Susan Gonzalez,No,
PZ24HESKJW,2024-02-22,Supreme Pizza,Pizza,13.99,Large,2,Charles Johnson,Yes,"6145 Court St, Brooklyn, NY"
2JTJTO0IQQ,2024-10-12,Classic Cheese Pizza,Pizza,8.99,Large,7,Richard Martin,Yes,"2402 Fulton St, Brooklyn, NY"
VIUADJ725U,2024-01-22,ExtraMostBestest Pepperoni,Pizza,10.49,Large,2,Sandra Brown,No,
CD1SD44WL8,2024-02-22,Italian Cheese Bread,Sides,6.49,Regular,2,Richard Martin,Yes,
B9NDXSSCHJ,2024-02-13,ExtraMostBestest Cheese,Pizza,10.49,Large,2,Sandra Jackson,Yes,"1997 Fulton St, Brooklyn, NY"
JWU7SA7IDI,2024-07-18,Buffalo Wings,Wings,9.49,8pc,3,David Thomas,Yes,"2598 Fulton St, Brooklyn, NY"
UM7OD4C9VX,2024-11-10,Italian Cheese Bread,Sides,6.49,Regular,5,Richard Martinez,No,
W3VSSQ6I3A,2024-02-18,ExtraMostBestest Pepperoni,Pizza,10.49,Large,6,James Johnson,Yes,"6465 Church Ave, Brooklyn, NY"
HH9BTD5PU1,2024-08-21,Classic Cheese Pizza,Pizza,8.99,Large,4,Joseph Thomas,No,
X097NFUD1A,2024-01-19,Buffalo Wings,Wings,9.49,8pc,3,Elizabeth Martinez,Yes,"1620 Church Ave, Brooklyn, NY"
HNE0R3I9HU,2024-04-29,Classic Pepperoni Pizza,Pizza,9.49,Large,3,Donald Johnson,No,
R3TXJC7IU2,2024-08-06,ExtraMostBestest Pepperoni,Pizza,10.49,Large,2,Betty Moore,Yes,"2594 Nostrand Ave, Brooklyn, NY"
EEAZVW7NJK,2024-09-03,2 Liter Diet Pepsi,Beverage,3.29,2L,4,Susan Smith,No,
O08NE4XLWG,2024-10-30,Classic Pepperoni Pizza,Pizza,9.49,Large,4,Daniel Hernandez,No,
280WC84AYU,2024-01-04,Aquafina Water,Beverage,1.99,20oz,1,Betty Brown,No,
EYHCXTR698,2024-04-08,Classic Pepperoni Pizza,Pizza,9.49,Large,3,Karen Johnson,No,
ENWWZ3FO1Y,2024-07-30,ExtraMostBestest Pepperoni,Pizza,10.49,Large,3,John Martin,No,
T5WOQDNVQJ,2024-05-02,Supreme Pizza,Pizza,13.99,Large,4,Susan Anderson,Yes,"9783 Atlantic Ave, Brooklyn, NY"
I7W10PE8EL,2024-10-17,2 Liter Pepsi,Beverage,3.29,2L,3,David Garcia,No,
ZGRRVGMDFZ,2024-04-23,Aquafina Water,Beverage,1.99,20oz,1,David Moore,Yes,"8615 Flatbush Ave, Brooklyn, NY"
1Z82H394LM,2024-07-18,ExtraMostBestest Pepperoni,Pizza,10.49,Large,2,Donald Gonzalez,Yes,"6857 Bedford Ave, Brooklyn, NY"
OX5DF8K4HB,2024-11-25,Deep Dish Cheese,Pizza,11.49,Regular,2,William Williams,No,
4GD5YSHGPZ,2024-01-22,Classic Cheese Pizza,Pizza,8.99,Large,3,Mary Taylor,No,
Z1HOCW0MDZ,2024-05-28,Aquafina Water,Beverage,1.99,20oz,5,John Martin,Yes,"2291 Flatbush Ave, Brooklyn, NY"
JF3J9LHEPU,2024-07-05,Classic Cheese Pizza,Pizza,8.99,Large,1,Sarah Rodriguez,Yes,"5073 Utica Ave, Brooklyn, NY"
0KI4JKJ7OP,2024-10-13,2 Liter Pepsi,Beverage,3.29,2L,7,Matthew Gonzalez,No,
SVKEA3X8OU,2024-08-25,ExtraMostBestest Pepperoni,Pizza,10.49,Large,3,James Brown,Yes,"5527 Court St, Brooklyn, NY"
QQKMJCZZRO,2024-02-20,Crazy Bread Combo,Sides,5.99,Regular,2,David Lopez,Yes,"2761 Utica Ave, Brooklyn, NY"
TGBCQTAIJ8,2024-12-12,Mountain Dew 2 Liter,Beverage,3.29,2L,8,Patricia Hernandez,Yes,"1845 Atlantic Ave, Brooklyn, NY"
N5B0MOLRV4,2024-09-30,Caesar Wings,Wings,8.99,8pc,1,John Martinez,Yes,"9005 Coney Island Ave, Brooklyn, NY"
T948U6B15X,2024-04-06,Classic Cheese Pizza,Pizza,8.99,Large,10,Joseph Wilson,Yes,"5104 Kings Hwy, Brooklyn, NY"
A9RODEI4VX,2024-04-02,Mountain Dew 2 Liter,Beverage,3.29,2L,1,Anthony Gonzalez,Yes,"8647 Ocean Pkwy, Brooklyn, NY"
M3S08UWOXT,2024-10-31,Deep Dish Cheese,Pizza,11.49,Regular,2,Richard Johnson,Yes,"5479 Utica Ave, Brooklyn, NY"
KJQ6X5LD8Q,2024-04-30,Italian Cheese Bread,Sides,6.49,Regular,4,Mary Jackson,No,
JMXS7S8W50,2024-03-28,Deep Dish Cheese,Pizza,11.49,Regular,4,Daniel Davis,Yes,"5725 Church Ave, Brooklyn, NY"
9HLB4YCPY3,2024-11-06,Supreme Pizza,Pizza,13.99,Large,4,Thomas Davis,Yes,"5248 Fulton St, Brooklyn, NY"
GUVETYBGD9,2024-08-26,2 Liter Pepsi,Beverage,3.29,2L,5,Daniel Smith,Yes,"518 Eastern Pkwy, Brooklyn, NY"
IRCPW5VZLM,2024-12-15,Classic Pepperoni Pizza,Pizza,9.49,Large,8,Matthew Hernandez,Yes,"3997 Kings Hwy, Brooklyn, NY"
O1DU7V8FY1,2024-01-22,Supreme Pizza,Pizza,13.99,Large,2,William Williams,Yes,"1960 Fulton St, Brooklyn, NY"
IAJN3MLEOZ,2024-08-02,Classic Cheese Pizza,Pizza,8.99,Large,3,Donald Jones,Yes,"6739 Atlantic Ave, Brooklyn, NY"
0CYOBG0IUZ,2024-09-12,3 Meat Treat Pizza,Pizza,12.99,Large,4,Karen Martinez,No,
7Q7CMDBH4J,2024-03-13,Aquafina Water,Beverage,1.99,20oz,4,Mary Jackson,Yes,"3110 Bedford Ave, Brooklyn, NY"
I04CVUNXFA,2024-08-22,Crazy Bread,Sides,4.99,Regular,4,Ashley Brown,No,
L0TQFTFOFY,2024-01-13,ExtraMostBestest Cheese,Pizza,10.49,Large,6,Sandra Johnson,Yes,"6946 Flatbush Ave, Brooklyn, NY"
AU33X58PZJ,2024-12-21,Deep Dish Pepperoni,Pizza,11.99,,3,Mary Martinez,Yes,"9552 Court St, Brooklyn, NY"
59D6SV8FLO,2024-06-24,Buffalo Wings,Wings,9.49,8pc,6,Matthew Rodriguez,Yes,"9113 Fulton St, Brooklyn, NY"
CSPM0OS2C4,2024-11-02,Classic Cheese Pizza,Pizza,8.99,Large,8,Lisa Williams,No,
9YJ42DV9UJ,2024-07-12,Crazy Bread,Sides,4.99,Regular,3,Charles Lopez,No,
I9U0VQF6OY,2024-08-13,Classic Cheese Pizza,Pizza,8.99,Large,1,Lisa Gonzalez,Yes,"8528 Utica Ave, Brooklyn, NY"
ZWBAYW5NWV,2024-02-04,ExtraMostBestest Cheese,Pizza,10.49,Large,3,Mark Brown,Yes,"7783 Flatbush Ave, Brooklyn, NY"
FXY1JXCDKM,2024-08-23,ExtraMostBestest Pepperoni,Pizza,10.49,Large,3,Susan Hernandez,No,
P101YQT061,2024-08-13,Crazy Bread Combo,Sides,5.99,Regular,3,Betty Lopez,No,
SJVBC82SG0,2024-09-28,Classic Cheese Pizza,Pizza,8.99,Large,7,Betty Anderson,No,
DEYCZNYCTO,2024-08-15,Crazy Bread Combo,Sides,5.99,Regular,3,Charles Moore,Yes,"9355 Ocean Pkwy, Brooklyn, NY"
7T5BFXPFW8,2024-09-18,3 Meat Treat Pizza,Pizza,12.99,Large,3,John Davis,No,
VTQNKV78RT,2024-03-09,Crazy Bread,Sides,4.99,Regular,5,Thomas Thomas,Yes,"2786 Ocean Pkwy, Brooklyn, NY"
WSXQ9S7LKS,2024-08-30,ExtraMostBestest Pepperoni,Pizza,10.49,Large,2,Jennifer Thomas,Yes,"1386 Fulton St, Brooklyn, NY"
ZL99UJ6SAF,2024-05-30,2 Liter Pepsi,Sides,3.29,2L,3,Ashley Jackson,Yes,"2331 Utica Ave, Brooklyn, NY"
683BPWS58D,2024-09-27,ExtraMostBestest Pepperoni,Pizza,10.49,Large,3,Nancy Lopez,Yes,"4071 Coney Island Ave, Brooklyn, NY"
K5MGC3ECTA,2024-12-27,Classic Cheese Pizza,Pizza,8.99,Large,7,Mark Anderson,Yes,"966 Nostrand Ave, Brooklyn, NY"
IPZKSBWTSM,2024-04-05,Deep Dish Pepperoni,Pizza,11.99,Regular,4,Susan Williams,No,
49QBFIY4GW,2024-03-28,Classic Cheese Pizza,Pizza,8.99,Large,4,William,Yes,"5278 Ocean Pkwy, Brooklyn, NY"
TXMQT090FS,2024-08-23,Deep Dish Cheese,Pizza,11.49,Regular,1,Michael Wilson,Yes,"2710 Flatbush Ave, Brooklyn, NY"
19WNI6G8E2,2024-08-17,2 Liter Diet Pepsi,Beverage,3.29,2L,10,James Wilson,No,
37AZ2B0FMK,2024-09-12,2 Liter Pepsi,Beverage,3.29,2L,1,Thomas Lopez,Yes,"3589 Kings Hwy, Brooklyn, NY"
2K5QS49MVK,2024-11-05,3 Meat Treat Pizza,Pizza,12.99,Large,2,Joseph Johnson,No,
6IW7UV48PB,2024-09-20,Mountain Dew 2 Liter,Beverage,3.29,2L,3,Jennifer Garcia,No,
5NTIPWL51C,2024-11-21,3 Meat Treat Pizza,Pizza,12.99,Large,3,Mary Davis,Yes,"2209 Utica Ave, Brooklyn, NY"
RSQ97NPWQ6,2024-01-09,Deep Dish Pepperoni,Pizza,11.99,Regular,1,Michael Anderson,No,
KN646UW7YE,2024-05-31,Crazy Bread Combo,Sides,5.99,Regular,3,Charles Lopez,Yes,"5723 Ocean Pkwy, Brooklyn, NY"
LCH2XRNWJH,2024-07-06,2 Liter Pepsi,Beverage,3.29,2L,8,John Gonzalez,No,
5K0GH1IX2A,2024-10-07,Deep Dish Pepperoni,Pizza,11.99,Regular,2,Michael Lopez,No,
E6IFKATV82,2024-03-31,ExtraMostBestest Pepperoni,Pizza,10.49,Large,7,Jessica Jackson,Yes,"2799 Kings Hwy, Brooklyn, NY"
QTDRKE1F1W,2024-06-03,Classic Pepperoni Pizza,Pizza,9.49,Large,2,Matthew Lopez,No,
UXZUYKMG3D,2024-12-28,2 Liter Pepsi,Beverage,3.29,2L,8,Mary Williams,No,
BK7596D4HT,2024-10-29,Deep Dish Cheese,Pizza,11.49,Regular,1,David Gonzalez,Yes,"3654 Nostrand Ave, Brooklyn, NY"
C6ROCZQ1FZ,2024-11-12,Deep Dish Cheese,Pizza,11.49,Regular,1,Patricia Davis,No,
9B1YP4BG4W,2024-03-18,Crazy Bread,Sides,4.99,Regular,2,Anthony Miller,No,
5E1HQBDYSA,2024-04-15,2 Liter Pepsi,Beverage,3.29,2L,1,James Lopez,Yes,"7663 Flatbush Ave, Brooklyn, NY"
K5TSG5GQVA,2024-09-10,Classic Cheese Pizza,Pizza,8.99,Large,1,Michael Davis,Yes,"9265 Coney Island Ave, Brooklyn, NY"
H168287SF1,2024-04-05,Deep Dish Cheese,Pizza,11.49,Regular,2,Mark Jones,No,
JPRZDI1EOD,2024-10-04,3 Meat Treat Pizza,Pizza,12.99,Large,2,Michael Jones,Yes,"9317 Eastern Pkwy, Brooklyn, NY"
6CTEL745CS,2024-03-27,ExtraMostBestest Cheese,Pizza,10.49,Large,4,Barbara Taylor,Yes,"2096 Church Ave, Brooklyn, NY"
RDJAK2JYKM,2024-01-12,Classic Pepperoni Pizza,Pizza,9.49,Large,3,Barbara Rodriguez,Yes,"4517 Coney Island Ave, Brooklyn, NY"
YYX0102OTT,2024-12-11,Deep Dish Cheese,Pizza,11.49,Regular,9,John Martin,Yes,"213 Atlantic Ave, Brooklyn, NY"
8I3WUG0RQA,2024-01-29,Crazy Bread,Sides,4.99,Regular,3,William Smith,Yes,"9692 Nostrand Ave, Brooklyn, NY"
LED0Z4ZMPR,2024-09-06,3 Meat Treat Pizza,Pizza,12.99,Large,3,Patricia Martinez,No,
Y3ZT3P6SRD,2024-01-04,Classic Pepperoni Pizza,Pizza,9.49,Large,1,Joseph Miller,Yes,"1195 Eastern Pkwy, Brooklyn, NY"
BJ98UUD7KW,2024-01-24,Mountain Dew 2 Liter,Beverage,3.29,2L,1,Patricia Jones,Yes,"7720 Court St, Brooklyn, NY"
BE5NW8R3MU,2024-05-05,2 Liter Pepsi,Beverage,3.29,2L,9,Lisa Moore,Yes,"8019 Bedford Ave, Brooklyn, NY"
4I1Q2G15R8,2024-02-03,2 Liter Pepsi,Beverage,3.29,2L,6,Nancy Jackson,Yes,"133 Fulton St, Brooklyn, NY"
10TB81OUVW,2024-12-09,Buffalo Wings,Wings,9.49,8pc,3,Sarah Thomas,Yes,"8011 Church Ave, Brooklyn, NY"
3T91AAY0A1,2024-07-29,Crazy Bread,Sides,4.99,Regular,1,Mark Miller,Yes,"6007 Utica Ave, Brooklyn, NY"
P3UFR41B86,2024-01-11,Crazy Bread,Sides,4.99,Regular,4,Jessica Taylor,No,
MLEQMJ1SSQ,2024-09-15,ExtraMostBestest Pepperoni,Pizza,10.49,Large,9,Nancy Martinez,Yes,"7230 Fulton St, Brooklyn, NY"
0X6M8NPIWZ,2024-09-12,Deep Dish Cheese,Pizza,11.49,Regular,4,Elizabeth Hernandez,Yes,"761 Nostrand Ave, Brooklyn, NY"
45O7O7GRI9,2024-08-24,Classic Cheese Pizza,Pizza,8.99,Large,5,Thomas Hernandez,Yes,"1517 Coney Island Ave, Brooklyn, NY"
HB3Z30ZBTV,2024-09-29,Classic Pepperoni Pizza,Pizza,9.49,Large,8,Anthony Taylor,No,
W8EX6WAQPV,2024-04-16,Classic Pepperoni Pizza,Pizza,9.49,Large,3,William Miller,Yes,"7403 Flatbush Ave, Brooklyn, NY"
L0YDRZ2QYP,2024-11-24,Caesar Wings,Wings,8.99,8pc,5,Charles Gonzalez,No,
WV6YSHHYAF,2024-04-15,Classic Cheese Pizza,Pizza,8.99,Large,2,Thomas Taylor,Yes,"9971 Coney Island Ave, Brooklyn, NY"
1OQ9RQ53UT,2024-07-10,Crazy Bread,Sides,4.99,Regular,4,Anthony Williams,No,
IYKU9IVW7K,2024-10-13,ExtraMostBestest Pepperoni,Pizza,10.49,Large,9,James Davis,No,
HB0DX087NN,2024-10-15,Classic Pepperoni Pizza,Pizza,9.49,Large,3,Elizabeth Wilson,No,
2UBATPZ00H,2024-03-26,Crazy Bread Combo,Sides,5.99,Regular,3,Nancy Garcia,Yes,"7656 Nostrand Ave, Brooklyn, NY"
22WAHDO61X,2024-03-19,2 Liter Pepsi,Beverage,3.29,2L,4,Donald Jackson,No,
IPTC16ZE7B,2024-10-13,ExtraMostBestest Cheese,Pizza,10.49,Large,3,Matthew Rodriguez,Yes,"8141 Nostrand Ave, Brooklyn, NY"
OLHBFLFB4X,2024-08-11,ExtraMostBestest Cheese,Pizza,10.49,Large,5,Joseph Anderson,Yes,"5063 Utica Ave, Brooklyn, NY"
L9GDMBIQAT,2024-07-18,Buffalo Wings,Wings,9.49,8pc,3,Daniel Garcia,No,
5PGEM9IUYZ,2024-06-07,Classic Pepperoni Pizza,Pizza,9.49,Large,4,Charles Johnson,Yes,"111 Church Ave, Brooklyn, NY"
A5GM4GSD5B,2024-10-09,Aquafina Water,Beverage,1.99,20oz,4,Betty Martinez,Yes,"827 Flatbush Ave, Brooklyn, NY"
E6W0BMED33,2024-05-30,Classic Pepperoni Pizza,Pizza,9.49,Large,3,Ashley Lopez,Yes,"8979 Atlantic Ave, Brooklyn, NY"
1846849A7Z,2024-10-22,ExtraMostBestest Pepperoni,Pizza,10.49,Large,4,Jessica Williams,Yes,"7195 Eastern Pkwy, Brooklyn, NY"
RY7QNUNZJA,2024-02-12,Crazy Bread,Sides,4.99,Regular,2,Anthony Miller,No,
RDDTBXT6YE,2024-02-04,3 Meat Treat Pizza,Pizza,12.99,Large,7,Daniel Davis,No,
EKXVTYZ934,2024-11-26,Crazy Bread Combo,Sides,5.99,Regular,2,Barbara Jackson,Yes,"3083 Kings Hwy, Brooklyn, NY"
JDYUAJ2OBT,2024-12-26,2 Liter Pepsi,Beverage,3.29,2L,6,Mary Martinez,No,
6B3YQMPUYW,2024-11-08,Classic Cheese Pizza,Pizza,8.99,Regular,4,William Wilson,Yes,"9140 Nostrand Ave, Brooklyn, NY"
PLG1TQ1V53,2024-06-27,2 Liter Diet Pepsi,Beverage,3.29,2L,9,Elizabeth Jones,Yes,"4592 Atlantic Ave, Brooklyn, NY"
2YE38D1N1T,2024-02-19,Classic Pepperoni Pizza,Pizza,9.49,Large,4,Richard Brown,Yes,"8692 Eastern Pkwy, Brooklyn, NY"
63RED7LJ8M,2024-04-07,Supreme Pizza,Pizza,13.99,Large,9,Karen Wilson,Yes,"6653 Court St, Brooklyn, NY"
6L1GEJ7AW3,2024-07-18,ExtraMostBestest Cheese,Pizza,10.49,Large,1,Elizabeth Martin,Yes,"8660 Ocean Pkwy, Brooklyn, NY"
6XC53T2SJ6,2024-12-05,ExtraMostBestest Pepperoni,Pizza,10.49,Large,2,Karen Williams,Yes,"2124 Flatbush Ave, Brooklyn, NY"
0CDABYN5FO,2024-12-14,2 Liter Pepsi,Beverage,3.29,2L,9,Elizabeth Johnson,No,
1RWLKGXHE6,2024-09-22,Aquafina Water,Beverage,1.99,20oz,7,Elizabeth Lopez,Yes,"7857 Fulton St, Brooklyn, NY"
RNNBETRLZS,2024-12-13,Aquafina Water,Beverage,1.99,20oz,8,David Lopez,Yes,"4188 Church Ave, Brooklyn, NY"
EXB4Z7J8HW,2024-12-06,Classic Cheese Pizza,Pizza,8.99,Large,2,John Miller,Yes,"5234 Nostrand Ave, Brooklyn, NY"
7HVWR3YNII,2024-07-17,Classic Pepperoni Pizza,Pizza,9.49,Large,1,Barbara Jones,No,
0TMTOCTS4R,2024-10-24,ExtraMostBestest Pepperoni,Pizza,10.49,Large,4,John Smith,Yes,"7757 Flatbush Ave, Brooklyn, NY"
8HEGIVJB5A,2024-12-29,3 Meat Treat Pizza,Pizza,12.99,Large,4,Karen Rodriguez,Yes,"2614 Fulton St, Brooklyn, NY"
N49MAYQ8F4,2024-12-17,Supreme Pizza,Pizza,13.99,Large,5,Sarah Anderson,No,
21EJ2VHAK2,2024-03-20,Deep Dish Pepperoni,Pizza,11.99,Regular,1,Daniel Moore,No,
M3J5UESL4P,2024-08-08,Crazy Bread,Sides,4.99,Regular,2,Richard Gonzalez,No,
DY0U7033ZU,2024-05-13,Classic Cheese Pizza,Pizza,8.99,Large,2,Linda Anderson,Yes,"6470 Utica Ave, Brooklyn, NY"
RNH2PH1DJV,2024-02-07,ExtraMostBestest Pepperoni,Pizza,10.49,Large,2,Michael Wilson,Yes,"3333 Atlantic Ave, Brooklyn, NY"
H8RFC9VD5S,2024-04-22,Deep Dish Cheese,Pizza,11.49,Regular,1,Michael Miller,Yes,"8150 Bedford Ave, Brooklyn, NY"
RT7NWUQIQ9,2024-07-15,3 Meat Treat Pizza,Pizza,12.99,Large,3,James Martinez,No,
JN9D4XNYWF,2024-07-20,Deep Dish Cheese,Pizza,11.49,Regular,3,Joseph Garcia,No,
SOTTXT1B1M,2024-08-27,2 Liter Pepsi,Beverage,3.29,2L,2,Elizabeth Martin,No,
5BNFORP25V,2024-04-12,Crazy Bread,Sides,4.99,Regular,3,Jessica Jackson,No,
I465XZEANP,2024-05-15,Buffalo Wings,Wings,9.49,8pc,3,Karen Rodriguez,Yes,"6444 Coney Island Ave, Brooklyn, NY"
T71RAIH0NO,2024-11-27,Classic Pepperoni Pizza,Pizza,9.49,Large,1,Richard Hernandez,Yes,"8688 Ocean Pkwy, Brooklyn, NY"
3Z4LB0FMIT,2024-11-06,Classic Pepperoni Pizza,Pizza,9.49,2L,1,Nancy Taylor,Yes,"6322 Church Ave, Brooklyn, NY"
50I486H2WJ,2024-08-09,Crazy Bread,Sides,4.99,Regular,2,Ashley Gonzalez,No,
EKSVQUQS95,2024-03-16,ExtraMostBestest Cheese,Pizza,10.49,Large,7,John Johnson,No,
Y1YOGQ04QP,2024-02-14,Classic Cheese Pizza,Pizza,8.99,Large,3,Sandra Lopez,Yes,"5366 Fulton St, Brooklyn, NY"
RJVV88D0H6,2024-09-03,Supreme Pizza,Pizza,13.99,Large,1,Karen Garcia,No,
KTJ82IS1QP,2024-09-13,Veggie Pizza,Pizza,12.49,Large,4,Jessica Jackson,Yes,"8374 Flatbush Ave, Brooklyn, NY"
T3IXO9I8P0,2024-12-03,2 Liter Pepsi,Beverage,3.29,2L,3,Donald Rodriguez,No,
8BWNAZMPWB,2024-11-15,ExtraMostBestest Cheese,Pizza,10.49,Large,3,Donald Johnson,No,
6M8M89BVV2,2024-03-22,Italian Cheese Bread,Sides,6.49,Regular,2,Karen Martin,No,
Z1YNS3BTEY,2024-01-31,ExtraMostBestest Pepperoni,Pizza,10.49,Large,2,Patricia Jones,No,
F3LYI3NDFF,2024-01-29,Deep Dish Cheese,Pizza,11.49,Regular,3,Ashley Taylor,Yes,"7444 Nostrand Ave, Brooklyn, NY"
TS0MMBBSU0,2024-09-20,Crazy Bread Combo,Sides,5.99,Regular,2,Sandra Jones,No,
540SEJOKIL,2024-11-13,2 Liter Pepsi,Beverage,3.29,2L,3,Richard Brown,Yes,"8321 Fulton St, Brooklyn, NY"
XQ1K1QRRN5,2024-07-30,Supreme Pizza,Pizza,13.99,Large,3,Karen Miller,No,
6VK3U0QJZ6,2024-12-28,ExtraMostBestest Cheese,Pizza,10.49,Large,4,Nancy Jackson,Yes,"2531 Church Ave, Brooklyn, NY"
NEF1FFRM27,2024-03-08,Supreme Pizza,Pizza,13.99,Large,2,Lisa Thomas,No,
NPGE98XH27,2024-02-27,Buffalo Wings,Wings,9.49,8pc,2,David Martinez,Yes,"909 Flatbush Ave, Brooklyn, NY"
WUUIU52W85,2024-07-31,Veggie Pizza,Pizza,12.49,Large,4,Elizabeth Jackson,Yes,"5934 Flatbush Ave, Brooklyn, NY"
Y0Z7PRB6X6,2024-08-03,Crazy Bread Combo,Sides,5.99,Regular,7,Mary Lopez,No,
1PI5520TKZ,2024-11-21,Deep Dish Pepperoni,Pizza,11.99,Regular,4,John Moore,No,
R3OP2LDYR3,2024-04-05,Classic Pepperoni Pizza,Pizza,9.49,Large,4,Nancy Wilson,Yes,"4656 Bedford Ave, Brooklyn, NY"
DL3OXHK7W2,2024-11-08,ExtraMostBestest Pepperoni,Pizza,10.49,Large,2,John Martinez,Yes,"7405 Eastern Pkwy, Brooklyn, NY"
W5ENRGBQIZ,2024-01-06,Deep Dish Cheese,Pizza,11.49,Regular,8,Donald Brown,Yes,"8609 Atlantic Ave, Brooklyn, NY"
26YQO3693Q,2024-01-28,Caesar Wings,Wings,8.99,8pc,6,Matthew Taylor,Yes,"8159 Church Ave, Brooklyn, NY"
QND8M52GCF,2024-12-12,ExtraMostBestest Cheese,Pizza,10.49,Large,3,Daniel Thomas,Yes,"2258 Coney Island Ave, Brooklyn, NY"
WIL4LTW963,2024-09-18,Aquafina Water,Beverage,1.99,20oz,4,Robert Johnson,Yes,"1734 Kings Hwy, Brooklyn, NY"
S80RBFVTM6,2024-09-13,Crazy Bread Combo,Pizza,5.99,Regular,4,Sandra Thomas,Yes,"3455 Bedford Ave, Brooklyn, NY"
L93B7AR00N,2024-05-31,Crazy Bread,Sides,4.99,Regular,4,Sandra Jones,Yes,"442 Kings Hwy, Brooklyn, NY"
I4BIVPIDOO,2024-08-07,ExtraMostBestest Pepperoni,Pizza,10.49,Large,1,Patricia Gonzalez,Yes,"2609 Bedford Ave, Brooklyn, NY"
0F0EA86477,2024-01-23,3 Meat Treat Pizza,Pizza,12.99,Large,2,Barbara Hernandez,Yes,"1516 Coney Island Ave, Brooklyn, NY"
UIZIWNT0Z8,2024-01-22,Deep Dish Pepperoni,Pizza,11.99,Regular,4,Jennifer Williams,Yes,"1345 Atlantic Ave, Brooklyn, NY"
YOTM7LDAZK,2024-08-02,2 Liter Pepsi,Beverage,3.29,2L,7,Charles Martinez,No,
ILZNKQ5A36,2024-11-30,2 Liter Pepsi,Beverage,3.29,2L,5,Patricia Johnson,Yes,"637 Kings Hwy, Brooklyn, NY"
5G64IH630D,2024-05-14,Classic Pepperoni Pizza,Pizza,9.49,Large,2,Mary Jones,No,
9YZ6V1VTIX,2024-10-03,Crazy Bread,Sides,4.99,Regular,3,Karen Anderson,Yes,"7538 Coney Island Ave, Brooklyn, NY"
MH4QX495AJ,2024-04-18,Veggie Pizza,Pizza,12.49,Large,4,Karen Rodriguez,Yes,"557 Court St, Brooklyn, NY"
P4AE952PAX,2024-01-07,Classic Pepperoni Pizza,Pizza,9.49,Large,10,Patricia Jackson,Yes,"3086 Fulton St, Brooklyn, NY"
RRBJVENE8D,2024-10-19,Crazy Bread,Sides,4.99,Regular,7,Sandra Miller,Yes,"902 Flatbush Ave, Brooklyn, NY"
B56EHO40U0,2024-11-27,ExtraMostBestest Cheese,Pizza,10.49,Large,4,Michael Hernandez,Yes,"8142 Fulton St, Brooklyn, NY"
T0RRS7KQI5,2024-05-24,Supreme Pizza,Pizza,13.99,Large,2,Patricia Wilson,Yes,"8226 Kings Hwy, Brooklyn, NY"
JXENRUU8UH,2024-11-14,Crazy Bread,Sides,4.99,Regular,3,Richard Martin,Yes,"3953 Kings Hwy, Brooklyn, NY"
RILLPGEY18,2024-01-20,ExtraMostBestest Pepperoni,Pizza,10.49,Large,4,Jessica Moore,No,
QP6AIXY3P4,2024-09-15,ExtraMostBestest Pepperoni,Pizza,10.49,Large,3,Sandra Jackson,Yes,"6706 Ocean Pkwy, Brooklyn, NY"
YHXHI7CYRB,2024-01-29,Crazy Bread,Sides,4.99,Regular,3,Matthew Thomas,No,
HUON3QASLA,2024-08-23,Deep Dish Cheese,Pizza,11.49,Regular,2,Nancy Miller,Yes,"8547 Flatbush Ave, Brooklyn, NY"
A42S5WW7XH,2024-05-19,Deep Dish Cheese,Pizza,11.49,Regular,8,Betty Williams,Yes,"1839 Flatbush Ave, Brooklyn, NY"
BGQOX54K7Y,2024-11-17,Classic Pepperoni Pizza,Pizza,9.49,Large,6,David Miller,No,
XUA4DQXIN6,2024-06-03,ExtraMostBestest Cheese,Pizza,10.49,Large,3,Ashley Garcia,Yes,"2765 Flatbush Ave, Brooklyn, NY"
9MOMCW00AG,2024-11-15,2 Liter Diet Pepsi,Beverage,3.29,2L,3,Lisa Johnson,Yes,"912 Utica Ave, Brooklyn, NY"
HHO0AS9V7L,2024-02-24,ExtraMostBestest Pepperoni,Pizza,10.49,Large,8,Donald Martin,Yes,"8531 Flatbush Ave, Brooklyn, NY"
SKK1HSNZ6U,2024-06-12,3 Meat Treat Pizza,Pizza,12.99,Large,6,Jennifer Jackson,Yes,"7856 Court St, Brooklyn, NY"
8ONKCTQ7VI,2024-05-25,Deep Dish Cheese,Pizza,11.49,Regular,7,Mark Smith,Yes,"2077 Bedford Ave, Brooklyn, NY"
EX6DCLEDO5,2024-12-08,ExtraMostBestest Cheese,Pizza,10.49,Large,9,Elizabeth Rodriguez,No,
9F9L785FTP,2024-04-30,Caesar Wings,Wings,8.99,8pc,3,Robert Jones,No,
POQBT55REB,2024-08-17,Classic Cheese Pizza,Pizza,8.99,Large,9,Ashley Miller,Yes,"2305 Ocean Pkwy, Brooklyn, NY"
2EJPKC0XTY,2024-04-01,Crazy Bread,Sides,4.99,Regular,3,Mary Lopez,Yes,"3682 Utica Ave, Brooklyn, NY"
F4TPA50BG5,2024-09-05,Crazy Bread,Sides,4.99,Regular,4,Jennifer Davis,Yes,"5327 Utica Ave, Brooklyn, NY"
99ARAU76UX,2024-08-21,ExtraMostBestest Cheese,Pizza,10.49,Large,2,Charles Davis,Yes,"9964 Kings Hwy, Brooklyn, NY"
KG6UMH4GBL,2024-07-23,Crazy Bread,Sides,4.99,Regular,2,Matthew Wilson,Yes,"8366 Coney Island Ave, Brooklyn, NY"
0JRR7FIE5R,2024-05-30,Classic Cheese Pizza,Pizza,8.99,Large,1,Ashley Brown,Yes,"5906 Atlantic Ave, Brooklyn, NY"
XUI8LPY058,2024-08-26,Veggie Pizza,Pizza,12.49,Large,1,Mark Garcia,No,
FI30M85YAI,2024-03-23,Classic Pepperoni Pizza,Pizza,9.49,8pc,8,John Williams,Yes,"8259 Nostrand Ave, Brooklyn, NY"
QQ2G1KVR6A,2024-02-18,2 Liter Diet Pepsi,Beverage,3.29,2L,4,John Johnson,Yes,"6198 Utica Ave, Brooklyn, NY"
DEMM0UEZ19,2024-01-11,Crazy Bread,Sides,4.99,Regular,3,Michael Miller,Yes,"8219 Church Ave, Brooklyn, NY"
T4QP075HRX,2024-03-06,Crazy Bread Combo,Sides,5.99,Regular,2,Lisa Williams,Yes,"7706 Bedford Ave, Brooklyn, NY"
X23IETYR9X,2024-04-19,Classic Pepperoni Pizza,Pizza,9.49,Large,1,William Taylor,Yes,"2733 Flatbush Ave, Brooklyn, NY"
KLGIGCUJ7I,2024-12-12,Caesar Wings,Wings,8.99,8pc,4,Thomas Hernandez,Yes,"8037 Kings Hwy, Brooklyn, NY"
YMMHLK1B17,2024-08-03,ExtraMostBestest Cheese,Pizza,10.49,Large,6,Nancy Anderson,No,
921BB2YAJ1,2024-12-12,Crazy Bread Combo,Sides,5.99,Regular,9,Thomas Taylor,No,
OCP8FP1K8R,2024-09-10,Crazy Bread,Sides,4.99,Regular,1,Elizabeth Gonzalez,No,
QE4X1UWR6V,2024-10-15,Crazy Bread Combo,Sides,5.99,Regular,4,Thomas Anderson,Yes,"356 Atlantic Ave, Brooklyn, NY"
FQKSD7GDP9,2024-01-31,Buffalo Wings,Wings,9.49,8pc,2,Patricia Anderson,Yes,"3828 Court St, Brooklyn, NY"
J6QH4MNYK9,2024-05-06,ExtraMostBestest Pepperoni,Pizza,10.49,Large,1,Matthew Gonzalez,No,
OUBB5G9LF5,2024-12-18,Caesar Wings,Wings,8.99,Small,6,Lisa Jones,Yes,"1597 Eastern Pkwy, Brooklyn, NY"
L1UVJF2DJ3,2024-08-12,Caesar Wings,Wings,8.99,8pc,2,Sarah Rodriguez,No,
GGHTV3SY80,2024-08-12,ExtraMostBestest Cheese,Pizza,10.49,Large,3,Daniel Martin,Yes,"2184 Utica Ave, Brooklyn, NY"
J2KEGZRRJ2,2024-11-26,Crazy Bread,Sides,4.99,Regular,2,Mary Thomas,Yes,"8223 Kings Hwy, Brooklyn, NY"
32RV23U65X,2024-07-18,ExtraMostBestest Pepperoni,Pizza,10.49,Large,3,Betty Johnson,Yes,"7098 Church Ave, Brooklyn, NY"
C4W9I40QPF,2024-10-25,ExtraMostBestest Cheese,Pizza,10.49,Large,1,Joseph Garcia,Yes,"4264 Flatbush Ave, Brooklyn, NY"
WST87QUF7P,2024-07-03,Mountain Dew 2 Liter,Beverage,3.29,2L,5,Michael Jones,Yes,"6559 Flatbush Ave, Brooklyn, NY"
5G00R5Y52P,2024-09-12,Caesar Wings,Wings,8.99,8pc,3,David Martinez,No,
7JBX9K7MNC,2024-04-27,Classic Cheese Pizza,Pizza,8.99,Large,5,Jennifer Miller,No,
SZE26R2GWL,2024-04-28,Deep Dish Cheese,Pizza,11.49,Regular,3,Sandra Jones,Yes,"2325 Utica Ave, Brooklyn, NY"
EAPFJ6W8ZN,2024-04-27,ExtraMostBestest Pepperoni,Pizza,10.49,Large,7,Thomas Miller,Yes,
B39BW4Q46D,2024-12-07,2 Liter Pepsi,Beverage,3.29,2L,8,John Lopez,No,
ZSOZACFAXR,2024-08-31,Classic Pepperoni Pizza,Pizza,9.49,Large,6,Thomas Hernandez,No,
QQWHH3TT25,2024-03-03,2 Liter Pepsi,Beverage,3.29,2L,7,Susan Johnson,Yes,"5397 Ocean Pkwy, Brooklyn, NY"
8AM1KBW6GI,2024-05-24,2 Liter Pepsi,Beverage,3.29,2L,5,Linda Smith,Yes,"4682 Atlantic Ave, Brooklyn, NY"
6YY6FRNX7V,2024-05-29,3 Meat Treat Pizza,Pizza,12.99,Large,4,David Brown,Yes,"8319 Coney Island Ave, Brooklyn, NY"
PS4768TQW8,2024-10-20,Classic Pepperoni Pizza,Pizza,9.49,Large,5,Ashley Gonzalez,No,
QB8KH4PJYV,2024-07-21,Classic Cheese Pizza,Pizza,8.99,Large,9,Elizabeth Williams,No,
PZV1417H80,2024-05-12,Aquafina Water,Beverage,1.99,20oz,8,Jessica Jackson,Yes,"4896 Flatbush Ave, Brooklyn, NY"
EIZG1NAT0A,2024-04-16,Supreme Pizza,Pizza,13.99,Large,3,Donald Thomas,Yes,"6067 Coney Island Ave, Brooklyn, NY"
VL0TWY9PZP,2024-09-08,2 Liter Pepsi,Beverage,3.29,2L,7,Michael Smith,No,
C5RL8HUC03,2024-09-12,Mountain Dew 2 Liter,Beverage,3.29,2L,1,Richard Brown,Yes,"8271 Church Ave, Brooklyn, NY"
NSPSKTRCGS,2024-05-02,2 Liter Diet Pepsi,Beverage,3.29,2L,8,Ashley Lopez,No,
H54S47EUAQ,2024-11-17,2 Liter Pepsi,Beverage,3.29,2L,5,Karen Taylor,No,
QZOKPVIDDY,2024-04-18,Buffalo Wings,Wings,9.49,8pc,2,William Lopez,Yes,"4574 Court St, Brooklyn, NY"
ES0MXVL57C,2024-07-08,Italian Cheese Bread,Sides,6.49,Regular,4,Ashley Lopez,Yes,"7474 Coney Island Ave, Brooklyn, NY"
3QYXPYBNRK,2024-05-27,ExtraMostBestest Cheese,Pizza,10.49,Large,4,Robert Anderson,Yes,"8312 Fulton St, Brooklyn, NY"
DE5JAMSLSL,2024-08-09,2 Liter Pepsi,Beverage,3.29,2L,3,Linda Johnson,Yes,"1537 Church Ave, Brooklyn, NY"
785HSZDIMO,2024-05-28,Classic Pepperoni Pizza,Pizza,9.49,Large,3,John Rodriguez,Yes,"1809 Kings Hwy, Brooklyn, NY"
LY6YV0916P,2024-11-12,3 Meat Treat Pizza,Pizza,12.99,Large,4,Matthew Jackson,Yes,"3431 Court St, Brooklyn, NY"
PU45B3AX74,2024-08-05,ExtraMostBestest Pepperoni,Pizza,10.49,Large,3,Michael Gonzalez,Yes,"2854 Ocean Pkwy, Brooklyn, NY"
12WUW60N33,2024-11-06,Buffalo Wings,Wings,9.49,8pc,1,Nancy Jones,No,
0NLYDJIXL7,2024-08-01,Italian Cheese Bread,Sides,6.49,Regular,2,Susan Wilson,Yes,"6501 Kings Hwy, Brooklyn, NY"
S4X5VQFJK2,2024-09-26,Crazy Bread,Sides,4.99,Regular,3,Robert Martinez,Yes,"2715 Flatbush Ave, Brooklyn, NY"
PMPCEM8ML7,2024-11-13,Classic Cheese Pizza,Pizza,8.99,Large,1,Linda Hernandez,Yes,"9230 Bedford Ave, Brooklyn, NY"
38M7D53IIB,2024-02-19,ExtraMostBestest Pepperoni,Pizza,10.49,Large,2,Donald Davis,Yes,"1832 Kings Hwy, Brooklyn, NY"
VBQEVFPVU2,2024-11-12,Classic Pepperoni Pizza,Pizza,9.49,Large,3,Betty Anderson,No,
4GJHJJ30U2,2024-12-07,ExtraMostBestest Cheese,Pizza,10.49,Large,5,Lisa Garcia,Yes,"1567 Coney Island Ave, Brooklyn, NY"
QBW677LRC6,2024-05-09,Deep Dish Cheese,Pizza,11.49,Regular,2,Ashley Smith,No,
75KNORTLQB,2024-07-09,Classic Pepperoni Pizza,Pizza,9.49,Large,2,Donald Johnson,Yes,"9733 Flatbush Ave, Brooklyn, NY"
3CKOHELH91,2024-08-03,ExtraMostBestest Pepperoni,Pizza,10.49,Large,5,Mark Gonzalez,No,
LOB777IH0F,2024-09-20,Buffalo Wings,Wings,9.49,8pc,3,Mark Thomas,No,
NZQEROJK7L,2024-07-21,Deep Dish Cheese,Pizza,11.49,Regular,9,Charles Garcia,Yes,"1546 Flatbush Ave, Brooklyn, NY"
VND9Y7U6UA,2024-11-12,Classic Cheese Pizza,Pizza,8.99,Large,4,Robert Garcia,Yes,"3715 Fulton St, Brooklyn, NY"
A8PFKPOVYH,2024-12-12,Caesar Wings,Wings,8.99,8pc,6,Joseph Moore,No,
N1F32L0FI8,2024-01-03,2 Liter Diet Pepsi,Beverage,3.29,2L,3,Donald Lopez,Yes,"8383 Bedford Ave, Brooklyn, NY"
9ODM7K0NT9,2024-07-30,Crazy Bread Combo,Sides,5.99,Regular,2,Nancy Rodriguez,No,
2X6MSPZPDY,2024-07-21,2 Liter Pepsi,Beverage,3.29,Large,10,Karen Garcia,No,
2H8V2WV3DY,2024-10-14,ExtraMostBestest Pepperoni,Pizza,10.49,Large,2,Sarah Davis,No,
YYKATCRGEV,2024-01-15,Classic Pepperoni Pizza,Pizza,9.49,Large,1,Jennifer Smith,Yes,"8311 Kings Hwy, Brooklyn, NY"
W1CQ5453GK,2024-04-05,3 Meat Treat Pizza,Pizza,12.99,Large,1,James Davis,Yes,"5796 Ocean Pkwy, Brooklyn, NY"
CZTARTGBJB,2024-05-02,ExtraMostBestest Pepperoni,Pizza,10.49,Large,3,Thomas Thomas,No,
Y1GQFF55DE,2024-09-23,ExtraMostBestest Pepperoni,Pizza,10.49,Large,1,Patricia Garcia,Yes,"9404 Eastern Pkwy, Brooklyn, NY"
EVGDGOJGP2,2024-10-15,Supreme Pizza,Pizza,13.99,Large,3,Donald Gonzalez,Yes,"3624 Bedford Ave, Brooklyn, NY"
VKCXALLSSF,2024-01-21,Classic Pepperoni Pizza,Pizza,9.49,Large,5,Ashley Hernandez,No,
KB7IL6D6PQ,2024-09-07,ExtraMostBestest Pepperoni,Pizza,10.49,Large,6,Thomas Rodriguez,No,
BBKOCYW34R,2024-08-14,Crazy Bread,Sides,4.99,Regular,2,Patricia Moore,Yes,"9352 Flatbush Ave, Brooklyn, NY"
2JC0VLKY7T,2024-02-15,Classic Cheese Pizza,Pizza,8.99,Large,4,Barbara Anderson,Yes,"4548 Court St, Brooklyn, NY"
6VMJOBRU2Q,2024-03-02,Crazy Bread,Sides,4.99,Regular,3,Sandra Rodriguez,No,
KSFQE50C7W,2024-02-08,ExtraMostBestest Pepperoni,Pizza,10.49,Large,4,Mary Jones,No,
WMRYAZJ6WU,2024-04-03,Crazy Bread,Sides,4.99,Regular,3,Barbara Taylor,No,
EIC0OQF8RM,2024-08-04,3 Meat Treat Pizza,Pizza,12.99,Large,8,Elizabeth Moore,No,
9G5HG5UGHN,2024-04-25,Aquafina Water,Beverage,1.99,20oz,2,Richard Garcia,No,
XG3WTK41NS,2024-05-21,Classic Cheese Pizza,Pizza,8.99,Large,3,Ashley Martinez,Yes,"2020 Utica Ave, Brooklyn, NY"
XWTR1UEIAQ,2024-02-08,2 Liter Diet Pepsi,Beverage,3.29,2L,2,Anthony Thomas,Yes,"6782 Church Ave, Brooklyn, NY"
3UJ09ASFOK,2024-05-13,Buffalo Wings,Wings,9.49,8pc,3,Linda Rodriguez,No,
IQLD322SR8,2024-09-01,Mountain Dew 2 Liter,Beverage,3.29,2L,7,John Rodriguez,Yes,"877 Eastern Pkwy, Brooklyn, NY"
O948WEGT5J,2024-07-16,Crazy Bread,Sides,4.99,Regular,3,John Lopez,Yes,"4462 Fulton St, Brooklyn, NY"
XKKJJAR4GZ,2024-10-07,Crazy Bread Combo,Sides,5.99,Regular,3,Richard Gonzalez,Yes,"7670 Ocean Pkwy, Brooklyn, NY"
1SVBLRQ3X4,2024-08-04,Deep Dish Pepperoni,Pizza,11.99,Regular,5,Karen Martin,Yes,"5376 Utica Ave, Brooklyn, NY"
305T1WW8PA,2024-08-15,Classic Pepperoni Pizza,Pizza,9.49,Large,4,Barbara Jackson,Yes,"1733 Flatbush Ave, Brooklyn, NY"
KDA24MKS9V,2024-04-18,Crazy Bread,Sides,4.99,Regular,3,Ashley Thomas,Yes,"6535 Flatbush Ave, Brooklyn, NY"
YN1QI5J32M,2024-07-26,ExtraMostBestest Pepperoni,Pizza,10.49,Large,3,Linda Thomas,Yes,"4628 Eastern Pkwy, Brooklyn, NY"
VWGJY4P5HW,2024-03-20,2 Liter Diet Pepsi,Beverage,3.29,2L,3,Sarah Martinez,Yes,"5522 Utica Ave, Brooklyn, NY"
O0QL4TC9YV,2024-12-13,Veggie Pizza,Pizza,12.49,Large,4,Lisa Taylor,No,
RRQSX696GH,2024-12-27,Veggie Pizza,Pizza,12.49,Large,6,Elizabeth Jones,Yes,"6935 Atlantic Ave, Brooklyn, NY"
X5BGAVHI6T,2024-05-26,Deep Dish Pepperoni,Pizza,11.99,Regular,7,Linda Miller,Yes,"6401 Flatbush Ave, Brooklyn, NY"
QLML5H6SW3,2024-12-16,Italian Cheese Bread,Sides,6.49,Regular,3,Jessica Wilson,No,
1GIX5HY9LX,2024-04-13,Crazy Bread Combo,Sides,5.99,Regular,5,Robert Gonzalez,No,
3LSPD798UI,2024-01-15,ExtraMostBestest Cheese,Pizza,10.49,Large,4,Susan Jones,Yes,"4202 Flatbush Ave, Brooklyn, NY"
BI28SHQENG,2024-12-04,Aquafina Water,Beverage,1.99,20oz,2,Mark Jackson,No,
L3XKKJLIVB,2024-10-13,ExtraMostBestest Pepperoni,Pizza,10.49,Large,7,Barbara Williams,No,
QRY1EYN70W,2024-07-08,Classic Cheese Pizza,Pizza,8.99,Small,2,Donald Taylor,No,
IZPYDDXARW,2024-08-04,Italian Cheese Bread,Sides,6.49,Regular,7,Nancy Jones,No,
6MDMB6O7CM,2024-02-14,Caesar Wings,Wings,8.99,8pc,4,Jessica Lopez,Yes,"5402 Bedford Ave, Brooklyn, NY"
OAUNEO5CHM,2024-12-20,Supreme Pizza,Pizza,13.99,Large,7,Susan Moore,Yes,"1426 Coney Island Ave, Brooklyn, NY"
XPU46U15UT,2024-04-05,Aquafina Water,Beverage,1.99,20oz,2,Ashley Williams,No,
CJI7EKVZAR,2024-10-19,Deep Dish Pepperoni,Pizza,11.99,Regular,7,Barbara Garcia,Yes,"3777 Flatbush Ave, Brooklyn, NY"
MQO0FVLC25,2024-02-25,Classic Pepperoni Pizza,Pizza,9.49,Large,7,Barbara Lopez,Yes,"378 Court St, Brooklyn, NY"
LYIMOES1AI,2024-12-29,2 Liter Pepsi,Beverage,3.29,2L,4,Anthony Jones,Yes,"402 Nostrand Ave, Brooklyn, NY"
F1Q2B7WPOO,2024-01-02,Aquafina Water,Beverage,1.99,20oz,4,Lisa Williams,Yes,"6867 Bedford Ave, Brooklyn, NY"
BGXK93RHWH,2024-11-11,Crazy Bread Combo,Beverage,5.99,Regular,3,Linda Garcia,Yes,"1306 Eastern Pkwy, Brooklyn, NY"
BOQC2E4OF4,2024-12-03,Italian Cheese Bread,Sides,6.49,Regular,2,Nancy Hernandez,No,
0OMOMS98Z2,2024-10-04,Crazy Bread,Sides,4.99,Regular,1,Linda Taylor,No,
G430LR3OOZ,2024-10-17,ExtraMostBestest Cheese,Pizza,10.49,Large,3,Charles Smith,No,
UX01811NAE,2024-10-04,ExtraMostBestest Pepperoni,Pizza,10.49,Large,4,Donald Johnson,Yes,"369 Utica Ave, Brooklyn, NY"
YB4IWH7DCA,2024-02-14,Caesar Wings,Wings,8.99,8pc,2,Sarah Hernandez,Yes,"6372 Atlantic Ave, Brooklyn, NY"
I6NRQDWAO4,2024-11-12,2 Liter Diet Pepsi,Beverage,3.29,2L,4,Susan Davis,No,
PTT0IX1SST,2024-05-26,Veggie Pizza,Pizza,12.49,Regular,8,William Gonzalez,Yes,"656 Kings Hwy, Brooklyn, NY"
VQ0BCUC6BH,2024-03-23,Classic Cheese Pizza,Pizza,8.99,Large,6,Susan Wilson,Yes,"9763 Bedford Ave, Brooklyn, NY"
U8TJHULURS,2024-06-12,Deep Dish Pepperoni,Pizza,11.99,Regular,8,Matthew Davis,No,
FUCGUW0V0I,2024-04-12,Classic Pepperoni Pizza,Pizza,9.49,Large,1,William Garcia,Yes,"8972 Eastern Pkwy, Brooklyn, NY"
623AHW9TTK,2024-05-06,Caesar Wings,Wings,8.99,8pc,4,Richard Wilson,No,
IGAE7UTEI5,2024-11-30,Crazy Bread Combo,Sides,5.99,Regular,4,Jennifer Jackson,Yes,"6775 Nostrand Ave, Brooklyn, NY"
15CF89LPBS,2024-08-28,Classic Cheese Pizza,Pizza,8.99,Large,4,Mark Anderson,Yes,"7457 Coney Island Ave, Brooklyn, NY"
5C7K4RJNYL,2024-04-05,Italian Cheese Bread,Sides,6.49,Regular,2,Joseph Thomas,Yes,"312 Coney Island Ave, Brooklyn, NY"
BES81DE0RI,2024-07-01,ExtraMostBestest Pepperoni,Pizza,10.49,Large,2,Lisa Taylor,Yes,"5022 Church Ave, Brooklyn, NY"
PZGRSPIW06,2024-06-25,ExtraMostBestest Pepperoni,Pizza,10.49,Large,5,Mary Lopez,Yes,"6988 Fulton St, Brooklyn, NY"
8EGT3HFJY5,2024-12-18,ExtraMostBestest Cheese,Pizza,10.49,Large,5,William Hernandez,Yes,"5991 Bedford Ave, Brooklyn, NY"
89WAYM9Q11,2024-02-15,Classic Pepperoni Pizza,Pizza,9.49,Large,4,Matthew Taylor,Yes,"6484 Bedford Ave, Brooklyn, NY"
A79OMYJ06M,2024-07-30,Crazy Bread Combo,Sides,5.99,Regular,1,Betty Martin,No,
Q3TNPP2VPF,2024-05-22,ExtraMostBestest Cheese,Pizza,10.49,Large,1,John Rodriguez,Yes,"8780 Nostrand Ave, Brooklyn, NY"
5THU4TGVXK,2024-07-06,Classic Pepperoni Pizza,Pizza,9.49,Large,7,Ashley Moore,Yes,"8945 Coney Island Ave, Brooklyn, NY"
H6LB3K5RUW,2024-12-06,Supreme Pizza,Pizza,13.99,Large,2,Linda Smith,Yes,"6598 Nostrand Ave, Brooklyn, NY"
1FJ4LKAWQ6,2024-05-02,3 Meat Treat Pizza,Pizza,12.99,Large,3,Lisa Johnson,No,
OAPADJXH3W,2024-07-12,2 Liter Pepsi,Beverage,3.29,2L,4,James Taylor,Yes,"1805 Eastern Pkwy, Brooklyn, NY"
36PCGYFHSH,2024-07-13,2 Liter Diet Pepsi,Beverage,3.29,2L,9,Susan Gonzalez,No,
W04PDTIIHE,2024-05-10,ExtraMostBestest Pepperoni,Pizza,10.49,Large,1,Ashley Smith,Yes,"1208 Eastern Pkwy, Brooklyn, NY"
XBV9MDPOA8,2024-05-10,Italian Cheese Bread,Sides,6.49,Regular,4,Charles Moore,Yes,"1181 Bedford Ave, Brooklyn, NY"
KB3YGB1RV3,2024-11-06,Classic Pepperoni Pizza,Pizza,9.49,Large,4,Anthony Johnson,Yes,"845 Kings Hwy, Brooklyn, NY"
SG9SX3KOIE,2024-05-02,Caesar Wings,Wings,8.99,8pc,2,Daniel Gonzalez,Yes,"3900 Fulton St, Brooklyn, NY"
CBJJUIDCE7,2024-09-20,Crazy Bread,Sides,4.99,Regular,3,Ashley Taylor,Yes,"1037 Church Ave, Brooklyn, NY"
2VO8PHNCK5,2024-01-06,2 Liter Pepsi,Beverage,3.29,2L,4,Donald Taylor,Yes,"8748 Eastern Pkwy, Brooklyn, NY"
VKLU1EAO1L,2024-02-23,Supreme Pizza,Pizza,13.99,Large,2,Michael Wilson,Yes,"9000 Flatbush Ave, Brooklyn, NY"
IINJV5S1HH,2024-07-10,Aquafina Water,Beverage,1.99,20oz,6,Michael Brown,Yes,"9257 Flatbush Ave, Brooklyn, NY"
BDWV4K9JRY,2024-07-02,Crazy Bread,Sides,4.99,Regular,2,Thomas Moore,Yes,"6606 Flatbush Ave, Brooklyn, NY"
VD7X1JMH6T,2024-08-25,Crazy Bread,Sides,4.99,Regular,5,Sarah Williams,Yes,"6932 Fulton St, Brooklyn, NY"
26S2QQCZ8U,2024-10-24,2 Liter Pepsi,Beverage,3.29,,1,Betty Brown,No,
7N3YTC84VE,2024-06-12,Classic Cheese Pizza,Pizza,8.99,Large,7,Patricia Johnson,Yes,"5149 Atlantic Ave, Brooklyn, NY"
ZKQOELU8A3,2024-10-14,2 Liter Pepsi,Beverage,3.29,2L,3,Karen Gonzalez,Yes,"9643 Atlantic Ave, Brooklyn, NY"
RVSF0S60KQ,2024-11-14,Supreme Pizza,Pizza,13.99,Large,3,Nancy Martinez,Yes,"1664 Church Ave, Brooklyn, NY"
Q7S44Z78IY,2024-05-16,Classic Pepperoni Pizza,Pizza,9.49,Large,3,Donald Lopez,Yes,"9917 Bedford Ave, Brooklyn, NY"
O1DKIAC7M8,2024-01-31,2 Liter Diet Pepsi,Beverage,3.29,2L,3,Nancy Jones,No,
ZYDP0LO2K9,2024-05-30,Classic Cheese Pizza,Pizza,8.99,Large,1,Susan Gonzalez,No,
L8O9ICS9JR,2024-10-18,Supreme Pizza,Pizza,13.99,Large,1,Patricia Thomas,Yes,"9074 Eastern Pkwy, Brooklyn, NY"
MXG6IBW9I5,2024-01-28,ExtraMostBestest Cheese,Pizza,10.49,Large,8,Thomas Garcia,No,
JMZ8SPCTAT,2024-12-10,Classic Pepperoni Pizza,Pizza,9.49,Large,1,David Martinez,Yes,"7234 Coney Island Ave, Brooklyn, NY"
OLBA0X9A8F,2024-09-22,Classic Cheese Pizza,Pizza,8.99,Large,5,Richard Anderson,Yes,"1996 Nostrand Ave, Brooklyn, NY"
X7LOFOLANG,2024-01-19,Mountain Dew 2 Liter,Beverage,3.29,2L,4,William Martinez,No,
J53MXYWRYE,2024-02-02,Crazy Bread,Sides,4.99,Regular,3,Matthew Lopez,Yes,"9723 Fulton St, Brooklyn, NY"
J5Q0S9AJYG,2024-08-01,Mountain Dew 2 Liter,Beverage,3.29,2L,5,John Hernandez,No,
1500EEOD1V,2024-02-07,Crazy Bread Combo,Sides,5.99,Regular,3,Sarah Martin,No,
T0Z6M9ZMXZ,2024-01-08,Classic Cheese Pizza,Pizza,8.99,Large,1,Sandra Smith,Yes,"9811 Ocean Pkwy, Brooklyn, NY"
6831FEZ0MS,2024-10-29,Crazy Bread,Sides,4.99,Regular,1,Anthony Davis,Yes,
CGAUAI0JPP,2024-03-22,Classic Pepperoni Pizza,Pizza,9.49,Large,1,William Martin,No,
YOXOMTF075,2024-09-10,Crazy Bread Combo,Sides,5.99,Regular,1,Daniel Brown,Yes,"8144 Court St, Brooklyn, NY"
NJTE0Y4HI5,2024-03-07,Classic Pepperoni Pizza,Pizza,9.49,Large,2,Donald Moore,Yes,"2520 Church Ave, Brooklyn, NY"
NHN6OFQYEO,2024-04-22,Classic Cheese Pizza,Pizza,8.99,8pc,3,Lisa Thomas,Yes,"4675 Bedford Ave, Brooklyn, NY"
QU08F874ES,2024-03-30,ExtraMostBestest Pepperoni,Pizza,10.49,Large,8,Patricia Moore,No,
HD5XZWBH80,2024-08-20,Classic Cheese Pizza,Pizza,8.99,Large,4,Robert Jackson,Yes,"538 Coney Island Ave, Brooklyn, NY"
XEB7C5KTSI,2024-09-27,Classic Pepperoni Pizza,Pizza,9.49,Large,4,Sandra Jackson,No,
77FLV7EJM1,2024-10-12,Supreme Pizza,Pizza,13.99,Large,7,Daniel Moore,No,
TUO1R35G21,2024-04-02,Veggie Pizza,Pizza,12.49,Large,4,David Johnson,Yes,"7405 Eastern Pkwy, Brooklyn, NY"
XB97LCPXXV,2024-05-26,Caesar Wings,Wings,8.99,8pc,8,Elizabeth Anderson,Yes,"8340 Ocean Pkwy, Brooklyn, NY"
2L2E9EU0G8,2024-08-15,ExtraMostBestest Pepperoni,Pizza,10.49,Large,4,Betty Wilson,Yes,"9430 Court St, Brooklyn, NY"
75YUZTW32A,2024-11-18,ExtraMostBestest Cheese,Pizza,10.49,Large,1,Jessica Thomas,Yes,"7646 Nostrand Ave, Brooklyn, NY"
MJU1BZQW29,2024-11-26,Deep Dish Pepperoni,Pizza,11.99,Regular,1,Patricia Rodriguez,No,
6K9Y8PZEKS,2024-09-18,Classic Cheese Pizza,Pizza,8.99,Large,1,Daniel Lopez,No,
QRPJZ3N3M4,2024-06-25,2 Liter Pepsi,Beverage,3.29,2L,7,Jennifer Miller,Yes,"5537 Atlantic Ave, Brooklyn, NY"
8O79VRJO59,2024-04-15,ExtraMostBestest Cheese,Pizza,10.49,Large,1,Karen Williams,Yes,"9771 Fulton St, Brooklyn, NY"
HMH74UZ5LQ,2024-09-11,Crazy Bread,Sides,4.99,Regular,3,Patricia Garcia,Yes,"1576 Fulton St, Brooklyn, NY"
KQN8OY7GNJ,2024-07-13,Italian Cheese Bread,Sides,6.49,Regular,7,Jessica Moore,No,
1UCVM5O9CO,2024-11-07,Crazy Bread Combo,Sides,5.99,Regular,2,Anthony Jackson,Yes,"3975 Atlantic Ave, Brooklyn, NY"
6DHX16H700,2024-12-30,3 Meat Treat Pizza,Pizza,12.99,Large,3,Mary Anderson,Yes,"6470 Church Ave, Brooklyn, NY"
KVZBDGVVVV,2024-11-19,Aquafina Water,Beverage,1.99,20oz,2,Ashley Garcia,Yes,"2722 Fulton St, Brooklyn, NY"
I14KMRY09S,2024-05-29,Classic Cheese Pizza,Pizza,8.99,Large,2,Linda Miller,Yes,"2185 Ocean Pkwy, Brooklyn, NY"
YNETUY56H2,2024-11-16,Classic Pepperoni Pizza,Pizza,9.49,Large,5,Anthony Williams,No,
2VORFSL0JJ,2024-03-16,Classic Pepperoni Pizza,Pizza,9.49,Large,8,Barbara Jones,No,
L03710MEAT,2024-01-18,ExtraMostBestest Cheese,Pizza,10.49,Large,4,Linda Brown,No,
NL7I3P0OI8,2024-10-14,Classic Pepperoni Pizza,Pizza,9.49,Large,4,Jessica Wilson,Yes,"4359 Church Ave, Brooklyn, NY"
EKLWJEPW5X,2024-03-16,Deep Dish Cheese,Pizza,11.49,Regular,7,James Garcia,No,
K9IPHPTMQK,2024-10-31,3 Meat Treat Pizza,Pizza,12.99,Large,1,Joseph Davis,Yes,"9725 Fulton St, Brooklyn, NY"
4LMJRJPFFS,2024-12-15,Italian Cheese Bread,Sides,6.49,Regular,7,Karen Moore,Yes,"1955 Eastern Pkwy, Brooklyn, NY"
9EGVXBCVLM,2024-08-15,Deep Dish Pepperoni,Pizza,11.99,Regular,3,John Martin,No,
DEVI5B9OIN,2024-04-27,Classic Pepperoni Pizza,Pizza,9.49,Large,8,Charles Williams,Yes,"5384 Utica Ave, Brooklyn, NY"
1LQXT229Q7,2024-12-31,Caesar Wings,Wings,8.99,8pc,9,Sarah Smith,Yes,"9689 Eastern Pkwy, Brooklyn, NY"
MA5BXJNBZV,2024-10-28,ExtraMostBestest Pepperoni,Pizza,10.49,Large,4,Linda Wilson,Yes,"8545 Utica Ave, Brooklyn, NY"
RCPHT102F2,2024-11-08,Classic Pepperoni Pizza,Pizza,9.49,Large,1,Linda Garcia,Yes,"7332 Ocean Pkwy, Brooklyn, NY"
N0MWFS58BQ,2024-02-16,ExtraMostBestest Cheese,Pizza,10.49,Large,4,Lisa Taylor,No,
T23G5SMQ5U,2024-01-13,Crazy Bread Combo,Sides,5.99,Regular,5,Susan Martin,No,
YS9P7SEPHO,2024-05-27,Classic Pepperoni Pizza,Pizza,9.49,Large,2,Jessica Davis,Yes,"7851 Atlantic Ave, Brooklyn, NY"
0W5RXMABL3,2024-07-30,ExtraMostBestest Cheese,Pizza,10.49,Large,1,Charles Lopez,Yes,"6184 Kings Hwy, Brooklyn, NY"
E2DCQ81UEN,2024-11-29,Italian Cheese Bread,Sides,6.49,Regular,1,Thomas Anderson,Yes,"5345 Kings Hwy, Brooklyn, NY"
EWA5UY7NVL,2024-03-01,Deep Dish Pepperoni,Pizza,11.99,Regular,4,Richard Wilson,Yes,"6108 Eastern Pkwy, Brooklyn, NY"
16DB0IC1KX,2024-08-11,ExtraMostBestest Pepperoni,Pizza,10.49,Large,9,Linda Gonzalez,No,
0RFLKYN0BU,2024-05-19,Classic Pepperoni Pizza,Pizza,9.49,Large,9,Nancy Johnson,Yes,"677 Flatbush Ave, Brooklyn, NY"
IWKVYTNDJJ,2024-04-17,Mountain Dew 2 Liter,Beverage,3.29,2L,1,Charles Taylor,Yes,
W7RNTWXWQQ,2024-03-19,3 Meat Treat Pizza,Pizza,12.99,Large,3,Linda Wilson,Yes,"2636 Kings Hwy, Brooklyn, NY"
4JDGJ8YSWV,2024-04-22,ExtraMostBestest Pepperoni,Pizza,10.49,Large,1,Patricia Wilson,No,
V33PV70LGR,2024-11-01,Caesar Wings,Wings,8.99,8pc,3,Mark Davis,Yes,"9493 Atlantic Ave, Brooklyn, NY"
PFDT75MCAY,2024-12-26,3 Meat Treat Pizza,Pizza,12.99,Large,8,James Garcia,Yes,"4384 Church Ave, Brooklyn, NY"
SGAFCOHBXX,2024-03-08,ExtraMostBestest Pepperoni,Pizza,10.49,Large,3,David Smith,No,
SEWKN8XQKY,2024-09-28,Classic Pepperoni Pizza,Pizza,9.49,Large,4,Linda Davis,Yes,"2694 Fulton St, Brooklyn, NY"
IX6XHGGO6Z,2024-05-28,Aquafina Water,Beverage,1.99,20oz,5,Daniel Thomas,Yes,"8111 Kings Hwy, Brooklyn, NY"
DOTAIECEVS,2024-02-24,Classic Pepperoni Pizza,Pizza,9.49,Large,9,Ashley Miller,Yes,"5054 Flatbush Ave, Brooklyn, NY"
S4INCO8O9G,2024-11-10,Buffalo Wings,Wings,9.49,8pc,6,Donald Davis,Yes,"4622 Eastern Pkwy, Brooklyn, NY"
D2IBOCTBLR,2024-09-10,Classic Pepperoni Pizza,Pizza,9.49,Large,2,David Brown,No,
BTPDO7YFKP,2024-10-24,Crazy Bread,Sides,4.99,Regular,4,Mary Jackson,Yes,"8676 Atlantic Ave, Brooklyn, NY"
2RW97RSLXW,2024-04-10,ExtraMostBestest Pepperoni,Pizza,10.49,Large,1,Charles Smith,Yes,"4696 Nostrand Ave, Brooklyn, NY"
YYT86R5KXS,2024-09-28,Crazy Bread Combo,Sides,5.99,Regular,4,Patricia Hernandez,Yes,"3842 Court St, Brooklyn, NY"
9XXK7TTMA0,2024-06-08,3 Meat Treat Pizza,Pizza,12.99,Large,9,Jessica Jackson,Yes,"953 Flatbush Ave, Brooklyn, NY"
YUJEDODWH7,2024-01-17,Italian Cheese Bread,Beverage,6.49,Regular,1,Daniel Williams,Yes,"2472 Atlantic Ave, Brooklyn, NY"
68GARYE2KQ,2024-04-05,Classic Pepperoni Pizza,Pizza,9.49,Large,1,Mary Jackson,Yes,"2953 Coney Island Ave, Brooklyn, NY"
IVD2IGDXBZ,2024-01-24,Italian Cheese Bread,Sides,6.49,Regular,3,James Moore,Yes,"9482 Kings Hwy, Brooklyn, NY"
KXUNDMFZ5W,2024-09-26,Buffalo Wings,Wings,9.49,8pc,4,Mary Gonzalez,No,
D8L8DJ0EK3,2024-09-09,Crazy Bread,Sides,4.99,Regular,3,Thomas Anderson,No,
AOVL7XTR3G,2024-07-05,ExtraMostBestest Cheese,Pizza,10.49,Large,3,Ashley Miller,Yes,"1318 Eastern Pkwy, Brooklyn, NY"
S3DF78QN8P,2024-03-03,Classic Cheese Pizza,Pizza,8.99,Large,6,John Anderson,No,
KJYKX9CE5R,2024-02-02,Classic Cheese Pizza,Pizza,8.99,Large,1,Nancy Johnson,Yes,"2227 Coney Island Ave, Brooklyn, NY"
OI373DZWI7,2024-12-03,2 Liter Pepsi,Beverage,3.29,2L,4,Robert Davis,Yes,"8753 Bedford Ave, Brooklyn, NY"
D5R9X7XKP5,2024-06-12,3 Meat Treat Pizza,Pizza,12.99,Large,4,Michael Davis,Yes,"4312 Kings Hwy, Brooklyn, NY"
S9JZL4KKLR,2024-02-23,ExtraMostBestest Pepperoni,Pizza,10.49,Large,1,Jessica Moore,Yes,"845 Eastern Pkwy, Brooklyn, NY"
4R5B92HA6E,2024-12-25,ExtraMostBestest Pepperoni,Pizza,10.49,Large,6,Mary Brown,Yes,"9979 Fulton St, Brooklyn, NY"
0OSOH5V6KP,2024-07-22,ExtraMostBestest Cheese,Pizza,10.49,Large,4,Charles Smith,Yes,"5973 Bedford Ave, Brooklyn, NY"
O2DE83QUV5,2024-02-16,Crazy Bread,Sides,4.99,Regular,3,Nancy Thomas,Yes,"6346 Bedford Ave, Brooklyn, NY"
EGQE8DKGXR,2024-03-23,Classic Pepperoni Pizza,Pizza,9.49,Large,5,Jessica Jones,Yes,"6492 Fulton St, Brooklyn, NY"
EXQWWFB4LU,2024-06-10,Classic Pepperoni Pizza,Pizza,9.49,Large,4,Sandra Rodriguez,No,
MFSWPY6EFI,2024-06-17,Crazy Bread,Sides,4.99,Regular,4,Jessica Martin,Yes,"9068 Fulton St, Brooklyn, NY"
3Z5GF0G46U,2024-12-03,Classic Cheese Pizza,Pizza,8.99,Large,1,James Thomas,Yes,"931 Atlantic Ave, Brooklyn, NY"
GI9P8TFXSW,2024-09-25,Caesar Wings,Wings,8.99,8pc,3,Michael Jackson,Yes,"9529 Church Ave, Brooklyn, NY"
HW9P0IEIHC,2024-04-17,Buffalo Wings,Wings,9.49,8pc,4,Ashley Anderson,Yes,"3899 Atlantic Ave, Brooklyn, NY"
47TDESY3U0,2024-05-16,ExtraMostBestest Pepperoni,Pizza,10.49,Large,4,Elizabeth Smith,Yes,"6100 Kings Hwy, Brooklyn, NY"
D53I0QAOYR,2024-06-13,Deep Dish Pepperoni,Pizza,11.99,Regular,4,Anthony Garcia,Yes,"9792 Court St, Brooklyn, NY"
HVR04JCRW9,2024-12-05,Crazy Bread,Sides,4.99,Regular,4,Linda Williams,No,
DGJ9KKU7IM,2024-04-20,Classic Cheese Pizza,Pizza,8.99,Large,10,Charles Jones,Yes,"1697 Court St, Brooklyn, NY"
960BMTXV4L,2024-06-13,Caesar Wings,Wings,8.99,8pc,6,Charles Martin,No,
QKG8J7W697,2024-06-13,Aquafina Water,Beverage,1.99,20oz,8,David Wilson,Yes,"4409 Church Ave, Brooklyn, NY"
55C5MWBWAC,2024-12-06,2 Liter Diet Pepsi,Beverage,3.29,2L,3,Charles Garcia,No,
0TPGOK6UFK,2024-05-19,ExtraMostBestest Pepperoni,Pizza,10.49,Large,8,James Johnson,Yes,"191 Flatbush Ave, Brooklyn, NY"
XCYNLAIMA5,2024-06-10,3 Meat Treat Pizza,Pizza,12.99,Large,4,Mary Thomas,Yes,"3252 Court St, Brooklyn, NY"
3WY61FIVOC,2024-02-06,2 Liter Diet Pepsi,Beverage,3.29,2L,4,William Thomas,Yes,"7191 Eastern Pkwy, Brooklyn, NY"
DXIS15425W,2024-07-11,ExtraMostBestest Cheese,Pizza,10.49,Large,1,Richard Jackson,Yes,"4892 Church Ave, Brooklyn, NY"
AAXN45JO52,2024-12-15,ExtraMostBestest Pepperoni,Pizza,10.49,Large,8,Joseph Hernandez,No,
TLJFEDTEET,2024-05-28,Classic Pepperoni Pizza,Pizza,9.49,Large,4,Jessica Gonzalez,Yes,"7908 Nostrand Ave, Brooklyn, NY"
5R7A2P4LEW,2024-08-14,Supreme Pizza,Pizza,13.99,Large,4,Matthew Martin,No,
N8ADNKWB3W,2024-08-11,2 Liter Pepsi,Beverage,3.29,2L,10,Betty Anderson,Yes,"5064 Church Ave, Brooklyn, NY"
JMMYR77YH3,2024-10-02,Crazy Bread,Sides,4.99,Regular,3,Robert Lopez,No,
Y5R8T9450X,2024-04-04,Crazy Bread Combo,Sides,5.99,Regular,1,Michael Smith,Yes,"9361 Kings Hwy, Brooklyn, NY"
182KYB8VOD,2024-07-25,3 Meat Treat Pizza,Pizza,12.99,Large,1,Sarah Smith,Yes,"7041 Ocean Pkwy, Brooklyn, NY"
DVMWTRSHRB,2024-09-01,ExtraMostBestest Cheese,Pizza,10.49,Large,9,Susan Martinez,Yes,"8144 Atlantic Ave, Brooklyn, NY"
2WDAZYW6WE,2024-04-10,Deep Dish Pepperoni,Pizza,11.99,Regular,2,Charles Smith,No,
XAGI30CN89,2024-10-20,Crazy Bread Combo,Sides,5.99,Regular,8,Sarah Jones,Yes,"1216 Atlantic Ave, Brooklyn, NY"
KIZIWWL0A9,2024-11-26,Crazy Bread Combo,Sides,5.99,Regular,3,Sarah Miller,Yes,"4852 Nostrand Ave, Brooklyn, NY"
PWF5XK1SYF,2024-08-17,Classic Pepperoni Pizza,Pizza,9.49,Large,7,Charles Miller,No,
T7DKPZ4FNW,2024-08-24,Mountain Dew 2 Liter,Beverage,3.29,2L,10,John Garcia,No,
9GNTDWHMBU,2024-06-09,Caesar Wings,Wings,8.99,8pc,6,Jessica Davis,No,
RY0Z9YJG6Q,2024-02-02,ExtraMostBestest Cheese,Pizza,10.49,Large,1,Nancy Hernandez,No,
5D5KGF39WF,2024-01-15,3 Meat Treat Pizza,Pizza,12.99,Large,4,Ashley Anderson,Yes,"1798 Utica Ave, Brooklyn, NY"
9JMZ43D3ZB,2024-12-12,2 Liter Pepsi,Beverage,3.29,2L,5,Richard Hernandez,Yes,"3519 Court St, Brooklyn, NY"
C8RVG5529R,2024-06-04,Caesar Wings,Wings,8.99,8pc,3,Linda Williams,Yes,"5274 Utica Ave, Brooklyn, NY"
XYOD0R450F,2024-08-11,Veggie Pizza,Pizza,12.49,Large,6,Richard Jones,Yes,"8331 Kings Hwy, Brooklyn, NY"
0N85J0DK90,2024-02-25,Caesar Wings,Wings,8.99,8pc,5,James Williams,Yes,"6147 Court St, Brooklyn, NY"
OJW9BFC0XE,2024-05-13,Crazy Bread,Sides,4.99,Regular,2,Sarah Johnson,Yes,"407 Court St, Brooklyn, NY"
2O0YLEQDB2,2024-01-03,Classic Pepperoni Pizza,Pizza,9.49,Large,4,Daniel Smith,Yes,"1387 Fulton St, Brooklyn, NY"
TPR2PRYVF3,2024-02-11,3 Meat Treat Pizza,Pizza,12.99,Large,8,Sarah Smith,No,
92BSUG1MVJ,2024-04-29,Deep Dish Cheese,Pizza,11.49,Regular,3,Charles Jones,Yes,"274 Eastern Pkwy, Brooklyn, NY"
245GBXZQIN,2024-08-26,ExtraMostBestest Pepperoni,Pizza,10.49,Large,4,Anthony Gonzalez,Yes,"2806 Kings Hwy, Brooklyn, NY"
B2I5SGFCFL,2024-06-29,ExtraMostBestest Cheese,Pizza,10.49,Large,5,Susan Wilson,Yes,"6306 Atlantic Ave, Brooklyn, NY"
3TH5619XPL,2024-01-24,ExtraMostBestest Pepperoni,Pizza,10.49,Large,1,Joseph Moore,Yes,"400 Ocean Pkwy, Brooklyn, NY"
4W5NU4IN2K,2024-05-27,ExtraMostBestest Pepperoni,Pizza,10.49,Large,2,Anthony Smith,No,
1LWB46T86L,2024-11-08,Supreme Pizza,Pizza,13.99,Large,1,Mark Davis,No,
8MLNCGFQDP,2024-10-04,Veggie Pizza,Pizza,12.49,Large,1,Richard Garcia,No,
MDKE87AJ79,2024-12-10,Deep Dish Pepperoni,Pizza,11.99,Regular,3,Patricia Miller,Yes,
4HUFN4VNBO,2024-07-10,Italian Cheese Bread,Sides,6.49,Regular,1,Michael Jones,Yes,"9991 Nostrand Ave, Brooklyn, NY"
KGK8MYDL0L,2024-01-24,3 Meat Treat Pizza,Pizza,12.99,Large,4,Jessica Miller,Yes,"2116 Nostrand Ave, Brooklyn, NY"
U52IYBHK3H,2024-05-23,Aquafina Water,Beverage,1.99,20oz,7,David Brown,Yes,"8997 Ocean Pkwy, Brooklyn, NY"
TPNSQ3XN0Q,2024-12-20,Buffalo Wings,Wings,9.49,8pc,4,James Martin,Yes,"2478 Kings Hwy, Brooklyn, NY"
G4UBV9TKRW,2024-09-16,Veggie Pizza,Pizza,12.49,Large,4,Barbara Miller,Yes,"8348 Flatbush Ave, Brooklyn, NY"
TUAN5O2YS5,2024-02-20,Supreme Pizza,Pizza,13.99,Large,4,Lisa Wilson,No,
XVQVAEUTJ0,2024-10-28,Classic Pepperoni Pizza,Pizza,9.49,Large,1,Jennifer Lopez,No,
WNGHYSBZ0O,2024-06-26,Crazy Bread,Sides,4.99,Regular,7,Donald Moore,Yes,"829 Church Ave, Brooklyn, NY"
5SA9C2LTWI,2024-11-23,Classic Cheese Pizza,Pizza,8.99,Large,8,Nancy Moore,Yes,"8803 Fulton St, Brooklyn, NY"
E9FI3M5RPB,2024-04-12,Italian Cheese Bread,Sides,6.49,Regular,1,Patricia Thomas,No,
EWRX4ME6XK,2024-01-08,ExtraMostBestest Pepperoni,Pizza,10.49,Large,4,Richard Rodriguez,No,
7IOTHIEHT1,2024-10-14,ExtraMostBestest Pepperoni,Pizza,10.49,Large,4,Karen Johnson,Yes,"3027 Ocean Pkwy, Brooklyn, NY"
RXB6HXCK1F,2024-03-11,Deep Dish Pepperoni,Pizza,11.99,Regular,2,Daniel Taylor,Yes,"4243 Coney Island Ave, Brooklyn, NY"
2U4AVPMX5L,2024-04-28,Classic Pepperoni Pizza,Pizza,9.49,Large,5,Mark Wilson,Yes,"1364 Bedford Ave, Brooklyn, NY"
ZMYU7Q7HR8,2024-05-07,Mountain Dew 2 Liter,Beverage,3.29,Regular,2,Sandra Gonzalez,Yes,"8602 Church Ave, Brooklyn, NY"
3DYJXM8OG9,2024-07-29,Classic Pepperoni Pizza,Pizza,9.49,Large,4,Donald Gonzalez,No,
Z5G46TZMV6,2024-05-11,Aquafina Water,Beverage,1.99,20oz,9,Lisa Lopez,Yes,"7162 Eastern Pkwy, Brooklyn, NY"
O70AXW9VRZ,2024-06-11,Veggie Pizza,Pizza,12.49,Large,4,Lisa Lopez,Yes,
XKZK4RQJWO,2024-05-27,ExtraMostBestest Pepperoni,Pizza,10.49,Large,2,Robert Jackson,No,
AVPK9WFUCW,2024-11-13,ExtraMostBestest Pepperoni,Pizza,10.49,Large,4,Betty Taylor,No,
IYMN8X9IHJ,2024-03-06,Classic Pepperoni Pizza,Pizza,9.49,Large,2,Jessica Johnson,Yes,"5812 Ocean Pkwy, Brooklyn, NY"
JLAR90ESCD,2024-08-27,Classic Cheese Pizza,Pizza,8.99,Large,1,Nancy Davis,Yes,"3646 Atlantic Ave, Brooklyn, NY"
WQRNBANXAO,2024-07-20,Classic Cheese Pizza,Pizza,8.99,Large,6,Thomas Williams,No,
W24IVSRLZX,2024-12-08,Classic Pepperoni Pizza,Pizza,9.49,Large,5,Lisa Miller,Yes,"4283 Utica Ave, Brooklyn, NY"
USOFVD2ML0,2024-11-14,Crazy Bread,Sides,4.99,Regular,4,Elizabeth Lopez,Yes,"1883 Court St, Brooklyn, NY"
U1CXX3LNC3,2024-09-03,ExtraMostBestest Cheese,Pizza,10.49,Large,3,Sarah Thomas,No,
5CAEELSX52,2024-08-25,Italian Cheese Bread,Sides,6.49,Regular,8,Betty Johnson,Yes,"434 Flatbush Ave, Brooklyn, NY"
G58K4NGOSV,2024-11-10,Classic Pepperoni Pizza,Pizza,9.49,Large,5,Mark Gonzalez,No,
EZNJ8U81NW,2024-02-15,ExtraMostBestest Cheese,Pizza,10.49,Large,1,Sarah Thomas,Yes,"4362 Nostrand Ave, Brooklyn, NY"
XOLXCY6FD6,2024-10-10,Crazy Bread Combo,Sides,5.99,Regular,3,Ashley Jones,No,
ZBJJAC9ONQ,2024-04-08,Caesar Wings,Wings,8.99,8pc,1,Barbara Jackson,Yes,"410 Fulton St, Brooklyn, NY"
FIWK51GLRA,2024-08-24,Crazy Bread Combo,Sides,5.99,Regular,8,Nancy Jones,Yes,"7603 Nostrand Ave, Brooklyn, NY"
PUCUXE5R4B,2024-02-20,3 Meat Treat Pizza,Pizza,12.99,Large,4,Mark Smith,Yes,"7683 Nostrand Ave, Brooklyn, NY"
9OB7NBQW35,2024-07-22,3 Meat Treat Pizza,Pizza,12.99,Large,1,David Jackson,Yes,"7630 Flatbush Ave, Brooklyn, NY"
MOTOY9QJS7,2024-09-18,Classic Pepperoni Pizza,Pizza,9.49,Large,2,Thomas Martinez,Yes,"8129 Court St, Brooklyn, NY"
2HQFXCLQ08,2024-01-19,ExtraMostBestest Pepperoni,Pizza,10.49,Large,4,William Thomas,No,
QPLUYG3HD6,2024-10-01,ExtraMostBestest Pepperoni,Pizza,10.49,Large,2,Anthony Gonzalez,No,
BPKVCM2CD1,2024-04-30,3 Meat Treat Pizza,Pizza,12.99,Large,4,Patricia Martin,No,
8BP7C8K4PW,2024-03-20,Crazy Bread,Sides,4.99,Regular,4,Matthew Williams,No,
MS9TKYJXRY,2024-07-18,2 Liter Pepsi,Beverage,3.29,2L,2,Lisa Jones,Yes,
QJ8VV457GN,2024-06-14,Aquafina Water,Beverage,1.99,20oz,10,John Lopez,Yes,"1062 Nostrand Ave, Brooklyn, NY"
R1BLLYPGW0,2024-01-20,Crazy Bread,Sides,4.99,Regular,3,Betty Gonzalez,No,
9HT693I6HN,2024-05-15,Italian Cheese Bread,Sides,6.49,Regular,2,Linda Taylor,Yes,"3079 Atlantic Ave, Brooklyn, NY"
TR5NAZ4LLS,2024-04-20,Deep Dish Pepperoni,Pizza,11.99,Regular,7,Robert Davis,Yes,"2833 Kings Hwy, Brooklyn, NY"
AP1WNSQHAC,2024-06-05,Aquafina Water,Beverage,1.99,20oz,5,Thomas Gonzalez,Yes,"8964 Bedford Ave, Brooklyn, NY"
E709HKD6K7,2024-03-09,ExtraMostBestest Cheese,Pizza,10.49,Large,7,Ashley Williams,No,
IG7T92ZX19,2024-06-21,Veggie Pizza,Pizza,12.49,Large,10,Linda Anderson,Yes,"8088 Atlantic Ave, Brooklyn, NY"
N7FT5HKOJJ,2024-07-18,2 Liter Pepsi,Beverage,3.29,2L,7,Anthony Thomas,No,
BN4HZWCFU9,2024-10-28,Aquafina Water,Beverage,1.99,20oz,4,John Moore,Yes,"1031 Fulton St, Brooklyn, NY"
OGWYNKFLTT,2024-06-05,ExtraMostBestest Cheese,Pizza,10.49,Large,2,Anthony Johnson,Yes,"8216 Atlantic Ave, Brooklyn, NY"
SSMUSJ1H3E,2024-01-01,Deep Dish Cheese,Pizza,11.49,Regular,4,Joseph Brown,Yes,"1603 Flatbush Ave, Brooklyn, NY"
CVYS2I6ZBV,2024-04-11,Classic Pepperoni Pizza,Pizza,9.49,Large,2,Matthew Thomas,No,
IE8MYLACYD,2024-09-06,Supreme Pizza,Pizza,13.99,Large,3,Patricia Moore,Yes,"4383 Bedford Ave, Brooklyn, NY"
GOAJNEQ5D5,2024-09-27,Classic Cheese Pizza,Pizza,8.99,Large,1,James Martinez,No,
HXCX8G4XU4,2024-10-21,Classic Cheese Pizza,Pizza,8.99,Large,3,Donald Williams,Yes,"796 Flatbush Ave, Brooklyn, NY"
MIHA8ZPLCL,2024-06-08,Buffalo Wings,Beverage,9.49,8pc,3,Sandra Davis,Yes,"6449 Atlantic Ave, Brooklyn, NY"
F9RD4MWPMI,2024-05-19,Buffalo Wings,Wings,9.49,8pc,6,John Hernandez,Yes,"6050 Eastern Pkwy, Brooklyn, NY"
PIEOA3AU16,2024-07-15,Classic Cheese Pizza,Pizza,8.99,Large,2,Karen Brown,Yes,"3386 Nostrand Ave, Brooklyn, NY"
7A04ERMQM7,2024-07-03,ExtraMostBestest Cheese,Pizza,10.49,Large,3,Elizabeth Garcia,No,
HVPP55U1R8,2024-03-23,Italian Cheese Bread,Sides,6.49,Regular,9,Richard Brown,Yes,"442 Church Ave, Brooklyn, NY"
7MCKUM88BW,2024-01-02,Classic Cheese Pizza,Pizza,8.99,Large,3,Richard Hernandez,Yes,"589 Nostrand Ave, Brooklyn, NY"
JPKB4PPECP,2024-08-06,2 Liter Diet Pepsi,Beverage,3.29,2L,6,Ashley Rodriguez,Yes,"5263 Coney Island Ave, Brooklyn, NY"
KCNYDI9WMT,2024-07-04,Classic Pepperoni Pizza,Pizza,9.49,Large,2,Lisa Williams,Yes,"3412 Eastern Pkwy, Brooklyn, NY"
X9PD327KJO,2024-10-10,Deep Dish Cheese,Pizza,11.49,Regular,1,Anthony,Yes,"3445 Nostrand Ave, Brooklyn, NY"
98UFQAU5SE,2024-09-02,Mountain Dew 2 Liter,Beverage,3.29,2L,4,Jennifer Hernandez,Yes,"5926 Coney Island Ave, Brooklyn, NY"
84U4BMTHV9,2024-06-25,Classic Pepperoni Pizza,Pizza,9.49,Large,5,Lisa Hernandez,Yes,"2608 Kings Hwy, Brooklyn, NY"
C5EAARDQV9,2024-06-22,Classic Cheese Pizza,Pizza,8.99,Large,4,Lisa Moore,Yes,"345 Utica Ave, Brooklyn, NY"
7L2OPL6WUG,2024-06-05,ExtraMostBestest Pepperoni,Pizza,10.49,Large,3,Patricia Martinez,Yes,"7251 Ocean Pkwy, Brooklyn, NY"
L3D7CIG6OX,2024-03-25,3 Meat Treat Pizza,Pizza,12.99,Large,4,Jessica Johnson,Yes,"4433 Nostrand Ave, Brooklyn, NY"
FJ5PIJXQTC,2024-10-22,ExtraMostBestest Pepperoni,Pizza,10.49,Large,4,Sarah Williams,No,
QJT510LK87,2024-09-26,Aquafina Water,Beverage,1.99,20oz,3,Sandra Thomas,Yes,"3187 Kings Hwy, Brooklyn, NY"
R0A5SVIGET,2024-08-01,Caesar Wings,Wings,8.99,8pc,3,Michael Williams,No,
K83GSGCHYB,2024-09-16,ExtraMostBestest Cheese,Pizza,10.49,Large,1,Thomas Taylor,No,
VH0AMXA6S0,2024-10-06,Mountain Dew 2 Liter,Beverage,3.29,2L,7,John Rodriguez,No,
0X5FRZUUN6,2024-02-27,ExtraMostBestest Pepperoni,Pizza,10.49,Large,1,Charles Garcia,Yes,"6857 Church Ave, Brooklyn, NY"
SOFRVAF6YT,2024-04-04,Crazy Bread,Sides,4.99,Regular,3,Michael Gonzalez,Yes,"2965 Atlantic Ave, Brooklyn, NY"
I1CUF8GQ8D,2024-06-22,Classic Cheese Pizza,Pizza,8.99,Large,4,Jennifer Taylor,Yes,"8898 Atlantic Ave, Brooklyn, NY"
2Y21IBZRBY,2024-06-27,3 Meat Treat Pizza,Pizza,12.99,Large,8,Thomas Jones,No,
F9HPKQSOHQ,2024-09-08,ExtraMostBestest Pepperoni,Pizza,10.49,Large,3,John Jones,No,
XZOUUP1KZV,2024-10-11,Crazy Bread,Sides,4.99,Regular,4,Betty Anderson,Yes,"3726 Bedford Ave, Brooklyn, NY"
MMQZ6NEV8S,2024-04-22,ExtraMostBestest Pepperoni,Pizza,10.49,Large,4,Linda Davis,No,
F93GL8T661,2024-10-01,3 Meat Treat Pizza,Pizza,12.99,Large,2,Donald Garcia,Yes,"8969 Ocean Pkwy, Brooklyn, NY"
WP6TA0L4AO,2024-04-29,Italian Cheese Bread,Sides,6.49,Regular,4,Elizabeth Smith,Yes,"2751 Ocean Pkwy, Brooklyn, NY"
2VG6C7NNLK,2024-11-10,2 Liter Pepsi,Beverage,3.29,2L,6,Nancy Taylor,No,
LHZ14EUABP,2024-11-20,ExtraMostBestest Cheese,Pizza,10.49,Large,2,Lisa Thomas,No,
IY5NWQQ4NO,2024-02-29,ExtraMostBestest Cheese,Pizza,10.49,Large,4,Joseph Gonzalez,No,
VNBZ40YS1S,2024-10-11,Classic Cheese Pizza,Pizza,8.99,Large,2,Jennifer Wilson,No,
F0V5VYK7CF,2024-02-25,Classic Cheese Pizza,Pizza,8.99,Large,5,Thomas Anderson,Yes,"3754 Church Ave, Brooklyn, NY"
1R7CX7M59P,2024-05-20,Caesar Wings,Wings,8.99,8pc,3,Karen Martin,No,
E8JVRQVQLQ,2024-12-14,Classic Cheese Pizza,Pizza,8.99,Large,5,Jessica Anderson,Yes,"3968 Coney Island Ave, Brooklyn, NY"
QU8INR1S4V,2024-03-08,Aquafina Water,Beverage,1.99,20oz,1,Sarah Martin,Yes,"491 Bedford Ave, Brooklyn, NY"
KBKKQGBEKM,2024-11-04,Deep Dish Cheese,Pizza,11.49,Regular,1,Ashley Williams,Yes,"3900 Ocean Pkwy, Brooklyn, NY"
IT97BLSVYY,2024-10-14,Classic Pepperoni Pizza,Pizza,9.49,Large,4,Joseph Garcia,Yes,"5573 Church Ave, Brooklyn, NY"
QW99YKYOI1,2024-11-29,Classic Cheese Pizza,Pizza,8.99,Large,3,Jessica Lopez,Yes,"106 Utica Ave, Brooklyn, NY"
I7F2EYWPAJ,2024-09-03,Veggie Pizza,Pizza,12.49,Large,1,Joseph Taylor,Yes,"6758 Utica Ave, Brooklyn, NY"
XNBTBCGTIJ,2024-05-21,3 Meat Treat Pizza,Pizza,12.99,Large,4,Richard Martinez,Yes,"5224 Nostrand Ave, Brooklyn, NY"
VBCGHD6EK8,2024-09-29,Deep Dish Pepperoni,Pizza,11.99,Regular,3,Barbara Davis,No,
0HIIL7W6AT,2024-03-03,2 Liter Diet Pepsi,Beverage,3.29,2L,8,Betty Jones,Yes,"4472 Utica Ave, Brooklyn, NY"
NFJ9N6NPC3,2024-06-13,ExtraMostBestest Pepperoni,Pizza,10.49,Large,9,Mark Lopez,Yes,"2971 Ocean Pkwy, Brooklyn, NY"
MH5X3MZ3E9,2024-04-22,Caesar Wings,Wings,8.99,8pc,3,William Martinez,Yes,"2943 Coney Island Ave, Brooklyn, NY"
1QJD5LN55E,2024-08-04,Crazy Bread Combo,Sides,5.99,Regular,6,Linda Taylor,No,
PL2ILJL8VJ,2024-06-26,ExtraMostBestest Pepperoni,Pizza,10.49,Large,7,John Jones,No,
RA4YU4IJ0W,2024-03-06,2 Liter Diet Pepsi,Beverage,3.29,2L,1,Charles Garcia,Yes,"376 Flatbush Ave, Brooklyn, NY"
N20PY43VV1,2024-11-14,Mountain Dew 2 Liter,Beverage,3.29,2L,2,Barbara Lopez,Yes,"5520 Eastern Pkwy, Brooklyn, NY"
4YUR03IQHY,2024-01-16,Classic Pepperoni Pizza,Pizza,9.49,Large,3,Thomas Taylor,No,
0XAHFDTWQS,2024-11-04,Classic Cheese Pizza,Pizza,8.99,Large,4,Thomas Martinez,Yes,"9742 Eastern Pkwy, Brooklyn, NY"
J9GGFWJ6JY,2024-01-28,Buffalo Wings,Wings,9.49,8pc,4,William Gonzalez,Yes,"2178 Flatbush Ave, Brooklyn, NY"
CO2JEP91OX,2024-02-21,ExtraMostBestest Pepperoni,Pizza,10.49,Large,4,Daniel Martin,No,
UB4RC05ZJ8,2024-02-03,ExtraMostBestest Pepperoni,Pizza,10.49,Large,6,Susan Lopez,Yes,"7357 Kings Hwy, Brooklyn, NY"
2CQXRQTWCE,2024-01-13,Deep Dish Pepperoni,Pizza,11.99,Regular,6,Michael Jones,Yes,"8140 Bedford Ave, Brooklyn, NY"
XQ01JWY0TN,2024-01-31,Classic Pepperoni Pizza,Pizza,9.49,Large,4,James Taylor,No,
07TT4LHBAL,2024-08-18,Italian Cheese Bread,Sides,6.49,Regular,4,David Jackson,No,
W22DPTMD4F,2024-05-15,Classic Pepperoni Pizza,Pizza,9.49,Large,2,James Anderson,Yes,"9022 Bedford Ave, Brooklyn, NY"
0J74WWTYZ5,2024-04-13,Aquafina Water,Beverage,1.99,20oz,4,Betty Garcia,Yes,"1570 Fulton St, Brooklyn, NY"
8459696EM7,2024-03-26,Classic Cheese Pizza,Pizza,8.99,8pc,3,Richard Hernandez,Yes,"3895 Flatbush Ave, Brooklyn, NY"
MVLTMWKGGQ,2024-11-30,Veggie Pizza,Pizza,12.49,Large,6,Sarah Wilson,Yes,"207 Coney Island Ave, Brooklyn, NY"
XX0BJ05MXC,2024-10-02,2 Liter Diet Pepsi,Beverage,3.29,2L,4,Linda Jackson,No,
MVCDWX9MY4,2024-11-26,Supreme Pizza,Pizza,13.99,Large,1,Karen Gonzalez,Yes,"1699 Ocean Pkwy, Brooklyn, NY"
G8UC7XH7JU,2024-09-15,ExtraMostBestest Pepperoni,Pizza,10.49,Large,5,Ashley Smith,Yes,"9597 Eastern Pkwy, Brooklyn, NY"
KZDPNDT0IW,2024-06-13,3 Meat Treat Pizza,Pizza,12.99,Large,10,Ashley Taylor,No,
BLJ2NP6I5G,2024-06-03,ExtraMostBestest Pepperoni,Pizza,10.49,Large,2,Nancy Martinez,Yes,"8755 Nostrand Ave, Brooklyn, NY"
Z4EOVSL1OG,2024-03-07,Deep Dish Pepperoni,Pizza,11.99,Regular,4,Linda Rodriguez,No,
LSBOLQKIXE,2024-02-06,Veggie Pizza,Pizza,12.49,Large,4,Sarah Martinez,Yes,"2452 Eastern Pkwy, Brooklyn, NY"
AGNIDP3LDJ,2024-01-24,Supreme Pizza,Pizza,13.99,Large,4,Jennifer Jones,Yes,"4788 Court St, Brooklyn, NY"
X7LJU6ADQC,2024-10-23,Classic Cheese Pizza,Pizza,8.99,Large,1,Anthony Anderson,Yes,"4898 Eastern Pkwy, Brooklyn, NY"
B25T0FW5JD,2024-09-07,2 Liter Pepsi,Beverage,3.29,2L,5,Mark Martin,No,
BAAUA551SA,2024-07-18,Crazy Bread,Sides,4.99,Regular,3,Joseph Wilson,Yes,"9357 Nostrand Ave, Brooklyn, NY"
GQC4C1UGF5,2024-01-01,ExtraMostBestest Pepperoni,Pizza,10.49,Large,3,Richard Taylor,Yes,"2619 Court St, Brooklyn, NY"
ZL3FUHT4LG,2024-07-12,Crazy Bread,Sides,4.99,Regular,4,Barbara Williams,Yes,"4509 Atlantic Ave, Brooklyn, NY"
Q86XJXX3DP,2024-04-12,2 Liter Pepsi,Beverage,3.29,2L,4,John Johnson,Yes,"5853 Ocean Pkwy, Brooklyn, NY"
KPUWFBQ2SY,2024-01-14,Crazy Bread,Sides,4.99,Regular,7,Daniel Jones,Yes,"403 Utica Ave, Brooklyn, NY"
RVBB5PT28M,2024-05-20,Crazy Bread Combo,Sides,5.99,Regular,3,John Williams,No,
KH1XLLF6EM,2024-01-12,Deep Dish Pepperoni,Pizza,11.99,Regular,4,Mark Johnson,No,
JGW9KRBE6E,2024-12-23,Buffalo Wings,Wings,9.49,8pc,8,Sarah Rodriguez,No,
KN887TLETB,2024-07-20,Crazy Bread Combo,Sides,5.99,Regular,7,Anthony Wilson,No,
I9391174N8,2024-12-11,Crazy Bread,Pizza,4.99,Regular,3,Daniel Williams,Yes,"7639 Church Ave, Brooklyn, NY"
SXL9RIBGMO,2024-07-01,ExtraMostBestest Cheese,Pizza,10.49,Large,3,David Gonzalez,Yes,"6876 Court St, Brooklyn, NY"
BXN1RP6X4S,2024-05-07,ExtraMostBestest Pepperoni,Pizza,10.49,Large,2,Robert Jackson,Yes,"8451 Kings Hwy, Brooklyn, NY"
CYQ8QDS4ZN,2024-11-27,Crazy Bread,Sides,4.99,Regular,1,Daniel Martin,Yes,"7323 Kings Hwy, Brooklyn, NY"
1Q9HW1O8TH,2024-08-23,Crazy Bread Combo,Sides,5.99,Regular,3,Karen Smith,Yes,"4425 Court St, Brooklyn, NY"
OL06QUB24G,2024-02-11,Deep Dish Pepperoni,Pizza,11.99,Regular,6,Richard Martinez,No,
8PUN5DGSIR,2024-08-02,Classic Cheese Pizza,Pizza,8.99,Large,1,Mary Jones,Yes,"8129 Church Ave, Brooklyn, NY"
C0KLR7193Q,2024-04-17,ExtraMostBestest Pepperoni,Pizza,10.49,Large,1,Jennifer Davis,Yes,"5130 Atlantic Ave, Brooklyn, NY"
KOG95N8INJ,2024-06-19,Caesar Wings,Wings,8.99,8pc,5,Robert Thomas,Yes,"6844 Nostrand Ave, Brooklyn, NY"
XY7NJ0XTGB,2024-11-22,Crazy Bread Combo,Sides,5.99,Regular,2,Robert Brown,Yes,"2902 Kings Hwy, Brooklyn, NY"
689WANTVR4,2024-03-13,2 Liter Pepsi,Beverage,3.29,2L,2,Donald Garcia,No,
FJHUPTOUBM,2024-05-17,Classic Pepperoni Pizza,Pizza,9.49,Large,1,Sarah Davis,Yes,"6228 Coney Island Ave, Brooklyn, NY"
2S1W0XL75R,2024-12-30,ExtraMostBestest Cheese,Pizza,10.49,Large,5,Daniel Gonzalez,Yes,"2160 Coney Island Ave, Brooklyn, NY"
0I1MCY249F,2024-12-30,Caesar Wings,Wings,8.99,8pc,5,William Davis,Yes,"3076 Flatbush Ave, Brooklyn, NY"
0FKAIEZADE,2024-03-19,Classic Cheese Pizza,Pizza,8.99,Large,4,Jennifer Moore,Yes,"2466 Nostrand Ave, Brooklyn, NY"
NWROV6ZJ02,2024-11-05,Deep Dish Pepperoni,Pizza,11.99,Regular,2,Mary Jackson,Yes,"3963 Kings Hwy, Brooklyn, NY"
ZMQ0PR72PV,2024-10-02,ExtraMostBestest Pepperoni,Pizza,10.49,Large,4,Richard Williams,Yes,"6045 Nostrand Ave, Brooklyn, NY"
H7LZHVBFY1,2024-11-02,ExtraMostBestest Pepperoni,Pizza,10.49,Large,9,Elizabeth Miller,Yes,"3086 Utica Ave, Brooklyn, NY"
XHZ6ZMK6YW,2024-05-29,2 Liter Pepsi,Beverage,3.29,2L,2,David Garcia,Yes,"2914 Church Ave, Brooklyn, NY"
3VM1U0MRUC,2024-11-25,Classic Pepperoni Pizza,Pizza,9.49,Large,4,Sarah Davis,Yes,"3323 Kings Hwy, Brooklyn, NY"
Z1GWJINX5B,2024-04-04,Crazy Bread Combo,Sides,5.99,Regular,3,Matthew Miller,Yes,"3080 Utica Ave, Brooklyn, NY"
DDY65MOX9F,2024-07-14,Crazy Bread,Sides,4.99,Regular,5,Sandra Smith,No,
PJ44LHZAL4,2024-08-16,Crazy Bread,Sides,4.99,Regular,4,Ashley Jackson,No,
4J2BCY7TXB,2024-03-12,Italian Cheese Bread,Sides,6.49,Regular,4,Sandra Johnson,Yes,"3715 Church Ave, Brooklyn, NY"
KFO7IQXBS0,2024-07-05,2 Liter Diet Pepsi,Beverage,3.29,2L,3,Nancy Gonzalez,Yes,"6054 Bedford Ave, Brooklyn, NY"
CB80PZY037,2024-01-19,Italian Cheese Bread,Sides,6.49,Regular,1,Anthony Smith,Yes,"4851 Court St, Brooklyn, NY"
QLNAP8MEES,2024-01-16,Classic Pepperoni Pizza,Pizza,9.49,Large,3,Mary Rodriguez,Yes,"6887 Church Ave, Brooklyn, NY"
CZG04J1WJB,2024-02-06,ExtraMostBestest Cheese,Pizza,10.49,Large,3,William Jones,Yes,"5853 Atlantic Ave, Brooklyn, NY"
6GAF0T9L0G,2024-08-03,Classic Cheese Pizza,Pizza,8.99,Large,5,Sandra Thomas,No,
23VD141AVY,2024-10-07,2 Liter Diet Pepsi,Beverage,3.29,2L,4,Susan Jackson,No,
0MV6W2JGZ3,2024-11-15,Classic Pepperoni Pizza,Pizza,9.49,Large,4,Charles Jones,No,
U0ZQ3G0RRS,2024-08-06,Classic Pepperoni Pizza,Pizza,9.49,Large,3,Susan Martin,No,
DMUBGIPDZX,2024-08-21,Crazy Bread,Sides,4.99,Regular,4,Matthew Jones,Yes,"149 Court St, Brooklyn, NY"
8PDD8TAIAU,2024-08-16,Classic Cheese Pizza,Pizza,8.99,Large,2,Lisa Jones,No,
OZXRAZMSAB,2024-12-09,Crazy Bread,Sides,4.99,Regular,4,Michael Wilson,No,
2V014JPONZ,2024-01-25,Buffalo Wings,Wings,9.49,8pc,1,Mary Jackson,Yes,"3160 Kings Hwy, Brooklyn, NY"
I4DPU8DERP,2024-10-26,Crazy Bread,Sides,4.99,Regular,6,Thomas Brown,Yes,"2027 Eastern Pkwy, Brooklyn, NY"
BT3O68CPKP,2024-12-20,ExtraMostBestest Cheese,Pizza,10.49,Large,5,David Miller,No,
RSGQB3ARDA,2024-07-21,2 Liter Pepsi,Beverage,3.29,2L,10,Donald Hernandez,No,
T2EODA5JJV,2024-11-20,Classic Cheese Pizza,Pizza,8.99,Large,2,Ashley Brown,Yes,"4021 Church Ave, Brooklyn, NY"
28GN0GX4OZ,2024-10-29,ExtraMostBestest Pepperoni,Pizza,10.49,Regular,3,Susan Jones,No,
8TGTUO2KJ0,2024-02-16,Deep Dish Cheese,Pizza,11.49,Regular,3,Sandra Martin,Yes,"6665 Church Ave, Brooklyn, NY"
VP1DZXGUAK,2024-12-08,2 Liter Pepsi,Beverage,3.29,2L,7,Daniel,No,
ODN65SWSFL,2024-11-24,Crazy Bread,Sides,4.99,8pc,10,Richard Williams,Yes,"3420 Church Ave, Brooklyn, NY"
WAIUOS60N8,2024-08-03,Italian Cheese Bread,Sides,6.49,Regular,9,Michael Moore,No,
CXHRQV9W2Z,2024-01-12,3 Meat Treat Pizza,Pizza,12.99,Large,1,Mary Jones,Yes,"8800 Coney Island Ave, Brooklyn, NY"
90M1SHRSKR,2024-09-21,Crazy Bread Combo,Sides,5.99,Regular,6,Anthony Davis,Yes,"8547 Utica Ave, Brooklyn, NY"
LA1G0R6W6N,2024-06-06,2 Liter Diet Pepsi,Beverage,3.29,2L,5,Thomas Jones,Yes,"5154 Nostrand Ave, Brooklyn, NY"
OCJ52Y8JIK,2024-04-22,Classic Cheese Pizza,Pizza,8.99,Large,4,William Garcia,Yes,"6474 Atlantic Ave, Brooklyn, NY"
DNA0C0FOSH,2024-08-15,ExtraMostBestest Cheese,Pizza,10.49,Large,2,Nancy Thomas,No,
J52T2PM318,2024-06-17,2 Liter Pepsi,Beverage,3.29,2L,10,Jessica Thomas,Yes,"9223 Fulton St, Brooklyn, NY"
QWLOK7GBUP,2024-04-24,Classic Pepperoni Pizza,Pizza,9.49,Large,4,Barbara Rodriguez,Yes,"3028 Fulton St, Brooklyn, NY"
SL05SC51SJ,2024-05-13,ExtraMostBestest Cheese,Pizza,10.49,Large,4,Lisa Smith,Yes,"3391 Ocean Pkwy, Brooklyn, NY"
CW9J51KPSZ,2024-05-16,Aquafina Water,Beverage,1.99,20oz,3,Karen Anderson,No,
5F0H74ISRC,2024-11-13,2 Liter Pepsi,Beverage,3.29,2L,1,Jennifer Thomas,Yes,"4276 Eastern Pkwy, Brooklyn, NY"
O7CELUWGJO,2024-11-23,Classic Cheese Pizza,Pizza,8.99,Large,4,Patricia Wilson,Yes,"6905 Utica Ave, Brooklyn, NY"
LFS9AWKC1I,2024-10-09,Aquafina Water,Beverage,1.99,20oz,4,Richard Anderson,Yes,"7568 Atlantic Ave, Brooklyn, NY"
U3LQ28QAQX,2024-03-06,ExtraMostBestest Cheese,Pizza,10.49,Large,3,Mark Brown,No,
00G0BF8ZQ1,2024-11-06,Aquafina Water,Beverage,1.99,20oz,2,David Davis,Yes,"6509 Church Ave, Brooklyn, NY"
25WS29PPP4,2024-05-29,Crazy Bread,Sides,4.99,Regular,3,Matthew Thomas,Yes,"3908 Atlantic Ave, Brooklyn, NY"
AF9KW51D3J,2024-12-08,ExtraMostBestest Pepperoni,Pizza,10.49,Large,7,Anthony Jones,Yes,"6715 Nostrand Ave, Brooklyn, NY"
V3V4BNAX29,2024-04-18,ExtraMostBestest Pepperoni,Pizza,10.49,Large,3,Donald Garcia,Yes,"8018 Court St, Brooklyn, NY"
CZH36HIAMJ,2024-06-01,Crazy Bread,Sides,4.99,Regular,9,Daniel Gonzalez,Yes,"1097 Utica Ave, Brooklyn, NY"
VCNCXLZE63,2024-02-25,Classic Pepperoni Pizza,Pizza,9.49,Large,5,John Thomas,Yes,"2230 Ocean Pkwy, Brooklyn, NY"
KVN4HJVHC4,2024-06-03,Aquafina Water,Beverage,1.99,20oz,6,James Williams,No,
83T5KVBOTZ,2024-02-29,3 Meat Treat Pizza,Pizza,12.99,Large,3,Linda Garcia,Yes,"574 Kings Hwy, Brooklyn, NY"
NUWIXUY3OP,2024-02-19,ExtraMostBestest Cheese,Pizza,10.49,Large,4,Mark Hernandez,No,
GJVB2YT9L6,2024-12-13,Classic Cheese Pizza,Pizza,8.99,Large,6,Ashley Hernandez,No,
SHCJQT2JAV,2024-11-20,Deep Dish Pepperoni,Pizza,11.99,Regular,3,Matthew Moore,Yes,"3375 Ocean Pkwy, Brooklyn, NY"
YXSD5UYFLI,2024-03-01,Crazy Bread Combo,Sides,5.99,Regular,3,Patricia Davis,No,
WXEFJRPD5L,2024-03-15,Deep Dish Cheese,Pizza,11.49,Regular,3,Patricia Jones,Yes,"4549 Church Ave, Brooklyn, NY"
CCFH9APUN9,2024-03-21,Aquafina Water,Beverage,1.99,20oz,3,Ashley Wilson,Yes,"5716 Bedford Ave, Brooklyn, NY"
ARXXLHY4UX,2024-07-18,Crazy Bread,Sides,4.99,Regular,4,Daniel Miller,Yes,"9084 Utica Ave, Brooklyn, NY"
3NC8MQ5S45,2024-11-10,ExtraMostBestest Cheese,Pizza,10.49,Large,5,Sarah Davis,Yes,"1225 Coney Island Ave, Brooklyn, NY"
XAFC79N1XI,2024-06-21,ExtraMostBestest Cheese,Pizza,10.49,Large,7,Karen Wilson,Yes,"6130 Bedford Ave, Brooklyn, NY"
NCCE4HAECP,2024-01-17,ExtraMostBestest Pepperoni,Pizza,10.49,Large,3,Thomas Brown,No,
AXP0UO7RV8,2024-04-04,Buffalo Wings,Wings,9.49,8pc,1,Lisa Smith,Yes,"7933 Court St, Brooklyn, NY"
OHOABED5RB,2024-12-22,Mountain Dew 2 Liter,Beverage,3.29,2L,6,Anthony,Yes,"7244 Eastern Pkwy, Brooklyn, NY"
T3IE68PO55,2024-07-01,Mountain Dew 2 Liter,Beverage,3.29,2L,4,Mark Smith,Yes,"2459 Fulton St, Brooklyn, NY"
EU6RLN7OGK,2024-12-13,Supreme Pizza,Pizza,13.99,Large,8,Karen Taylor,Yes,"1975 Atlantic Ave, Brooklyn, NY"
TMAYMYWC94,2024-04-01,Classic Pepperoni Pizza,Pizza,9.49,Large,3,Sarah Martinez,No,
KTO9QESOS0,2024-11-19,Deep Dish Pepperoni,Pizza,11.99,Regular,3,Jessica Rodriguez,Yes,"2658 Utica Ave, Brooklyn, NY"
I9XXX36DOL,2024-11-26,Crazy Bread Combo,Sides,5.99,Regular,2,Joseph Martinez,No,
8AARD7DQ8V,2024-04-19,ExtraMostBestest Pepperoni,Pizza,10.49,Large,3,Lisa Anderson,Yes,"5865 Kings Hwy, Brooklyn, NY"
FXLF5JPF02,2024-04-03,Classic Cheese Pizza,Pizza,8.99,Large,3,Mary Lopez,Yes,"2183 Church Ave, Brooklyn, NY"
WQIGBU990M,2024-03-06,Classic Cheese Pizza,Pizza,8.99,Large,1,Donald Jackson,Yes,"6954 Church Ave, Brooklyn, NY"
YEOUJD022Y,2024-11-14,Crazy Bread Combo,Sides,5.99,Regular,2,Nancy Lopez,Yes,"117 Coney Island Ave, Brooklyn, NY"
YH6GRBKCY7,2024-10-18,Classic Cheese Pizza,Pizza,8.99,Large,4,Mary Wilson,Yes,"658 Church Ave, Brooklyn, NY"
9YQ5QHS5CD,2024-03-25,Supreme Pizza,Pizza,13.99,Large,2,Ashley Taylor,No,
MJ22OIGKYO,2024-01-17,Buffalo Wings,Wings,9.49,8pc,3,Charles Jones,No,
IXUCE5YCN3,2024-01-18,ExtraMostBestest Pepperoni,Pizza,10.49,Large,3,Matthew Garcia,No,
Q5LHO3G839,2024-06-08,Italian Cheese Bread,Sides,6.49,Regular,9,Anthony Lopez,Yes,"7100 Eastern Pkwy, Brooklyn, NY"
CE3SEMZYG8,2024-12-07,ExtraMostBestest Pepperoni,Pizza,10.49,Large,7,Sandra Williams,Yes,"8903 Kings Hwy, Brooklyn, NY"
YFY5746S5I,2024-11-01,Classic Cheese Pizza,Pizza,8.99,Large,3,Robert Martin,No,
E3U4OOXA8R,2024-09-12,3 Meat Treat Pizza,Pizza,12.99,Large,2,Elizabeth Johnson,No,
2JYHRQG3IG,2024-06-20,ExtraMostBestest Cheese,Pizza,10.49,Large,4,Barbara Smith,Yes,"2444 Fulton St, Brooklyn, NY"
FLYG6D93WD,2024-07-27,Classic Pepperoni Pizza,Pizza,9.49,Large,9,Nancy Jones,Yes,"8271 Coney Island Ave, Brooklyn, NY"
IEZZG6DLMF,2024-08-01,2 Liter Diet Pepsi,Beverage,3.29,2L,2,Mary Rodriguez,Yes,"9296 Utica Ave, Brooklyn, NY"
Z2CAO1KVLD,2024-02-19,Classic Cheese Pizza,Pizza,8.99,Large,4,Jennifer Jackson,No,
SH6XQGUUDJ,2024-08-05,Classic Pepperoni Pizza,Pizza,9.49,Large,4,David Anderson,No,
55XMW7U7V9,2024-07-05,3 Meat Treat Pizza,Pizza,12.99,Large,1,Susan Jackson,No,
4IX0HY9KDP,2024-08-14,3 Meat Treat Pizza,Pizza,12.99,Large,4,Robert Miller,No,
Y5YBIPDLBG,2024-03-02,3 Meat Treat Pizza,Pizza,12.99,Large,9,Matthew Rodriguez,No,
CPCYWC9I31,2024-10-03,2 Liter Diet Pepsi,Beverage,3.29,2L,2,Jennifer Thomas,Yes,"3471 Nostrand Ave, Brooklyn, NY"
OUFYB7E8V0,2024-11-17,ExtraMostBestest Pepperoni,Pizza,10.49,Large,5,Michael Davis,No,
8PG7VH7L0M,2024-10-09,ExtraMostBestest Cheese,Pizza,10.49,Large,1,Ashley Martinez,No,
ZRP1482GQT,2024-09-21,Classic Pepperoni Pizza,Pizza,9.49,Large,6,John Wilson,No,
Q07NJ8A2E3,2024-06-03,Italian Cheese Bread,Sides,6.49,Regular,1,Karen Wilson,Yes,"7490 Bedford Ave, Brooklyn, NY"
6JI5ENMMPV,2024-06-25,Crazy Bread,Sides,4.99,Regular,4,David Smith,No,
9RH3L7TYNU,2024-05-30,Classic Cheese Pizza,Pizza,8.99,Large,1,Barbara Gonzalez,Yes,"1112 Ocean Pkwy, Brooklyn, NY"
DQE3NHWVL9,2024-08-25,2 Liter Pepsi,Beverage,3.29,2L,10,Betty Jackson,Yes,"6519 Utica Ave, Brooklyn, NY"
JQH3W6D6ZJ,2024-07-08,Crazy Bread,Sides,4.99,Regular,1,David Taylor,Yes,"8642 Ocean Pkwy, Brooklyn, NY"
FYRY92HJQN,2024-07-01,2 Liter Diet Pepsi,Beverage,3.29,2L,6,Robert Martinez,Yes,"7679 Coney Island Ave, Brooklyn, NY"
AG2I8ONBE0,2024-04-28,Buffalo Wings,Wings,9.49,8pc,6,John Smith,Yes,"8103 Kings Hwy, Brooklyn, NY"
UZ9LISYBW6,2024-09-19,Veggie Pizza,Pizza,12.49,Large,2,Mark Hernandez,Yes,"9726 Bedford Ave, Brooklyn, NY"
L0OC7HKHBE,2024-12-25,ExtraMostBestest Cheese,Pizza,10.49,Large,7,Elizabeth Martinez,No,
I97ERR59HZ,2024-01-22,Classic Cheese Pizza,Pizza,8.99,Large,1,Richard Rodriguez,No,
QWSYX3T8C7,2024-12-28,Crazy Bread,Sides,4.99,Regular,6,Daniel Moore,Yes,"2588 Atlantic Ave, Brooklyn, NY"
MLX6VYM6QG,2024-10-04,ExtraMostBestest Pepperoni,Pizza,10.49,Large,2,Lisa Thomas,No,
AGY1E6WWI8,2024-10-30,3 Meat Treat Pizza,Pizza,12.99,Small,4,Jennifer Davis,Yes,"372 Eastern Pkwy, Brooklyn, NY"
8KY4YUOWZI,2024-02-15,Caesar Wings,Wings,8.99,8pc,1,Jessica Davis,No,
KL4RFQCD0Y,2024-10-07,Deep Dish Cheese,Pizza,11.49,Regular,3,James Williams,No,
GYDBXE1BF1,2024-08-26,2 Liter Pepsi,Beverage,3.29,2L,3,David Martin,No,
FDNPTWEFKF,2024-03-29,Crazy Bread,Sides,4.99,Regular,3,Robert Wilson,Yes,"5952 Atlantic Ave, Brooklyn, NY"
04B6U5CKNH,2024-04-19,2 Liter Pepsi,Beverage,3.29,2L,3,Jennifer Martin,Yes,"5795 Court St, Brooklyn, NY"
YRAEON3OV1,2024-04-10,Supreme Pizza,Pizza,13.99,Large,4,Anthony Taylor,Yes,"6939 Church Ave, Brooklyn, NY"
J8RM4T2KO4,2024-05-23,3 Meat Treat Pizza,Pizza,12.99,Large,3,James Hernandez,Yes,"9699 Eastern Pkwy, Brooklyn, NY"
FMD13UG3ZJ,2024-11-17,Crazy Bread Combo,Sides,5.99,Regular,7,Elizabeth Brown,Yes,"618 Utica Ave, Brooklyn, NY"
J1UI9L69IS,2024-03-09,Buffalo Wings,Wings,9.49,8pc,9,Thomas Anderson,Yes,"1671 Church Ave, Brooklyn, NY"
KUICC6PH4U,2024-10-19,Crazy Bread,Sides,4.99,Regular,6,Daniel Martin,Yes,"5804 Eastern Pkwy, Brooklyn, NY"
BZWNSJYKVJ,2024-02-19,Crazy Bread,Sides,4.99,Regular,1,Anthony Hernandez,Yes,"4717 Eastern Pkwy, Brooklyn, NY"
TGLZLM5VUQ,2024-06-02,Classic Cheese Pizza,Pizza,8.99,Large,4,Donald Taylor,No,
ND3J5H4L1M,2024-08-26,Buffalo Wings,Wings,9.49,8pc,1,Charles Gonzalez,No,
PASGPAGI3X,2024-10-02,Buffalo Wings,Wings,9.49,8pc,2,Susan Jackson,Yes,"1109 Utica Ave, Brooklyn, NY"
HMWPHM5ZJY,2024-11-15,Classic Cheese Pizza,Pizza,8.99,Large,3,Matthew Gonzalez,No,
IRLYFHJFC6,2024-10-03,ExtraMostBestest Pepperoni,Pizza,10.49,Large,4,Patricia Moore,No,
GBSF5KSXZ5,2024-08-26,Classic Cheese Pizza,Pizza,8.99,Large,1,Susan Davis,No,
FJDBE2X8IW,2024-09-08,Classic Pepperoni Pizza,Pizza,9.49,Large,6,Betty Johnson,Yes,"7895 Atlantic Ave, Brooklyn, NY"
SIS1BWMF8Y,2024-09-10,Classic Cheese Pizza,Pizza,8.99,Large,4,Donald Johnson,Yes,"672 Nostrand Ave, Brooklyn, NY"
KWM3N3E1I0,2024-10-10,Crazy Bread,Sides,4.99,Regular,3,Richard Anderson,Yes,"1432 Atlantic Ave, Brooklyn, NY"
J6V0PMQF6B,2024-02-21,Classic Cheese Pizza,Pizza,8.99,Large,1,Ashley Jackson,Yes,"6276 Court St, Brooklyn, NY"
20FE51T2KL,2024-06-05,Veggie Pizza,Pizza,12.49,Large,2,Linda Jackson,Yes,"6010 Coney Island Ave, Brooklyn, NY"
HR6E1PEN4F,2024-10-13,Classic Cheese Pizza,Pizza,8.99,Large,4,Ashley,Yes,"1446 Fulton St, Brooklyn, NY"
4II7VXTRQI,2024-06-11,Classic Pepperoni Pizza,Pizza,9.49,Large,4,Elizabeth Thomas,Yes,"1704 Bedford Ave, Brooklyn, NY"
I8SK9150UM,2024-02-19,ExtraMostBestest Cheese,Pizza,10.49,Large,1,Michael Anderson,No,
OGXVX9M3HK,2024-12-27,Deep Dish Pepperoni,Pizza,11.99,Regular,7,Betty Martin,No,
45WC01INHK,2024-12-30,Crazy Bread Combo,Sides,5.99,Regular,7,Mary Jackson,Yes,"306 Church Ave, Brooklyn, NY"
VCF4US3G19,2024-12-02,ExtraMostBestest Pepperoni,Pizza,10.49,Large,4,Linda Jackson,Yes,"7966 Court St, Brooklyn, NY"
SMPM675BNK,2024-11-15,ExtraMostBestest Pepperoni,Pizza,10.49,Large,3,Joseph Gonzalez,No,
41M4I299IJ,2024-03-14,Classic Cheese Pizza,Pizza,8.99,Large,4,Sandra Jones,No,
8LEFX70H1D,2024-11-23,Caesar Wings,Wings,8.99,8pc,7,Barbara Taylor,No,
L42M3ZKN3P,2024-03-19,Classic Pepperoni Pizza,Pizza,9.49,Large,2,Betty Anderson,Yes,"707 Coney Island Ave, Brooklyn, NY"
OZORXVJM17,2024-07-08,Classic Cheese Pizza,Pizza,8.99,Large,3,Barbara Martinez,Yes,"5643 Nostrand Ave, Brooklyn, NY"
ZG42W6HDBM,2024-05-30,Italian Cheese Bread,Sides,6.49,Regular,2,Robert Lopez,Yes,"7092 Church Ave, Brooklyn, NY"
9CS4A2IS06,2024-04-30,2 Liter Pepsi,Beverage,3.29,2L,3,Patricia Hernandez,No,
KFU904HT2L,2024-11-26,Aquafina Water,Beverage,1.99,20oz,2,Sarah Anderson,Yes,"4407 Eastern Pkwy, Brooklyn, NY"
A48S15JD46,2024-10-26,Deep Dish Pepperoni,Pizza,11.99,Regular,10,Sandra Wilson,Yes,"7523 Court St, Brooklyn, NY"
XGC14MCHGU,2024-12-13,2 Liter Diet Pepsi,Beverage,3.29,2L,6,Charles Jones,Yes,"9319 Ocean Pkwy, Brooklyn, NY"
RTAUZF01SV,2024-02-09,ExtraMostBestest Pepperoni,Pizza,10.49,Large,2,William Brown,No,
4VTRZR8DOU,2024-02-16,Classic Cheese Pizza,Pizza,8.99,Large,4,Donald Johnson,No,
QCHNY2N5TN,2024-06-25,Classic Pepperoni Pizza,Pizza,9.49,Large,7,Mary Smith,Yes,"875 Atlantic Ave, Brooklyn, NY"
4B731660U2,2024-06-22,Classic Cheese Pizza,Pizza,8.99,Large,7,Patricia Smith,Yes,"1121 Flatbush Ave, Brooklyn, NY"
1P4U0NUJE8,2024-02-27,Italian Cheese Bread,Sides,6.49,Regular,1,Susan Martin,No,
Z7FZ4X264J,2024-06-17,Crazy Bread,Sides,4.99,Regular,6,Donald Thomas,Yes,"1878 Atlantic Ave, Brooklyn, NY"
GAADH2EI2O,2024-06-18,Deep Dish Pepperoni,Pizza,11.99,Regular,8,Robert Rodriguez,Yes,"2895 Church Ave, Brooklyn, NY"
OQ4GNW8Z48,2024-08-24,3 Meat Treat Pizza,Pizza,12.99,Large,7,James Thomas,Yes,"8114 Court St, Brooklyn, NY"
06MQ8I3WEH,2024-11-08,ExtraMostBestest Cheese,Pizza,10.49,Large,1,Susan Martinez,Yes,"8173 Atlantic Ave, Brooklyn, NY"
KRKV29YMJC,2024-09-14,Classic Pepperoni Pizza,Pizza,9.49,Large,5,Robert Garcia,No,
G9EI2LIMP3,2024-01-16,2 Liter Diet Pepsi,Beverage,3.29,2L,1,Richard Wilson,Yes,"5019 Nostrand Ave, Brooklyn, NY"
3QO2CNQ8DL,2024-09-25,Aquafina Water,Beverage,1.99,20oz,4,Lisa Lopez,No,
CHV5NNP011,2024-02-10,Classic Cheese Pizza,Pizza,8.99,Large,9,John Lopez,Yes,"2619 Nostrand Ave, Brooklyn, NY"
XWT4SNHFOQ,2024-07-08,Classic Pepperoni Pizza,Pizza,9.49,Large,1,Mark Williams,Yes,"9989 Court St, Brooklyn, NY"
9GZKVBN9JN,2024-12-21,Italian Cheese Bread,Sides,6.49,Regular,3,David Davis,Yes,"1106 Fulton St, Brooklyn, NY"
RI2K5ESV2F,2024-04-11,Classic Pepperoni Pizza,Pizza,9.49,Large,2,Nancy Jones,Yes,"5022 Utica Ave, Brooklyn, NY"
U4BMZTNE0V,2024-11-06,ExtraMostBestest Pepperoni,Pizza,10.49,Large,4,Barbara Martinez,Yes,"4814 Kings Hwy, Brooklyn, NY"
GXOH4R0D3F,2024-04-20,2 Liter Pepsi,Beverage,3.29,2L,8,Ashley Smith,No,
UGMMULT5RQ,2024-09-07,ExtraMostBestest Cheese,Pizza,10.49,Large,3,Nancy Brown,No,
ZRV2H24P1A,2024-06-14,Classic Cheese Pizza,Pizza,8.99,,6,Ashley Lopez,No,
NVYX9T80SU,2024-03-13,Crazy Bread,Sides,4.99,Regular,4,Matthew Thomas,Yes,"2609 Eastern Pkwy, Brooklyn, NY"
SOY2Z1OGY0,2024-02-10,ExtraMostBestest Pepperoni,Pizza,10.49,Large,8,David Gonzalez,Yes,"1472 Atlantic Ave, Brooklyn, NY"
KLJ7HAX231,2024-03-28,Deep Dish Pepperoni,Pizza,11.99,Regular,2,John Miller,Yes,"5901 Coney Island Ave, Brooklyn, NY"
ZHL0QSN5QC,2024-09-07,Mountain Dew 2 Liter,Beverage,3.29,2L,8,Mark Lopez,Yes,"4908 Coney Island Ave, Brooklyn, NY"
0E1JJDZCYA,2024-06-21,Buffalo Wings,Wings,9.49,8pc,6,Charles Lopez,Yes,"830 Coney Island Ave, Brooklyn, NY"
H5EHYWFCDV,2024-05-13,Italian Cheese Bread,Pizza,6.49,Regular,2,David Jackson,Yes,"8534 Nostrand Ave, Brooklyn, NY"
8PP40EEVDE,2024-10-13,Buffalo Wings,Wings,9.49,8pc,7,Robert Brown,Yes,
41QKIIE80Y,2024-04-25,Deep Dish Pepperoni,Pizza,11.99,Regular,2,Mark Gonzalez,Yes,
DGDLTGGD08,2024-04-03,3 Meat Treat Pizza,Pizza,12.99,Large,3,Lisa Lopez,Yes,"8158 Coney Island Ave, Brooklyn, NY"
KZKJFS59H9,2024-04-29,ExtraMostBestest Pepperoni,Pizza,10.49,Large,3,James Thomas,Yes,"4740 Coney Island Ave, Brooklyn, NY"
LPUP0T2K5C,2024-02-24,Crazy Bread,Sides,4.99,Regular,6,William Johnson,Yes,"8121 Fulton St, Brooklyn, NY"
7PNPFZBPRB,2024-03-25,ExtraMostBestest Pepperoni,Pizza,10.49,Large,3,Ashley Davis,Yes,"8597 Utica Ave, Brooklyn, NY"
601S9BAY6B,2024-11-06,ExtraMostBestest Pepperoni,Pizza,10.49,Large,2,Joseph Thomas,No,
PO6ZD87R2R,2024-06-20,Italian Cheese Bread,Sides,6.49,Regular,7,Jessica Miller,No,
Q84PXW7V6G,2024-11-14,2 Liter Diet Pepsi,Beverage,3.29,2L,4,Matthew Thomas,Yes,"8301 Eastern Pkwy, Brooklyn, NY"
SFAGN3CIBL,2024-10-19,ExtraMostBestest Pepperoni,Pizza,10.49,Large,5,Anthony Thomas,Yes,"3445 Bedford Ave, Brooklyn, NY"
I91PY9T27Y,2024-02-18,Classic Pepperoni Pizza,Pizza,9.49,Large,5,Barbara Brown,Yes,"7357 Coney Island Ave, Brooklyn, NY"
HKL19Z9E07,2024-10-29,Classic Pepperoni Pizza,Pizza,9.49,Large,4,Thomas Wilson,Yes,"5299 Nostrand Ave, Brooklyn, NY"
GIRICKWLKW,2024-11-16,2 Liter Diet Pepsi,Beverage,3.29,2L,6,Sandra Johnson,Yes,"1187 Bedford Ave, Brooklyn, NY"
VD3RRJ1CMD,2024-09-19,Classic Pepperoni Pizza,Pizza,9.49,Large,4,Betty Thomas,Yes,"1326 Fulton St, Brooklyn, NY"
9LVORJR9LY,2024-06-21,Veggie Pizza,Pizza,12.49,Large,6,William Johnson,Yes,"3784 Bedford Ave, Brooklyn, NY"
DN0A59WAGP,2024-08-09,2 Liter Diet Pepsi,Beverage,3.29,2L,6,Anthony Anderson,Yes,"6195 Utica Ave, Brooklyn, NY"
LVX4OX3KXR,2024-03-23,2 Liter Pepsi,Beverage,3.29,2L,7,Michael Smith,Yes,"8386 Church Ave, Brooklyn, NY"
T2KRYNLAF0,2024-12-29,ExtraMostBestest Pepperoni,Pizza,10.49,Large,5,Jennifer Gonzalez,Yes,"9624 Bedford Ave, Brooklyn, NY"
4L8XPD1F8P,2024-04-15,3 Meat Treat Pizza,Pizza,12.99,Large,1,Barbara Anderson,Yes,"2559 Bedford Ave, Brooklyn, NY"
1JWXIVORI5,2024-12-02,Classic Pepperoni Pizza,Pizza,9.49,Large,3,Sarah Jones,Yes,"139 Nostrand Ave, Brooklyn, NY"
FS8H5PT6NG,2024-11-23,Caesar Wings,Wings,8.99,8pc,8,Michael Taylor,Yes,"3306 Utica Ave, Brooklyn, NY"
HKV4WMTQ9F,2024-06-19,Classic Pepperoni Pizza,Pizza,9.49,Large,6,Nancy Lopez,Yes,"8136 Nostrand Ave, Brooklyn, NY"
YIVC99BXP6,2024-08-10,Crazy Bread,Sides,4.99,Regular,8,Joseph Gonzalez,No,
2DTOOHUAIN,2024-10-20,Veggie Pizza,Pizza,12.49,Large,5,Mary Wilson,Yes,"8061 Church Ave, Brooklyn, NY"
F7Z4SZM12A,2024-05-15,Supreme Pizza,Pizza,13.99,Large,4,Karen Moore,No,
WL10MVNIK2,2024-10-28,Crazy Bread,Sides,4.99,Regular,4,Ashley Jackson,Yes,
7IBFAQNC44,2024-07-14,ExtraMostBestest Pepperoni,Pizza,10.49,Large,9,Jessica Jackson,Yes,"1107 Fulton St, Brooklyn, NY"
5F8BMAAW1W,2024-11-09,Caesar Wings,Wings,8.99,2L,9,Matthew Johnson,No,
K99L1G2UND,2024-06-27,Classic Cheese Pizza,Pizza,8.99,Large,9,Linda Jackson,No,
VZAP3OE23S,2024-10-15,Supreme Pizza,Pizza,13.99,Large,2,Linda Moore,No,
15OS8I2GKM,2024-01-22,Veggie Pizza,Pizza,12.49,Large,1,Lisa Gonzalez,Yes,"3225 Flatbush Ave, Brooklyn, NY"
LWTTJ8VI73,2024-07-02,Classic Cheese Pizza,Pizza,8.99,Large,1,Ashley Miller,Yes,"955 Court St, Brooklyn, NY"
I47BN9V9JO,2024-06-06,ExtraMostBestest Cheese,Pizza,10.49,Large,4,Daniel Johnson,Yes,"3159 Fulton St, Brooklyn, NY"
BMASMNQLTU,2024-01-06,Classic Cheese Pizza,Pizza,8.99,Large,4,Mary Wilson,No,
5C21073AEE,2024-08-31,Buffalo Wings,Wings,9.49,8pc,8,Elizabeth Thomas,No,
82A6TDJ9IT,2024-05-19,3 Meat Treat Pizza,Pizza,12.99,Large,6,John Brown,Yes,"3833 Bedford Ave, Brooklyn, NY"
BXMTBZ6UM5,2024-01-07,Caesar Wings,Wings,8.99,8pc,6,Donald Garcia,Yes,"3312 Utica Ave, Brooklyn, NY"
8QDW8Q8ZJ7,2024-10-05,Italian Cheese Bread,Sides,6.49,Regular,5,Sandra Johnson,No,
5ON46OTN4L,2024-05-24,2 Liter Diet Pepsi,Beverage,3.29,2L,4,William Wilson,Yes,
2DPGPJ4WDX,2024-11-20,ExtraMostBestest Cheese,Pizza,10.49,Large,4,Susan Lopez,Yes,"8231 Coney Island Ave, Brooklyn, NY"
86FSRKQ32Q,2024-07-16,Classic Cheese Pizza,Pizza,8.99,Large,2,Mary Lopez,Yes,"5591 Court St, Brooklyn, NY"
XS83XEW1ZY,2024-04-26,Italian Cheese Bread,Sides,6.49,Regular,1,John Martin,No,
U4NSIKFESV,2024-09-27,ExtraMostBestest Pepperoni,Pizza,10.49,Large,4,Michael Martin,Yes,"552 Fulton St, Brooklyn, NY"
ELHIYMGDMW,2024-06-09,ExtraMostBestest Pepperoni,Pizza,10.49,Large,7,Thomas Wilson,Yes,"6147 Bedford Ave, Brooklyn, NY"
0DJWSAAENX,2024-12-10,ExtraMostBestest Pepperoni,Pizza,10.49,Large,1,Elizabeth Williams,No,
GO04STIS5N,2024-06-02,Crazy Bread,Sides,4.99,Regular,5,Charles Lopez,Yes,"1716 Church Ave, Brooklyn, NY"
JAAAYJZEVB,2024-09-28,Deep Dish Pepperoni,Sides,11.99,Regular,7,Daniel Smith,No,
P4C3FX6LBQ,2024-09-19,Classic Cheese Pizza,Pizza,8.99,Large,4,Jessica Gonzalez,Yes,"567 Bedford Ave, Brooklyn, NY"
8QGKNHX3VK,2024-06-16,ExtraMostBestest Cheese,Pizza,10.49,Large,5,Lisa Lopez,No,
E4K2V4ZPPZ,2024-11-20,3 Meat Treat Pizza,Pizza,12.99,Large,4,Karen Moore,No,
4VWTV7K5UG,2024-03-21,Aquafina Water,Beverage,1.99,20oz,3,Jennifer Wilson,No,
PTPOMQH0CE,2024-11-24,ExtraMostBestest Cheese,Pizza,10.49,Large,8,Karen Anderson,Yes,"9872 Church Ave, Brooklyn, NY"
2KSZIPSHYN,2024-04-24,Classic Cheese Pizza,Pizza,8.99,Large,4,Daniel Rodriguez,No,
KN8A280X30,2024-05-26,ExtraMostBestest Cheese,Pizza,10.49,Large,4,Matthew Davis,No,
HMNG4PSEFM,2024-05-10,Classic Pepperoni Pizza,Pizza,9.49,Large,4,Jessica Hernandez,No,
4OTPT318YW,2024-05-14,ExtraMostBestest Pepperoni,Pizza,10.49,Large,2,Robert Wilson,Yes,"3879 Eastern Pkwy, Brooklyn, NY"
Z3UGB5MCQG,2024-02-21,Italian Cheese Bread,Sides,6.49,Regular,2,Michael Garcia,Yes,"4990 Bedford Ave, Brooklyn, NY"
IW1TS9VNRU,2024-02-21,Crazy Bread Combo,Sides,5.99,Regular,3,Sarah Thomas,Yes,"2355 Fulton St, Brooklyn, NY"
G8DZAFDMR6,2024-10-18,Veggie Pizza,Pizza,12.49,Large,4,Daniel Brown,Yes,"1873 Ocean Pkwy, Brooklyn, NY"
33JCN6CYO5,2024-07-21,Deep Dish Pepperoni,Pizza,11.99,Regular,7,Donald Thomas,Yes,"3421 Bedford Ave, Brooklyn, NY"
TULNQGLSH6,2024-06-05,Italian Cheese Bread,Sides,6.49,Regular,3,Barbara Martinez,Yes,"6695 Utica Ave, Brooklyn, NY"
YBU503VL2K,2024-05-14,Classic Pepperoni Pizza,Pizza,9.49,Large,3,Barbara Moore,Yes,"1761 Bedford Ave, Brooklyn, NY"
GOQLJHU5KH,2024-01-02,Classic Cheese Pizza,Pizza,8.99,Large,3,John Davis,No,
4TMWQ39SGU,2024-07-22,2 Liter Diet Pepsi,Beverage,3.29,2L,4,Joseph Martinez,Yes,"8896 Atlantic Ave, Brooklyn, NY"
4VAPI5D3LC,2024-10-08,Deep Dish Pepperoni,Pizza,11.99,Regular,1,Patricia Rodriguez,Yes,"6394 Coney Island Ave, Brooklyn, NY"
MQ1HDEYLIA,2024-11-28,Supreme Pizza,Pizza,13.99,Large,2,Lisa Lopez,Yes,"999 Bedford Ave, Brooklyn, NY"
91YFOPDKHV,2024-04-05,Classic Pepperoni Pizza,Pizza,9.49,Large,3,Joseph Rodriguez,Yes,"6911 Church Ave, Brooklyn, NY"
L5ZL0KGSXH,2024-01-16,Buffalo Wings,Wings,9.49,8pc,2,Patricia Davis,No,
PLIXMEVAYK,2024-12-17,2 Liter Pepsi,Beverage,3.29,2L,6,Mark Martin,No,
HRAGJEDAMN,2024-05-27,Mountain Dew 2 Liter,Wings,3.29,2L,3,Betty Williams,No,
LKNPX1WPXO,2024-07-22,Crazy Bread,Sides,4.99,Regular,2,Jennifer Anderson,No,
33AXP4EUC4,2024-04-05,Crazy Bread,Sides,4.99,Regular,4,James Williams,No,
LYO3SGFSUZ,2024-02-18,ExtraMostBestest Pepperoni,Pizza,10.49,Large,5,Barbara Wilson,No,
35I080380C,2024-02-13,Classic Cheese Pizza,Pizza,8.99,Large,1,Jennifer Martin,Yes,"6139 Ocean Pkwy, Brooklyn, NY"
Z3YFW9BFH2,2024-08-28,Classic Cheese Pizza,Pizza,8.99,Large,2,Daniel Jones,No,
TXVP9OPTFO,2024-10-10,ExtraMostBestest Pepperoni,Pizza,10.49,Large,2,Lisa Lopez,Yes,"8962 Ocean Pkwy, Brooklyn, NY"
FATLY4W3WE,2024-12-31,Crazy Bread,Sides,4.99,Regular,6,David Brown,Yes,"6378 Coney Island Ave, Brooklyn, NY"
6UT1C8PO6A,2024-08-12,Deep Dish Pepperoni,Pizza,11.99,Regular,2,John Williams,Yes,"9769 Court St, Brooklyn, NY"
8J72OYV983,2024-01-01,ExtraMostBestest Cheese,Pizza,10.49,,4,Sandra Martinez,Yes,"5666 Flatbush Ave, Brooklyn, NY"
CIOFO0VELM,2024-01-30,ExtraMostBestest Pepperoni,Pizza,10.49,Large,3,Daniel Wilson,No,
DGYW2DCGVD,2024-09-30,2 Liter Pepsi,Beverage,3.29,2L,2,David Thomas,Yes,"7171 Nostrand Ave, Brooklyn, NY"
OFVDJBEFIP,2024-12-11,ExtraMostBestest Cheese,Pizza,10.49,Large,5,Ashley Brown,Yes,"8712 Atlantic Ave, Brooklyn, NY"
YQDCW4TLYP,2024-07-23,Buffalo Wings,Wings,9.49,8pc,4,Patricia Gonzalez,Yes,"2440 Fulton St, Brooklyn, NY"
GW43KIJKNQ,2024-02-15,Classic Cheese Pizza,Pizza,8.99,Large,1,Sarah Smith,Yes,"127 Eastern Pkwy, Brooklyn, NY"
MCDNXHBA14,2024-05-31,Crazy Bread,Sides,4.99,Regular,2,Charles Smith,Yes,"3721 Church Ave, Brooklyn, NY"
ELS3CDOOF2,2024-01-03,Classic Cheese Pizza,Pizza,8.99,Large,4,Nancy Rodriguez,No,
O88V78RZ5C,2024-05-11,ExtraMostBestest Pepperoni,Pizza,10.49,Large,5,Anthony Anderson,Yes,"5164 Fulton St, Brooklyn, NY"
22U4SJZ1B2,2024-02-02,Crazy Bread,Sides,4.99,Regular,4,Richard Wilson,No,
OQM1883F7A,2024-07-06,Veggie Pizza,Pizza,12.49,Large,6,David Gonzalez,No,
5EQCBZ45G5,2024-12-02,Deep Dish Pepperoni,Pizza,11.99,Regular,1,Anthony Lopez,Yes,"9385 Nostrand Ave, Brooklyn, NY"
AJKFV54TH3,2024-11-17,Crazy Bread,Sides,4.99,Regular,9,Susan Williams,No,
U3DK5P0FMT,2024-12-19,Classic Pepperoni Pizza,Pizza,9.49,Large,3,Charles Miller,Yes,"9650 Court St, Brooklyn, NY"
UE11PJ1GEV,2024-11-02,Classic Cheese Pizza,Pizza,8.99,Large,7,Ashley Anderson,Yes,"2443 Eastern Pkwy, Brooklyn, NY"
YZ72YWMJTW,2024-02-10,Mountain Dew 2 Liter,Beverage,3.29,2L,7,Lisa Thomas,No,
2R7BPJ4TT8,2024-10-05,2 Liter Diet Pepsi,Beverage,3.29,2L,5,William Hernandez,No,
GDJWXTLT5G,2024-10-01,2 Liter Pepsi,Beverage,3.29,2L,4,Barbara Smith,Yes,"9794 Utica Ave, Brooklyn, NY"
F6ISUILKOS,2024-02-08,Crazy Bread,Sides,4.99,Regular,3,Jessica Moore,Yes,"2998 Church Ave, Brooklyn, NY"
XC6UAWZZV7,2024-05-07,Caesar Wings,Wings,8.99,8pc,2,Mary Martin,No,
EC9WBSM149,2024-09-13,Crazy Bread,Sides,4.99,Regular,3,James Martin,Yes,"1216 Fulton St, Brooklyn, NY"
6RP26GFQTG,2024-01-12,ExtraMostBestest Cheese,Pizza,10.49,Large,1,Elizabeth Rodriguez,No,
SV3FX6RNRW,2024-04-18,2 Liter Diet Pepsi,Beverage,3.29,2L,1,Nancy Davis,Yes,"579 Atlantic Ave, Brooklyn, NY"
57PMM0TOKD,2024-07-11,ExtraMostBestest Pepperoni,Pizza,10.49,Large,4,Patricia Martinez,Yes,"3151 Church Ave, Brooklyn, NY"
YR5LDQTI9C,2024-04-01,Crazy Bread Combo,Sides,5.99,Regular,3,Richard Moore,Yes,"4066 Church Ave, Brooklyn, NY"
R5885YSSNY,2024-09-01,ExtraMostBestest Pepperoni,Pizza,10.49,Large,9,Charles Anderson,Yes,"6777 Nostrand Ave, Brooklyn, NY"
DC6YISWS4W,2024-03-30,Caesar Wings,Wings,8.99,8pc,5,Sarah,No,
WQD6YN5GL0,2024-08-08,Deep Dish Pepperoni,Pizza,11.99,Regular,4,Ashley Rodriguez,No,
A3F5ZCXSCC,2024-07-16,ExtraMostBestest Pepperoni,Pizza,10.49,Large,3,Matthew Thomas,Yes,"9948 Kings Hwy, Brooklyn, NY"
G9ZC2WOU0J,2024-09-22,ExtraMostBestest Pepperoni,Pizza,10.49,Large,3,Barbara Anderson,Yes,"5261 Kings Hwy, Brooklyn, NY"
6GBF6OVJU9,2024-07-02,Deep Dish Pepperoni,Pizza,11.99,Regular,1,Michael Jones,Yes,"8553 Fulton St, Brooklyn, NY"
7VR9JK68C0,2024-11-04,Italian Cheese Bread,Sides,6.49,Regular,1,Elizabeth Anderson,Yes,"560 Ocean Pkwy, Brooklyn, NY"
YMHSBKDNL9,2024-03-12,Crazy Bread Combo,Sides,5.99,Regular,1,Lisa Jackson,Yes,"9699 Nostrand Ave, Brooklyn, NY"
QJTP9H139F,2024-01-01,Veggie Pizza,Pizza,12.49,Large,4,Mary Johnson,Yes,"1366 Ocean Pkwy, Brooklyn, NY"
TEH6Y5F8NS,2024-10-05,Aquafina Water,Beverage,1.99,20oz,7,Linda Johnson,Yes,"7221 Fulton St, Brooklyn, NY"
3G4JZM08LV,2024-04-10,Crazy Bread,Sides,4.99,Regular,2,William Brown,Yes,"9003 Atlantic Ave, Brooklyn, NY"
88TNHDAUGM,2024-02-22,Supreme Pizza,Pizza,13.99,Large,2,Mark Thomas,Yes,"6902 Court St, Brooklyn, NY"
PF48TRPO01,2024-09-14,Crazy Bread Combo,Sides,5.99,Large,7,Betty Thomas,Yes,"3171 Utica Ave, Brooklyn, NY"
IOGLACCE7S,2024-10-18,Crazy Bread,Sides,4.99,Regular,4,Matthew Martin,Yes,"5226 Ocean Pkwy, Brooklyn, NY"
TKN4E45K5G,2024-01-23,Classic Cheese Pizza,Pizza,8.99,Large,1,Robert Johnson,Yes,"2393 Bedford Ave, Brooklyn, NY"
HPI9BY6MO8,2024-06-29,Buffalo Wings,Wings,9.49,8pc,3,Susan Hernandez,Yes,"820 Coney Island Ave, Brooklyn, NY"
PKTNOWXZO4,2024-08-25,Classic Pepperoni Pizza,Pizza,9.49,Large,5,William Williams,No,
I3GGL0XTIR,2024-03-25,Classic Pepperoni Pizza,Pizza,9.49,Large,3,Patricia Miller,No,
BXB5V4E6F0,2024-03-25,Caesar Wings,Wings,8.99,8pc,2,William Hernandez,No,
ZWYBARRML8,2024-05-02,Veggie Pizza,Pizza,12.49,Large,2,Thomas Jackson,No,
DHTIN9Y4TL,2024-09-17,Classic Pepperoni Pizza,Pizza,9.49,Large,2,Jessica Johnson,No,
RGUCBFNXRL,2024-03-23,Crazy Bread,Sides,4.99,Regular,8,Sandra Anderson,Yes,"1176 Fulton St, Brooklyn, NY"
9LPHUIVL9Y,2024-11-02,2 Liter Pepsi,Beverage,3.29,2L,6,Karen Gonzalez,Yes,"8381 Coney Island Ave, Brooklyn, NY"
287YGB316U,2024-05-14,Classic Pepperoni Pizza,Pizza,9.49,Large,2,Patricia Taylor,No,
SMI96IDV1G,2024-06-24,Classic Pepperoni Pizza,Pizza,9.49,Large,4,Mary Moore,Yes,"5829 Court St, Brooklyn, NY"
CLQ9DWCJTA,2024-03-24,Italian Cheese Bread,Sides,6.49,Regular,9,Mark Miller,Yes,"8237 Ocean Pkwy, Brooklyn, NY"
MW55UQRFKX,2024-01-08,Classic Cheese Pizza,Pizza,8.99,Large,1,Patricia Rodriguez,Yes,"2860 Utica Ave, Brooklyn, NY"
L1L57WVKQ9,2024-05-27,Crazy Bread Combo,Sides,5.99,Regular,3,Sarah Jackson,Yes,"5183 Coney Island Ave, Brooklyn, NY"
YUN445095Y,2024-04-04,Classic Pepperoni Pizza,Pizza,9.49,Large,1,Mark Gonzalez,Yes,"8655 Bedford Ave, Brooklyn, NY"
RY2WA6L0OE,2024-09-14,Crazy Bread Combo,Sides,5.99,Regular,9,Nancy Wilson,Yes,"4956 Court St, Brooklyn, NY"
RS3QQXT7JO,2024-05-07,Crazy Bread,Sides,4.99,Regular,4,Linda Jackson,No,
SAFZYFXM15,2024-07-03,Italian Cheese Bread,Sides,6.49,Regular,2,Donald Miller,No,
GXC0ILWUR6,2024-11-12,Veggie Pizza,Pizza,12.49,Large,2,Jessica Johnson,No,
20BWD7W218,2024-11-22,Supreme Pizza,Pizza,13.99,Large,3,Joseph Garcia,Yes,"1931 Utica Ave, Brooklyn, NY"
2ZUVZB365T,2024-01-06,Classic Pepperoni Pizza,Pizza,9.49,Large,7,Sandra Brown,Yes,"4140 Bedford Ave, Brooklyn, NY"
Z6K4MKD984,2024-01-12,Crazy Bread Combo,Sides,5.99,Regular,2,Charles Gonzalez,Yes,"1814 Court St, Brooklyn, NY"
LB7JL6LXCU,2024-06-23,Mountain Dew 2 Liter,Beverage,3.29,2L,10,Anthony Martinez,No,
JLMJ4TP1C3,2024-04-28,3 Meat Treat Pizza,Pizza,12.99,Large,8,Susan Martin,Yes,"6536 Eastern Pkwy, Brooklyn, NY"
ZWOD6FQBKX,2024-01-13,Classic Pepperoni Pizza,Pizza,9.49,Large,5,Nancy Williams,No,
DNHU0FI8OL,2024-03-29,Classic Cheese Pizza,Pizza,8.99,Large,4,Linda Taylor,No,
F16H5P51EH,2024-03-09,Aquafina Water,Beverage,1.99,20oz,8,Patricia Brown,No,
5I8ZUIHH6I,2024-12-01,2 Liter Diet Pepsi,Beverage,3.29,2L,6,John Thomas,Yes,"8191 Ocean Pkwy, Brooklyn, NY"
XD3TTVGTEK,2024-12-30,3 Meat Treat Pizza,Pizza,12.99,Large,7,Matthew Smith,No,
PI8F68J4H9,2024-02-19,Deep Dish Pepperoni,Pizza,11.99,Regular,4,James Miller,Yes,"9895 Fulton St, Brooklyn, NY"
JQZPLJCMVY,2024-04-19,Deep Dish Cheese,Pizza,11.49,Regular,4,Elizabeth Hernandez,Yes,"4218 Atlantic Ave, Brooklyn, NY"
VLATZQL3RZ,2024-12-19,Classic Cheese Pizza,Pizza,8.99,Large,6,Daniel Jones,Yes,"9586 Nostrand Ave, Brooklyn, NY"
J5TRKJ8PM7,2024-06-13,Caesar Wings,Wings,8.99,8pc,6,James Brown,Yes,"5773 Utica Ave, Brooklyn, NY"
X4VSG9UEGE,2024-12-16,2 Liter Pepsi,Beverage,3.29,2L,4,Sarah Jones,No,
UGDAYGRU24,2024-10-30,Crazy Bread,Sides,4.99,Regular,3,William Thomas,Yes,"5760 Eastern Pkwy, Brooklyn, NY"
QXARTR2BNL,2024-10-19,2 Liter Pepsi,Beverage,3.29,2L,6,Jennifer Wilson,No,
AUWQYU7DPN,2024-01-07,ExtraMostBestest Pepperoni,Pizza,10.49,Large,9,Mary Moore,No,
VPKYJIEUYP,2024-02-01,Deep Dish Cheese,Pizza,11.49,Regular,2,Jessica Davis,Yes,"8305 Utica Ave, Brooklyn, NY"
CUP5RB9VDX,2024-08-06,2 Liter Diet Pepsi,Beverage,3.29,2L,5,Mark Jackson,Yes,"3116 Utica Ave, Brooklyn, NY"
87XPI79XYT,2024-01-25,Italian Cheese Bread,Sides,6.49,Regular,2,Donald Lopez,Yes,"6680 Nostrand Ave, Brooklyn, NY"
ZLUEHOOKEI,2024-02-26,Classic Cheese Pizza,Pizza,8.99,Large,1,Sandra Taylor,Yes,"1998 Atlantic Ave, Brooklyn, NY"
73LXVXEUSX,2024-08-18,ExtraMostBestest Pepperoni,Pizza,10.49,Large,5,Charles Moore,No,
WBB5BAVOTV,2024-02-03,2 Liter Pepsi,Beverage,3.29,2L,10,Charles Moore,Yes,"4006 Coney Island Ave, Brooklyn, NY"
3UXPAENDUP,2024-04-06,Crazy Bread Combo,Sides,5.99,Regular,4,Betty Gonzalez,Yes,"2859 Coney Island Ave, Brooklyn, NY"
DN4P0L58JQ,2024-02-20,ExtraMostBestest Cheese,Pizza,10.49,Large,1,Richard Hernandez,Yes,"517 Court St, Brooklyn, NY"
8GMTEXZWE0,2024-03-16,Deep Dish Pepperoni,Pizza,11.99,Regular,10,Matthew Davis,Yes,"9240 Coney Island Ave, Brooklyn, NY"
72MPORGJ5T,2024-02-20,Supreme Pizza,Pizza,13.99,Regular,3,Sandra Rodriguez,Yes,"7470 Court St, Brooklyn, NY"
XLUG0N3PI6,2024-08-13,Caesar Wings,Wings,8.99,8pc,3,Charles Martin,Yes,"1144 Church Ave, Brooklyn, NY"
RVA7MUDENC,2024-04-21,Crazy Bread,Sides,4.99,Regular,6,Barbara Jones,Yes,"6691 Fulton St, Brooklyn, NY"
PG4VIGPD98,2024-10-08,Supreme Pizza,Pizza,13.99,Large,2,Betty Martin,Yes,"798 Eastern Pkwy, Brooklyn, NY"
8THX4X6BL7,2024-08-01,Classic Pepperoni Pizza,Pizza,9.49,Large,3,Betty Wilson,Yes,"3442 Bedford Ave, Brooklyn, NY"
ZH4G405MY1,2024-05-21,ExtraMostBestest Pepperoni,Pizza,10.49,Large,4,James Anderson,No,
GWZHED1T2B,2024-05-01,ExtraMostBestest Pepperoni,Pizza,10.49,Large,2,Barbara Jones,No,
1DDT8YK4CU,2024-09-19,Classic Cheese Pizza,Pizza,8.99,Large,2,Mark Hernandez,No,
0BKN8YE9PN,2024-06-04,Classic Cheese Pizza,Pizza,8.99,Large,3,Nancy Gonzalez,Yes,"7857 Coney Island Ave, Brooklyn, NY"
H004Y63WQ0,2024-11-12,Aquafina Water,Beverage,1.99,20oz,2,Mary Jones,No,
0PQWEWZ20D,2024-02-03,2 Liter Diet Pepsi,Beverage,3.29,2L,5,Karen Garcia,No,
ATVHYGQZT3,2024-12-21,2 Liter Diet Pepsi,Beverage,3.29,2L,4,Lisa Rodriguez,Yes,"1979 Flatbush Ave, Brooklyn, NY"
3ZMROLU88T,2024-11-03,2 Liter Diet Pepsi,Beverage,3.29,2L,4,Jennifer Martinez,No,
CCBSYQYEFF,2024-08-04,Classic Cheese Pizza,Pizza,8.99,Large,4,Anthony Martinez,No,
ZGWQWVJNBC,2024-05-16,Crazy Bread,Sides,4.99,Regular,3,Elizabeth Taylor,Yes,"5049 Court St, Brooklyn, NY"
WFMUEHG832,2024-10-23,Classic Pepperoni Pizza,Pizza,9.49,Large,1,Joseph Gonzalez,Yes,"8866 Bedford Ave, Brooklyn, NY"
12UG7SY3SZ,2024-12-07,Supreme Pizza,Pizza,13.99,Large,4,Karen Miller,Yes,"4051 Ocean Pkwy, Brooklyn, NY"
Q717Y5GISE,2024-06-13,2 Liter Pepsi,Beverage,3.29,2L,8,James Lopez,Yes,"5373 Kings Hwy, Brooklyn, NY"
AEFCWYS8KD,2024-05-17,2 Liter Diet Pepsi,Beverage,3.29,2L,7,Karen Anderson,Yes,"4499 Ocean Pkwy, Brooklyn, NY"
VB23OTZFFZ,2024-01-28,Classic Cheese Pizza,Pizza,8.99,Large,9,Karen Davis,Yes,"9503 Court St, Brooklyn, NY"
0FHLGEMJ9P,2024-01-31,Supreme Pizza,Pizza,13.99,Large,1,Linda Hernandez,Yes,"7978 Fulton St, Brooklyn, NY"
A4N9FO80X2,2024-08-07,ExtraMostBestest Pepperoni,Pizza,10.49,Large,2,David Wilson,Yes,"7891 Eastern Pkwy, Brooklyn, NY"
U23WUZONUA,2024-06-15,2 Liter Pepsi,Beverage,3.29,2L,8,Betty,Yes,"9861 Church Ave, Brooklyn, NY"
F6Z6B95WMG,2024-11-19,Classic Cheese Pizza,Pizza,8.99,Large,3,Nancy Miller,Yes,"4771 Church Ave, Brooklyn, NY"
J5K1SWL1RD,2024-01-03,Crazy Bread,Sides,4.99,Regular,4,Nancy Moore,Yes,"7355 Fulton St, Brooklyn, NY"
HWUWOSYLRO,2024-09-19,Classic Cheese Pizza,Pizza,8.99,Large,4,Anthony Lopez,No,
PIQ701PMPY,2024-01-06,ExtraMostBestest Pepperoni,Pizza,10.49,Large,8,Betty Jackson,Yes,"5251 Eastern Pkwy, Brooklyn, NY"
OI0HLA4AX2,2024-05-31,Classic Cheese Pizza,Pizza,8.99,Large,2,Richard Taylor,Yes,"1960 Atlantic Ave, Brooklyn, NY"
5GSGCJ2TJ2,2024-04-13,Deep Dish Cheese,Pizza,11.49,Regular,5,John Jones,Yes,"972 Atlantic Ave, Brooklyn, NY"
Q8N5W3XOPW,2024-09-17,Italian Cheese Bread,Sides,6.49,Regular,1,Thomas Lopez,Yes,"3056 Fulton St, Brooklyn, NY"
I3K0MU85BG,2024-01-01,2 Liter Diet Pepsi,Beverage,3.29,2L,4,Betty Davis,Yes,"2543 Bedford Ave, Brooklyn, NY"
ZJ6D553QBK,2024-01-11,2 Liter Diet Pepsi,Beverage,3.29,2L,2,Mary Jones,Yes,"9851 Court St, Brooklyn, NY"
TPR2FJLLAF,2024-06-26,ExtraMostBestest Cheese,Pizza,10.49,Large,7,James Moore,Yes,"393 Coney Island Ave, Brooklyn, NY"
FFFKEC1OCH,2024-03-28,Classic Pepperoni Pizza,Pizza,9.49,Large,1,Karen Smith,Yes,"1795 Coney Island Ave, Brooklyn, NY"
0P4OVUCSDS,2024-11-25,Deep Dish Pepperoni,Pizza,11.99,Regular,1,Charles Martin,No,
7W921FGMYQ,2024-02-26,Classic Pepperoni Pizza,Pizza,9.49,Large,2,Lisa Garcia,Yes,"5310 Utica Ave, Brooklyn, NY"
QIPXRNSUPR,2024-09-08,Classic Cheese Pizza,Pizza,8.99,Large,9,Betty Anderson,Yes,"8696 Nostrand Ave, Brooklyn, NY"
CP0YQ18G75,2024-06-11,Classic Cheese Pizza,Pizza,8.99,Large,7,Michael Thomas,Yes,"3743 Court St, Brooklyn, NY"
9FC4Y7CQWL,2024-12-12,Classic Pepperoni Pizza,Pizza,9.49,Large,6,Donald Jackson,Yes,"8963 Flatbush Ave, Brooklyn, NY"
BZ8ZRR60SI,2024-08-23,3 Meat Treat Pizza,Pizza,12.99,Large,3,Donald Wilson,Yes,"1933 Flatbush Ave, Brooklyn, NY"
Z2A3WG1I77,2024-05-26,Buffalo Wings,Wings,9.49,8pc,5,James Moore,No,
1TZU9QEGU5,2024-07-08,Classic Pepperoni Pizza,Pizza,9.49,Large,3,Nancy Davis,Yes,"4184 Fulton St, Brooklyn, NY"
JPQOHBICNC,2024-01-20,Veggie Pizza,Pizza,12.49,Large,8,Matthew Jackson,No,
CDJF2GMQAD,2024-05-11,Deep Dish Cheese,Pizza,11.49,Regular,9,Karen Moore,Yes,"6323 Utica Ave, Brooklyn, NY"
G207YI5ZHC,2024-01-24,Deep Dish Pepperoni,Pizza,11.99,Regular,4,Sandra Davis,Yes,"5038 Bedford Ave, Brooklyn, NY"
787L6K1CNT,2024-04-29,ExtraMostBestest Cheese,Pizza,10.49,Large,2,Joseph Jones,Yes,"6086 Ocean Pkwy, Brooklyn, NY"
1V696DAB4Q,2024-11-27,ExtraMostBestest Pepperoni,Pizza,10.49,Large,4,Betty Garcia,Yes,"4856 Coney Island Ave, Brooklyn, NY"
IYF9JKNXM8,2024-02-29,ExtraMostBestest Pepperoni,Pizza,10.49,Large,2,Charles Moore,No,
A7UQ10EA1E,2024-09-03,Caesar Wings,Wings,8.99,8pc,2,Karen Garcia,Yes,"8198 Utica Ave, Brooklyn, NY"
1UVG9GCFOL,2024-11-07,Supreme Pizza,Pizza,13.99,Large,2,Robert Hernandez,Yes,"1499 Court St, Brooklyn, NY"
5KRGT5SB65,2024-12-31,2 Liter Diet Pepsi,Beverage,3.29,2L,5,Donald Gonzalez,Yes,"650 Bedford Ave, Brooklyn, NY"
QHGDG0BV5R,2024-12-22,ExtraMostBestest Cheese,Pizza,10.49,Large,4,Charles Williams,Yes,"3150 Flatbush Ave, Brooklyn, NY"
LWAZJWPISD,2024-09-06,Classic Cheese Pizza,Pizza,8.99,Large,4,Daniel Brown,Yes,"5065 Utica Ave, Brooklyn, NY"
3VRF8M2XLE,2024-01-21,Deep Dish Cheese,Pizza,11.49,Regular,8,Barbara Jackson,No,
AUTL2QPINY,2024-11-11,Classic Pepperoni Pizza,Pizza,9.49,Large,2,Jennifer Lopez,Yes,"3125 Fulton St, Brooklyn, NY"
EW0RJAOKYM,2024-10-15,Deep Dish Pepperoni,Pizza,11.99,Regular,1,Michael Moore,Yes,"1418 Coney Island Ave, Brooklyn, NY"
GEILOZEV96,2024-12-13,ExtraMostBestest Pepperoni,Pizza,10.49,Large,8,Karen Lopez,No,
MZRVCF7C8T,2024-09-06,Classic Cheese Pizza,Pizza,8.99,Large,3,Nancy Johnson,Yes,"4075 Court St, Brooklyn, NY"
MM3HRVRTSC,2024-06-16,Buffalo Wings,Wings,9.49,8pc,7,William Anderson,No,
91KQ67QOSW,2024-09-20,Crazy Bread Combo,Sides,5.99,Regular,1,Sarah Taylor,Yes,"1818 Ocean Pkwy, Brooklyn, NY"
PFQ67M7NO5,2024-06-22,ExtraMostBestest Cheese,Pizza,10.49,Large,6,Elizabeth Davis,Yes,
177B9OL25I,2024-10-02,Crazy Bread,Sides,4.99,Regular,1,Robert Anderson,No,
7YS7W073PL,2024-12-21,ExtraMostBestest Cheese,Pizza,10.49,Large,8,Linda Davis,No,
2LWZ6O98Z2,2024-11-08,ExtraMostBestest Pepperoni,Pizza,10.49,8pc,4,Robert Moore,Yes,"448 Flatbush Ave, Brooklyn, NY"
QOOEGE1GTD,2024-03-16,ExtraMostBestest Cheese,Pizza,10.49,Large,6,Robert Jackson,Yes,"1493 Bedford Ave, Brooklyn, NY"
Q17DEHELYJ,2024-08-30,Crazy Bread Combo,Sides,5.99,Regular,1,Richard Smith,Yes,"4911 Church Ave, Brooklyn, NY"
UG8VQ5GXQO,2024-03-29,Veggie Pizza,Pizza,12.49,Large,1,Linda Anderson,Yes,"588 Eastern Pkwy, Brooklyn, NY"
ML5MN7DUNU,2024-09-26,Classic Pepperoni Pizza,Pizza,9.49,Large,3,Ashley Lopez,Yes,"5995 Kings Hwy, Brooklyn, NY"
AKEF72AKTV,2024-06-21,Veggie Pizza,Pizza,12.49,Large,7,Patricia Rodriguez,No,
B0LJ3QA8NH,2024-02-11,ExtraMostBestest Cheese,Pizza,10.49,Large,3,Jennifer Lopez,Yes,"5239 Church Ave, Brooklyn, NY"
891GU6YXMQ,2024-11-13,Italian Cheese Bread,Sides,6.49,Regular,2,Mark Johnson,No,
Q0HIZO25MP,2024-03-12,ExtraMostBestest Cheese,Pizza,10.49,Large,1,Elizabeth Taylor,Yes,"480 Flatbush Ave, Brooklyn, NY"
906DLFHR43,2024-06-04,Caesar Wings,Wings,8.99,8pc,2,Sandra Smith,Yes,"2343 Nostrand Ave, Brooklyn, NY"
BTR8SYOLYF,2024-01-11,Classic Pepperoni Pizza,Pizza,9.49,Large,3,Anthony Johnson,Yes,"687 Kings Hwy, Brooklyn, NY"
4DNW6GSDJT,2024-08-25,ExtraMostBestest Cheese,Pizza,10.49,Large,9,Susan Martinez,Yes,"6100 Utica Ave, Brooklyn, NY"
KIN8N197MM,2024-05-27,Classic Cheese Pizza,Pizza,8.99,Large,2,Matthew Davis,No,
F5PM7WN8W9,2024-08-27,ExtraMostBestest Pepperoni,Pizza,10.49,Large,2,Joseph Wilson,No,
L57SZOQEAL,2024-11-22,ExtraMostBestest Cheese,Pizza,10.49,Large,4,Jessica Taylor,Yes,"4111 Utica Ave, Brooklyn, NY"
SAR0PEQACG,2024-02-10,ExtraMostBestest Cheese,Pizza,10.49,Large,5,Jessica Martinez,Yes,"1687 Flatbush Ave, Brooklyn, NY"
PAJMFOTE7C,2024-04-19,3 Meat Treat Pizza,Pizza,12.99,Large,1,Jennifer Rodriguez,No,
33HKW1WLZ8,2024-06-01,Buffalo Wings,Wings,9.49,8pc,6,Lisa Davis,No,
105XUR7HAL,2024-02-11,Classic Pepperoni Pizza,Pizza,9.49,Large,7,Daniel Rodriguez,No,
7KA6O1RX4N,2024-07-04,2 Liter Diet Pepsi,Beverage,3.29,2L,3,Barbara Martinez,Yes,"1658 Bedford Ave, Brooklyn, NY"
323PTJ5XSL,2024-10-27,Classic Pepperoni Pizza,Pizza,9.49,Large,6,John Martinez,Yes,"1912 Nostrand Ave, Brooklyn, NY"
6M7ZVORXC4,2024-03-31,ExtraMostBestest Pepperoni,Pizza,10.49,Large,5,Richard Smith,No,
HJ4ELSS84X,2024-10-12,2 Liter Pepsi,Beverage,3.29,2L,4,Michael Thomas,Yes,"4633 Church Ave, Brooklyn, NY"
XAIJ5HRATR,2024-04-09,Italian Cheese Bread,Sides,6.49,Regular,2,Sandra Davis,No,
BI3RHK74MB,2024-09-08,Crazy Bread Combo,Sides,5.99,Regular,6,Donald Garcia,Yes,"1451 Eastern Pkwy, Brooklyn, NY"
WVRZLY4Z6K,2024-02-19,Classic Cheese Pizza,Pizza,8.99,Large,3,Richard Wilson,Yes,"3348 Coney Island Ave, Brooklyn, NY"
OIK23VDJES,2024-06-13,ExtraMostBestest Cheese,Pizza,10.49,Large,5,Sandra Hernandez,Yes,"3211 Fulton St, Brooklyn, NY"
DG9RXXJVAM,2024-08-25,ExtraMostBestest Pepperoni,Pizza,10.49,Large,6,Charles Brown,Yes,"4345 Eastern Pkwy, Brooklyn, NY"
F8HB3KOMPO,2024-02-21,ExtraMostBestest Pepperoni,Pizza,10.49,Large,2,Jennifer Jackson,Yes,"6091 Coney Island Ave, Brooklyn, NY"
01SFY4DKV7,2024-07-05,Italian Cheese Bread,Sides,6.49,Regular,4,Lisa Miller,Yes,"9349 Court St, Brooklyn, NY"
SQEQT9OJ4X,2024-06-22,Mountain Dew 2 Liter,Beverage,3.29,2L,9,Richard Taylor,Yes,"1415 Utica Ave, Brooklyn, NY"
CC31UZZTL2,2024-07-20,Aquafina Water,Beverage,1.99,20oz,10,David Davis,No,
X6XBE0MYID,2024-09-03,2 Liter Pepsi,Beverage,3.29,2L,3,Robert Anderson,Yes,"5203 Bedford Ave, Brooklyn, NY"
8QG1IXBCTP,2024-02-29,Deep Dish Cheese,Pizza,11.49,Regular,1,William Gonzalez,Yes,"9641 Bedford Ave, Brooklyn, NY"
SR8XT2K1S7,2024-05-17,2 Liter Pepsi,Beverage,3.29,2L,5,William Johnson,Yes,"3588 Kings Hwy, Brooklyn, NY"
OZ2ND492TC,2024-03-30,Classic Cheese Pizza,Pizza,8.99,Large,4,Barbara Martin,Yes,"6319 Flatbush Ave, Brooklyn, NY"
UJENVS925W,2024-02-22,ExtraMostBestest Cheese,Pizza,10.49,Large,4,Thomas Rodriguez,No,
0LQMHHIOCW,2024-01-23,3 Meat Treat Pizza,Pizza,12.99,Large,1,Thomas Hernandez,No,
88GOH0AHCC,2024-03-05,Deep Dish Cheese,Pizza,11.49,Regular,4,Nancy Gonzalez,Yes,"8976 Utica Ave, Brooklyn, NY"
HZYE6FXFG4,2024-10-02,3 Meat Treat Pizza,Pizza,12.99,Large,1,Matthew Jones,Yes,"6706 Atlantic Ave, Brooklyn, NY"
06DIMQZ300,2024-04-03,2 Liter Diet Pepsi,Beverage,3.29,2L,1,Charles Moore,Yes,"9839 Utica Ave, Brooklyn, NY"
B0RKW7CIFE,2024-12-28,Crazy Bread,Sides,4.99,Regular,9,Charles Martin,Yes,"9936 Bedford Ave, Brooklyn, NY"
Q187OK7KYC,2024-07-29,2 Liter Pepsi,Beverage,3.29,2L,7,Sarah Davis,Yes,"2521 Coney Island Ave, Brooklyn, NY"
F82G7CW0U6,2024-07-05,ExtraMostBestest Pepperoni,Pizza,10.49,Large,4,Nancy Hernandez,No,
646R9PIBW1,2024-12-12,ExtraMostBestest Cheese,Pizza,10.49,Large,5,Sarah Martin,Yes,"735 Eastern Pkwy, Brooklyn, NY"
J0BHEYGBCP,2024-01-04,ExtraMostBestest Pepperoni,Pizza,10.49,Large,2,William Rodriguez,No,
4FBVOD71PU,2024-02-17,Classic Cheese Pizza,Pizza,8.99,Large,5,Joseph Jackson,No,
0AGVNZWCD8,2024-02-03,ExtraMostBestest Pepperoni,Pizza,10.49,,9,Ashley Moore,No,
3S9L673JUN,2024-01-25,ExtraMostBestest Pepperoni,Pizza,10.49,Large,1,Jennifer Miller,Yes,"9804 Eastern Pkwy, Brooklyn, NY"
F5SJEIGTBG,2024-06-02,Classic Cheese Pizza,Pizza,8.99,Large,5,James Rodriguez,No,
RBS43HSOBD,2024-01-31,2 Liter Diet Pepsi,Beverage,3.29,2L,2,James Smith,No,
W0HIJA6BX7,2024-04-25,Classic Cheese Pizza,Pizza,8.99,Large,3,Ashley Brown,Yes,"5087 Ocean Pkwy, Brooklyn, NY"
IC345ZN4MO,2024-02-11,ExtraMostBestest Cheese,Pizza,10.49,Large,5,Robert Martin,Yes,"152 Coney Island Ave, Brooklyn, NY"
QNHG2KLTY5,2024-12-02,Deep Dish Cheese,Pizza,11.49,Regular,1,James Moore,No,
DB0014PI30,2024-05-10,Crazy Bread,Sides,4.99,Regular,4,Nancy Rodriguez,Yes,"830 Atlantic Ave, Brooklyn, NY"
96XBEURZ4D,2024-03-30,3 Meat Treat Pizza,Pizza,12.99,Large,5,Betty Anderson,Yes,"4049 Ocean Pkwy, Brooklyn, NY"
ICUYZFPGWV,2024-01-20,ExtraMostBestest Pepperoni,Pizza,10.49,Large,4,Lisa Taylor,Yes,"4480 Flatbush Ave, Brooklyn, NY"
W40HY3ANC9,2024-12-29,2 Liter Pepsi,Beverage,3.29,2L,5,Donald Rodriguez,No,
E6USFOQKIR,2024-11-28,ExtraMostBestest Cheese,Beverage,10.49,Large,4,Mark Lopez,No,
RNUTPCOHS0,2024-02-27,Mountain Dew 2 Liter,Beverage,3.29,2L,3,James Johnson,Yes,"445 Nostrand Ave, Brooklyn, NY"
C8XULS4BI3,2024-04-29,Mountain Dew 2 Liter,Beverage,3.29,2L,1,Donald Thomas,No,
3PB8GS11RL,2024-09-05,Classic Pepperoni Pizza,Pizza,9.49,Large,1,Elizabeth Jones,Yes,"5812 Kings Hwy, Brooklyn, NY"
BDMKTALYDI,2024-03-12,ExtraMostBestest Pepperoni,Pizza,10.49,Large,4,David Moore,Yes,"6321 Kings Hwy, Brooklyn, NY"
3F1O508DHJ,2024-12-29,Deep Dish Pepperoni,Pizza,11.99,Regular,7,Mary Jackson,No,
06UFX75WPM,2024-05-06,Classic Pepperoni Pizza,Pizza,9.49,Large,4,Barbara Gonzalez,Yes,"5369 Kings Hwy, Brooklyn, NY"
FNR59RYIK1,2024-07-06,Deep Dish Pepperoni,Pizza,11.99,Regular,5,Anthony Anderson,Yes,"8496 Bedford Ave, Brooklyn, NY"
IBOY7RRYVO,2024-04-28,ExtraMostBestest Cheese,Pizza,10.49,Large,6,Mary Thomas,Yes,"6557 Nostrand Ave, Brooklyn, NY"
H6W5OR27NW,2024-06-15,Veggie Pizza,Beverage,12.49,Large,4,Mary Garcia,Yes,"4149 Church Ave, Brooklyn, NY"
VXFORDPUOP,2024-06-21,Buffalo Wings,Wings,9.49,8pc,7,Elizabeth Jones,No,
I80N2QDPQF,2024-03-13,Classic Pepperoni Pizza,Pizza,9.49,Large,1,Charles Rodriguez,Yes,"7437 Kings Hwy, Brooklyn, NY"
HW5HGD8T10,2024-05-05,Buffalo Wings,Wings,9.49,8pc,6,Charles Taylor,Yes,"732 Fulton St, Brooklyn, NY"
QYQX5FIX17,2024-11-25,Classic Pepperoni Pizza,Pizza,9.49,Large,4,Barbara Martin,Yes,"2019 Flatbush Ave, Brooklyn, NY"
5I3P0QPWN5,2024-07-17,Crazy Bread,Sides,4.99,Regular,4,Matthew Martin,No,
BCLFTE36QA,2024-05-02,Classic Pepperoni Pizza,Pizza,9.49,Large,4,Barbara Smith,Yes,"7519 Kings Hwy, Brooklyn, NY"
DZMPOGO93K,2024-11-24,Veggie Pizza,Pizza,12.49,Large,6,Susan Rodriguez,Yes,"1224 Coney Island Ave, Brooklyn, NY"
P4U88YY5A3,2024-09-28,ExtraMostBestest Pepperoni,Pizza,10.49,Large,5,James Martin,Yes,"8653 Church Ave, Brooklyn, NY"
Z36DV7ZOBI,2024-08-27,ExtraMostBestest Cheese,Pizza,10.49,Large,2,Robert Wilson,No,
YP1HGILFVD,2024-01-24,Crazy Bread Combo,Sides,5.99,Regular,1,Charles Thomas,No,
OJFZD1LZUP,2024-06-21,Aquafina Water,Beverage,1.99,20oz,8,Donald Smith,No,
3S87UKBX3A,2024-06-14,2 Liter Pepsi,Beverage,3.29,Small,9,Lisa Thomas,Yes,"7998 Kings Hwy, Brooklyn, NY"
TTSTAVF22R,2024-10-07,Crazy Bread,Sides,4.99,Regular,1,Mary Rodriguez,Yes,"7839 Atlantic Ave, Brooklyn, NY"
I0Q1RIS5JD,2024-06-21,Caesar Wings,Wings,8.99,8pc,8,Mark Martin,Yes,"8407 Utica Ave, Brooklyn, NY"
NNZY7JRCI4,2024-04-09,Crazy Bread Combo,Sides,5.99,Regular,2,Daniel Martin,No,
UF93Z9QBLZ,2024-02-02,2 Liter Diet Pepsi,Beverage,3.29,2L,3,David Thomas,No,
GGZ6472476,2024-01-21,Crazy Bread Combo,Sides,5.99,Regular,8,Jessica Miller,Yes,"7455 Bedford Ave, Brooklyn, NY"
OAFKBFQ1ME,2024-11-24,Deep Dish Cheese,Pizza,11.49,Regular,5,John Davis,Yes,"2584 Bedford Ave, Brooklyn, NY"
TPP5Z90E49,2024-02-29,ExtraMostBestest Cheese,Pizza,10.49,Large,4,Sarah Gonzalez,Yes,"5603 Kings Hwy, Brooklyn, NY"
MPDJE8EFT4,2024-11-06,Mountain Dew 2 Liter,Beverage,3.29,2L,3,Jennifer Brown,No,
SMS38WZBUL,2024-05-18,Classic Cheese Pizza,Pizza,8.99,Large,5,Karen Gonzalez,Yes,"4253 Fulton St, Brooklyn, NY"
9SWGA1QGT6,2024-10-07,Deep Dish Cheese,Pizza,11.49,Regular,4,Anthony Rodriguez,Yes,"9024 Church Ave, Brooklyn, NY"
7ZVDIN7FM1,2024-06-17,2 Liter Pepsi,Beverage,3.29,2L,6,Joseph Johnson,Yes,"6446 Fulton St, Brooklyn, NY"
MFKOCYC3DA,2024-05-13,Deep Dish Pepperoni,Pizza,11.99,Regular,1,Susan Garcia,No,
DCU8895HXL,2024-09-03,Classic Cheese Pizza,Pizza,8.99,Regular,4,Matthew Martinez,Yes,"5586 Atlantic Ave, Brooklyn, NY"
MK6831HI1F,2024-05-20,3 Meat Treat Pizza,Pizza,12.99,Large,3,John Garcia,No,
5CWFZIWJOT,2024-09-24,Deep Dish Cheese,Pizza,11.49,Regular,1,John Jackson,No,
WKZQ3HFRJ5,2024-06-05,ExtraMostBestest Pepperoni,Pizza,10.49,Large,4,Betty Taylor,Yes,"572 Court St, Brooklyn, NY"
WXGD4PUH8W,2024-03-25,Crazy Bread Combo,Sides,5.99,Regular,2,James Gonzalez,Yes,"2364 Church Ave, Brooklyn, NY"
YONP5BOI5A,2024-02-06,Deep Dish Pepperoni,Pizza,11.99,Regular,2,David Gonzalez,Yes,"870 Bedford Ave, Brooklyn, NY"
VIRR2K06GS,2024-08-25,Classic Pepperoni Pizza,Pizza,9.49,Large,9,Barbara Miller,No,
4X3SUYBZE4,2024-02-06,Caesar Wings,Wings,8.99,8pc,2,Anthony Taylor,Yes,"1836 Bedford Ave, Brooklyn, NY"
4JC7MOG4Z2,2024-02-16,ExtraMostBestest Cheese,Pizza,10.49,Large,1,Sarah Wilson,No,
8NEA0XGE9O,2024-06-11,Italian Cheese Bread,Sides,6.49,Regular,4,Betty Jones,No,
LTUOZMVNK4,2024-12-10,Caesar Wings,Wings,8.99,8pc,1,Sarah Jackson,Yes,
UXHXXD9WIF,2024-01-21,ExtraMostBestest Cheese,Pizza,10.49,Large,5,Nancy Smith,No,
SOMPXXDZT8,2024-09-07,ExtraMostBestest Cheese,Pizza,10.49,Large,4,Richard Gonzalez,Yes,"8994 Utica Ave, Brooklyn, NY"
LVKZIIXP7T,2024-07-06,Mountain Dew 2 Liter,Beverage,3.29,2L,10,Nancy Williams,No,
S4P10C7F8N,2024-06-23,Caesar Wings,Wings,8.99,8pc,9,Richard Moore,Yes,"5491 Kings Hwy, Brooklyn, NY"
2VON2FR5XL,2024-05-25,Classic Cheese Pizza,Pizza,8.99,Large,7,James Jones,Yes,"8967 Utica Ave, Brooklyn, NY"
2H5MPQ79XT,2024-12-20,Deep Dish Cheese,Pizza,11.49,Regular,6,Matthew Moore,Yes,"5069 Nostrand Ave, Brooklyn, NY"
KVH1UOQYN6,2024-08-05,ExtraMostBestest Cheese,Pizza,10.49,Large,1,Linda Garcia,Yes,"2149 Eastern Pkwy, Brooklyn, NY"
L83KKOFBDN,2024-09-12,ExtraMostBestest Pepperoni,Pizza,10.49,Large,1,Linda Rodriguez,No,
79HU2GGU81,2024-04-03,Caesar Wings,Wings,8.99,8pc,4,Jennifer Anderson,Yes,"6976 Fulton St, Brooklyn, NY"
0JMC2JAYMA,2024-01-23,2 Liter Pepsi,Beverage,3.29,2L,4,Susan Anderson,Yes,"7452 Bedford Ave, Brooklyn, NY"
F559AN2ZWR,2024-12-13,Crazy Bread,Sides,4.99,Regular,8,Mary Rodriguez,Yes,"3380 Flatbush Ave, Brooklyn, NY"
A4PSR2826U,2024-11-24,Supreme Pizza,Pizza,13.99,Large,5,Thomas Smith,No,
VA0WDYM3DI,2024-11-08,Caesar Wings,Wings,8.99,8pc,4,Patricia Jones,Yes,"7206 Fulton St, Brooklyn, NY"
AUNIURGKTZ,2024-12-25,Caesar Wings,Wings,8.99,8pc,5,Sandra Johnson,Yes,
2YQNPN3VGI,2024-12-10,3 Meat Treat Pizza,Pizza,12.99,Large,2,Elizabeth Smith,No,
RBZX0W4T7C,2024-04-30,Aquafina Water,Pizza,1.99,20oz,2,Betty Gonzalez,Yes,"9721 Fulton St, Brooklyn, NY"
NCMRD1PO5R,2024-06-23,Classic Cheese Pizza,Pizza,8.99,Large,6,Karen Williams,No,
GVYJ2JZO76,2024-05-20,Classic Pepperoni Pizza,Pizza,9.49,Large,1,James Davis,Yes,"5594 Utica Ave, Brooklyn, NY"
VKGCERKNCM,2024-10-20,2 Liter Pepsi,Beverage,3.29,2L,5,Mark Gonzalez,Yes,"9781 Fulton St, Brooklyn, NY"
C69Q0PUNGR,2024-01-29,Deep Dish Pepperoni,Pizza,11.99,Regular,1,James Taylor,Yes,"7503 Court St, Brooklyn, NY"
0FD9RGPCRN,2024-04-05,Veggie Pizza,Pizza,12.49,Large,4,Susan Jackson,Yes,"4389 Utica Ave, Brooklyn, NY"
4I36422IDC,2024-04-02,Crazy Bread Combo,Sides,5.99,Regular,4,Mary Garcia,Yes,"4891 Atlantic Ave, Brooklyn, NY"
K4SYSAVA73,2024-10-31,2 Liter Pepsi,Beverage,3.29,2L,2,Linda Jackson,Yes,"3888 Atlantic Ave, Brooklyn, NY"
S48I5QXJYM,2024-11-11,Italian Cheese Bread,Sides,6.49,Regular,4,Nancy Johnson,Yes,"7646 Fulton St, Brooklyn, NY"
VWDDASQTIM,2024-10-25,Crazy Bread Combo,Sides,5.99,Regular,3,Linda Miller,Yes,"2892 Eastern Pkwy, Brooklyn, NY"
IS9EQPIGJS,2024-10-31,Buffalo Wings,Wings,9.49,8pc,4,James Moore,Yes,"6602 Utica Ave, Brooklyn, NY"
U9DUD85ZYC,2024-02-27,Buffalo Wings,Wings,9.49,8pc,1,Robert Brown,No,
P48ARJS89F,2024-02-28,ExtraMostBestest Pepperoni,Pizza,10.49,Large,1,David Brown,Yes,"4538 Church Ave, Brooklyn, NY"
TUH08LV63N,2024-05-17,ExtraMostBestest Cheese,Pizza,10.49,Large,4,Richard Martinez,Yes,"3671 Flatbush Ave, Brooklyn, NY"
WT2XR3RFBI,2024-02-28,Mountain Dew 2 Liter,Beverage,3.29,2L,2,Karen Lopez,Yes,"6792 Utica Ave, Brooklyn, NY"
SAHJPVKNJ4,2024-09-11,Deep Dish Cheese,Pizza,11.49,Regular,1,Richard Martin,Yes,"1920 Utica Ave, Brooklyn, NY"
007BBMPXQ3,2024-07-20,Classic Cheese Pizza,Pizza,8.99,Large,6,Richard Jackson,Yes,"8541 Nostrand Ave, Brooklyn, NY"
COLT2N6SLK,2024-10-01,Crazy Bread,Sides,4.99,Regular,4,Sarah Wilson,Yes,"881 Atlantic Ave, Brooklyn, NY"
O7I8P35A3G,2024-09-06,Veggie Pizza,Pizza,12.49,Large,2,Betty Taylor,Yes,"2081 Court St, Brooklyn, NY"
VMXDQ5UYZN,2024-02-17,ExtraMostBestest Cheese,Pizza,10.49,Large,10,Patricia Brown,No,
FLOH5RI7B0,2024-04-21,ExtraMostBestest Pepperoni,Pizza,10.49,Large,7,Thomas Taylor,Yes,"7478 Coney Island Ave, Brooklyn, NY"
6W32VAADVE,2024-02-20,ExtraMostBestest Pepperoni,Pizza,10.49,Large,4,Robert Davis,No,
W1IXH7ZCI8,2024-09-14,Veggie Pizza,Pizza,12.49,Large,7,Elizabeth Brown,No,
NVNDDD2N3K,2024-06-28,2 Liter Pepsi,Beverage,3.29,Small,10,Elizabeth Anderson,Yes,"8872 Utica Ave, Brooklyn, NY"
QQN61FKBCZ,2024-09-17,Classic Cheese Pizza,Pizza,8.99,Large,4,Richard Jackson,Yes,"9145 Church Ave, Brooklyn, NY"
9YTMQSHDZ8,2024-11-09,Classic Pepperoni Pizza,Pizza,9.49,Large,5,Jessica Wilson,Yes,"5954 Flatbush Ave, Brooklyn, NY"
5N7LLILWWM,2024-01-21,Classic Pepperoni Pizza,Pizza,9.49,Large,7,Nancy Williams,Yes,"3572 Coney Island Ave, Brooklyn, NY"
B4X7K0N3YU,2024-02-23,ExtraMostBestest Cheese,Pizza,10.49,Large,3,Linda Moore,Yes,"985 Church Ave, Brooklyn, NY"
JALZX8VMR4,2024-10-23,Crazy Bread Combo,Sides,5.99,Regular,2,David Thomas,No,
BQNWYEJ5VA,2024-08-30,2 Liter Diet Pepsi,Beverage,3.29,2L,5,Richard Moore,No,
LUAP56HVO5,2024-08-07,Crazy Bread,Sides,4.99,Regular,2,Robert Brown,Yes,"5001 Flatbush Ave, Brooklyn, NY"
C99HZYZTE8,2024-06-14,ExtraMostBestest Cheese,Pizza,10.49,Large,9,Charles Johnson,No,
YT77YONPXK,2024-10-04,Classic Cheese Pizza,Pizza,8.99,Large,4,Donald Johnson,Yes,"9080 Flatbush Ave, Brooklyn, NY"
K8SSRI5ILH,2024-04-10,Classic Pepperoni Pizza,Pizza,9.49,Large,1,Michael Davis,Yes,"9887 Court St, Brooklyn, NY"
X85CDIMYNB,2024-07-07,Veggie Pizza,Pizza,12.49,8pc,3,Lisa Lopez,No,
ZDSB5XOJD7,2024-10-05,Classic Cheese Pizza,Pizza,8.99,Regular,6,John Martinez,No,
CNIGMMIHHJ,2024-09-01,Crazy Bread,Sides,4.99,Regular,9,William Jones,No,
1TKEESSGR0,2024-10-06,2 Liter Pepsi,Beverage,3.29,2L,7,Jennifer Rodriguez,Yes,"607 Flatbush Ave, Brooklyn, NY"
PWSKV4W6VC,2024-09-05,Aquafina Water,Beverage,1.99,20oz,3,Lisa Martinez,Yes,"4297 Flatbush Ave, Brooklyn, NY"
HB7RH7FJGV,2024-04-30,Classic Pepperoni Pizza,Wings,9.49,Large,2,Elizabeth Williams,No,
RU4UICC1EF,2024-03-20,ExtraMostBestest Cheese,Pizza,10.49,Large,4,Lisa Davis,Yes,"7404 Eastern Pkwy, Brooklyn, NY"
IINCXLFLJY,2024-11-16,Classic Cheese Pizza,Pizza,8.99,Large,5,Sarah Williams,No,
GSKJ8PPJMJ,2024-08-18,ExtraMostBestest Pepperoni,Pizza,10.49,Large,4,Patricia Johnson,No,
0CO96MW72F,2024-07-10,Buffalo Wings,Wings,9.49,8pc,1,Linda Miller,Yes,
E822L8UZLN,2024-05-08,Deep Dish Cheese,Pizza,11.49,Regular,2,Susan Johnson,No,
1ODWBWQTVL,2024-02-20,Caesar Wings,Wings,8.99,8pc,1,Thomas Hernandez,Yes,"271 Flatbush Ave, Brooklyn, NY"
4C5PBU6P3T,2024-02-10,Deep Dish Cheese,Pizza,11.49,Regular,4,Sandra Taylor,Yes,"8285 Flatbush Ave, Brooklyn, NY"
7O2UDTXCY1,2024-08-05,ExtraMostBestest Cheese,Pizza,10.49,Large,2,Robert Taylor,Yes,"9220 Kings Hwy, Brooklyn, NY"
KFD2H08YUW,2024-09-30,Veggie Pizza,Pizza,12.49,Large,4,Anthony Hernandez,Yes,"1011 Court St, Brooklyn, NY"
JWCH13TYGH,2024-07-14,Caesar Wings,Wings,8.99,8pc,8,Mark Martin,No,
M82ZHPEAU4,2024-05-31,Classic Pepperoni Pizza,Pizza,9.49,Large,4,Mary Rodriguez,No,
UHAQXRJ936,2024-08-15,Classic Pepperoni Pizza,Pizza,9.49,Large,2,Betty Johnson,No,
WDVC65HYS7,2024-12-26,Mountain Dew 2 Liter,Beverage,3.29,2L,4,William Taylor,Yes,"2373 Ocean Pkwy, Brooklyn, NY"
PBCY6KGJIB,2024-08-17,Classic Cheese Pizza,Pizza,8.99,8pc,4,Thomas,No,
SD547C1G6D,2024-11-13,Mountain Dew 2 Liter,Beverage,3.29,2L,2,Jessica Rodriguez,Yes,"3619 Coney Island Ave, Brooklyn, NY"
5TZS9D8KTZ,2024-10-08,Buffalo Wings,Wings,9.49,8pc,2,Nancy Martinez,No,
KN3T6KB9PD,2024-12-01,ExtraMostBestest Pepperoni,Pizza,10.49,Large,8,Richard Rodriguez,Yes,"2901 Court St, Brooklyn, NY"
3V6F0DUQ0F,2024-06-25,Classic Pepperoni Pizza,Pizza,9.49,Large,3,Jennifer Rodriguez,Yes,"719 Atlantic Ave, Brooklyn, NY"
4ZK830ZR12,2024-02-05,ExtraMostBestest Cheese,Pizza,10.49,Large,3,Ashley Jackson,No,
CPRKFWJ8DA,2024-03-11,Italian Cheese Bread,Sides,6.49,Regular,4,Jessica Johnson,Yes,"9203 Ocean Pkwy, Brooklyn, NY"
EEZ21P5BB4,2024-02-09,Crazy Bread,Sides,4.99,Regular,2,Robert Jackson,Yes,"5218 Ocean Pkwy, Brooklyn, NY"
F7NI7RWWRJ,2024-12-27,2 Liter Diet Pepsi,Beverage,3.29,2L,6,William Lopez,Yes,"3738 Eastern Pkwy, Brooklyn, NY"
D71286HKFD,2024-07-26,Supreme Pizza,Pizza,13.99,Large,4,Susan Thomas,Yes,"6304 Eastern Pkwy, Brooklyn, NY"
4MS18GN1OC,2024-05-10,Aquafina Water,Beverage,1.99,20oz,5,Elizabeth Martinez,No,
X89J8E69B0,2024-02-13,Crazy Bread,Sides,4.99,Regular,2,Joseph Jackson,Yes,"3450 Ocean Pkwy, Brooklyn, NY"
N16CZEOL2N,2024-06-01,Crazy Bread,Sides,4.99,Regular,5,Charles Hernandez,Yes,"9290 Kings Hwy, Brooklyn, NY"
3ZEU3XML4T,2024-10-06,Classic Cheese Pizza,Pizza,8.99,Large,3,Michael Jones,No,
LVOQDXFH52,2024-02-20,2 Liter Pepsi,Beverage,3.29,2L,3,Patricia Brown,Yes,"3012 Coney Island Ave, Brooklyn, NY"
4ANC8PEEM9,2024-04-04,Aquafina Water,Beverage,1.99,20oz,3,Matthew Gonzalez,Yes,"6345 Coney Island Ave, Brooklyn, NY"
WCPDBAXNTM,2024-10-12,ExtraMostBestest Pepperoni,Pizza,10.49,Large,7,Ashley Johnson,Yes,"3378 Coney Island Ave, Brooklyn, NY"
REJYTN2NOG,2024-09-18,ExtraMostBestest Cheese,Sides,10.49,Large,2,Robert Miller,Yes,"6255 Atlantic Ave, Brooklyn, NY"
K4M306IJ69,2024-04-19,2 Liter Diet Pepsi,Beverage,3.29,2L,4,Richard Davis,Yes,
S7WVF5KE61,2024-03-17,Deep Dish Pepperoni,Pizza,11.99,Regular,5,Elizabeth Johnson,Yes,"6357 Flatbush Ave, Brooklyn, NY"
SXK22PY34X,2024-09-21,3 Meat Treat Pizza,Pizza,12.99,Large,6,Mark Martin,Yes,"3752 Eastern Pkwy, Brooklyn, NY"
9ERU0V8E0J,2024-10-04,Crazy Bread,Sides,4.99,Regular,4,Karen Martin,Yes,"3097 Fulton St, Brooklyn, NY"
DVNQFSTYSY,2024-04-26,Buffalo Wings,Wings,9.49,8pc,4,Jennifer Jackson,Yes,"7397 Fulton St, Brooklyn, NY"
FWYRL66378,2024-03-28,2 Liter Diet Pepsi,Beverage,3.29,2L,4,William Lopez,Yes,"8407 Flatbush Ave, Brooklyn, NY"
NSD8A799S2,2024-04-27,Italian Cheese Bread,Sides,6.49,Regular,8,Michael Thomas,No,
V2UXSSL7FG,2024-11-11,Aquafina Water,Beverage,1.99,20oz,4,Jennifer Rodriguez,Yes,"7186 Eastern Pkwy, Brooklyn, NY"
90QG22DVX5,2024-08-12,Classic Pepperoni Pizza,Pizza,9.49,Large,4,Elizabeth Lopez,Yes,"9689 Court St, Brooklyn, NY"
RPE5XE4E5Y,2024-08-17,Deep Dish Cheese,Pizza,11.49,Regular,5,James Wilson,Yes,"3961 Fulton St, Brooklyn, NY"
WQEQ7J8M8C,2024-08-30,Crazy Bread,Sides,4.99,Regular,3,Mary Davis,No,
2Q4NRVJ0UJ,2024-07-27,Crazy Bread,Sides,4.99,Regular,9,Daniel Thomas,Yes,"8404 Court St, Brooklyn, NY"
WG5W28UYGE,2024-01-11,Classic Cheese Pizza,Pizza,8.99,Large,4,Betty Thomas,Yes,"4325 Flatbush Ave, Brooklyn, NY"
2F15J2B3UB,2024-02-28,Deep Dish Cheese,Pizza,11.49,Regular,2,Daniel Davis,No,
G0AZDKKQAH,2024-09-02,Caesar Wings,Wings,8.99,8pc,1,Betty Anderson,No,
C7C53DOTE3,2024-10-16,Deep Dish Pepperoni,Pizza,11.99,Regular,2,Nancy Jones,Yes,"7546 Nostrand Ave, Brooklyn, NY"
S4P845WRXP,2024-12-22,ExtraMostBestest Cheese,Pizza,10.49,Large,6,Sandra Martin,Yes,"8894 Nostrand Ave, Brooklyn, NY"
3JVZ0G1C3R,2024-04-02,Deep Dish Cheese,Pizza,11.49,Regular,2,Mark Martin,No,
26ZTZ1RBDK,2024-06-07,2 Liter Pepsi,Beverage,3.29,2L,7,Susan Smith,Yes,"2549 Court St, Brooklyn, NY"
Y2O6S7CMD2,2024-12-01,Classic Cheese Pizza,Pizza,8.99,Large,7,Robert Lopez,Yes,"3873 Eastern Pkwy, Brooklyn, NY"
YC1UMTCB7H,2024-01-06,Classic Pepperoni Pizza,Pizza,9.49,Large,3,Betty Brown,Yes,"4988 Utica Ave, Brooklyn, NY"
HLTE9YWUBA,2024-12-30,Supreme Pizza,Pizza,13.99,Large,7,Linda Williams,Yes,"7827 Fulton St, Brooklyn, NY"
6TWY9BFIPQ,2024-08-08,ExtraMostBestest Pepperoni,Pizza,10.49,Large,4,Mark Taylor,Yes,"7605 Ocean Pkwy, Brooklyn, NY"
WH1RETMEFO,2024-07-27,Crazy Bread,Sides,4.99,Regular,7,Donald Rodriguez,No,
LSV2IFWY3I,2024-08-11,2 Liter Pepsi,Wings,3.29,2L,10,Linda Rodriguez,Yes,"3070 Fulton St, Brooklyn, NY"
4L17K6OHPX,2024-05-22,Italian Cheese Bread,Sides,6.49,Regular,3,Elizabeth Moore,Yes,"5430 Nostrand Ave, Brooklyn, NY"
YSYTLVAEUU,2024-07-16,Crazy Bread Combo,Sides,5.99,Regular,3,Linda Davis,Yes,"970 Flatbush Ave, Brooklyn, NY"
KL4Z29DLBT,2024-01-27,Crazy Bread,Sides,4.99,Regular,6,David Davis,Yes,"1116 Fulton St, Brooklyn, NY"
CV4FDEPCVS,2024-06-14,Caesar Wings,Wings,8.99,8pc,9,Matthew Gonzalez,No,
XTZZHTDABY,2024-12-31,2 Liter Pepsi,Beverage,3.29,2L,7,Anthony Wilson,No,
FKKPD4B86Z,2024-07-15,Mountain Dew 2 Liter,Beverage,3.29,2L,5,Nancy Martin,Yes,"5557 Nostrand Ave, Brooklyn, NY"
YTUU583KZN,2024-09-16,Deep Dish Cheese,Pizza,11.49,Regular,1,Robert Jackson,Yes,"3421 Utica Ave, Brooklyn, NY"
C3FF22W2HQ,2024-06-22,Classic Cheese Pizza,Pizza,8.99,Large,5,Lisa Gonzalez,No,
0YWKDT4NBE,2024-12-15,Classic Cheese Pizza,Pizza,8.99,Large,6,Joseph Martin,Yes,"8384 Ocean Pkwy, Brooklyn, NY"
ZENK5Z3GM5,2024-11-07,Caesar Wings,Wings,8.99,8pc,3,Charles Martinez,Yes,"6412 Church Ave, Brooklyn, NY"
XAP3WICYZR,2024-02-16,Classic Cheese Pizza,Pizza,8.99,Large,2,Robert Lopez,No,
U5HV3G2VWV,2024-12-22,Mountain Dew 2 Liter,Beverage,3.29,2L,9,Nancy Lopez,Yes,"2143 Nostrand Ave, Brooklyn, NY"
6P9I7SUNT9,2024-08-04,Mountain Dew 2 Liter,Beverage,3.29,2L,5,Ashley Taylor,Yes,"6768 Eastern Pkwy, Brooklyn, NY"
B02G1BFBRN,2024-12-03,Supreme Pizza,Pizza,13.99,Large,4,Charles Johnson,Yes,"9217 Fulton St, Brooklyn, NY"
MSOS8J24TJ,2024-03-19,Aquafina Water,Beverage,1.99,20oz,3,Sarah Jackson,No,
M3VODZLPNY,2024-05-21,ExtraMostBestest Cheese,Pizza,10.49,Large,3,Daniel Garcia,No,
MMG129AYKP,2024-01-31,Mountain Dew 2 Liter,Beverage,3.29,2L,3,Richard Brown,Yes,"8019 Flatbush Ave, Brooklyn, NY"
PZABSX78XB,2024-05-18,Caesar Wings,Wings,8.99,8pc,9,John Moore,No,
YHH915909Q,2024-11-11,3 Meat Treat Pizza,Pizza,12.99,Large,1,Betty Rodriguez,Yes,"7043 Fulton St, Brooklyn, NY"
3BLSL5N6HD,2024-12-16,Classic Pepperoni Pizza,Pizza,9.49,Large,8,Patricia Taylor,No,
O0B2TKPZ0D,2024-09-23,Supreme Pizza,Pizza,13.99,Large,3,Susan Jones,Yes,"9078 Church Ave, Brooklyn, NY"
HVPN0TYTW1,2024-09-14,2 Liter Diet Pepsi,Beverage,3.29,2L,7,Anthony Brown,Yes,"1791 Nostrand Ave, Brooklyn, NY"
YQ7EY3TPEG,2024-05-23,ExtraMostBestest Cheese,Pizza,10.49,Large,4,Elizabeth Hernandez,No,
JZ7T6DOHIU,2024-02-22,Supreme Pizza,Pizza,13.99,Large,2,Mark Davis,Yes,"4529 Bedford Ave, Brooklyn, NY"
92VRZSQZCU,2024-01-17,2 Liter Pepsi,Beverage,3.29,Large,4,Joseph Hernandez,Yes,"8386 Fulton St, Brooklyn, NY"
6UVZU078W3,2024-12-03,Crazy Bread Combo,Sides,5.99,Regular,4,Nancy Garcia,Yes,"9626 Ocean Pkwy, Brooklyn, NY"
7O504FX0AK,2024-10-22,Veggie Pizza,Pizza,12.49,Large,2,Donald Miller,Yes,"315 Atlantic Ave, Brooklyn, NY"
FK9X5DKGZG,2024-09-24,ExtraMostBestest Cheese,Beverage,10.49,Large,3,Donald Lopez,No,
1LIYMWL7GF,2024-09-20,Veggie Pizza,Pizza,12.49,Large,1,Lisa Rodriguez,Yes,"7657 Bedford Ave, Brooklyn, NY"
CTAYJ9UI8N,2024-02-13,Veggie Pizza,Pizza,12.49,Large,3,Ashley Garcia,Yes,"190 Bedford Ave, Brooklyn, NY"
EBNDSL3BEG,2024-08-12,ExtraMostBestest Cheese,Pizza,10.49,Large,2,Sandra Smith,No,
0NCEG5F83H,2024-07-14,ExtraMostBestest Pepperoni,Pizza,10.49,Large,5,Donald Brown,No,
Z23D4B1V4M,2024-12-15,Deep Dish Cheese,Pizza,11.49,Regular,8,Mark Taylor,No,
XXYE4QVTDO,2024-02-17,Crazy Bread Combo,Sides,5.99,Regular,5,Betty Garcia,Yes,"4968 Eastern Pkwy, Brooklyn, NY"
3OXNFWWWGG,2024-02-24,Classic Cheese Pizza,Pizza,8.99,Large,3,Patricia Wilson,Yes,"3524 Utica Ave, Brooklyn, NY"
Q46F38W2ZD,2024-08-09,Veggie Pizza,Pizza,12.49,Large,3,Karen Anderson,No,
TPEG7CY63F,2024-10-22,Classic Cheese Pizza,Pizza,8.99,Large,4,Daniel Garcia,Yes,"3411 Nostrand Ave, Brooklyn, NY"
EMTSWAALXV,2024-05-27,Crazy Bread Combo,Sides,5.99,Regular,1,Susan Gonzalez,Yes,"6708 Atlantic Ave, Brooklyn, NY"
UGUD3I8MGK,2024-08-12,Classic Pepperoni Pizza,Pizza,9.49,Large,1,Mary Hernandez,No,
BTMMWNVQJI,2024-11-09,Classic Pepperoni Pizza,Pizza,9.49,Large,7,Patricia Johnson,Yes,"3331 Nostrand Ave, Brooklyn, NY"
ANLJVGSCDQ,2024-06-25,Crazy Bread,Sides,4.99,Regular,5,Lisa Martinez,No,
663OH4WLXA,2024-05-25,Crazy Bread Combo,Sides,5.99,Regular,7,Robert Martin,Yes,"8515 Nostrand Ave, Brooklyn, NY"
FE6V5NIDD9,2024-06-04,Mountain Dew 2 Liter,Beverage,3.29,2L,8,Sarah Moore,Yes,"7215 Nostrand Ave, Brooklyn, NY"
BM3AXW41ZU,2024-07-07,ExtraMostBestest Cheese,Pizza,10.49,Large,7,James Johnson,No,
357NY16OAH,2024-05-15,2 Liter Pepsi,Beverage,3.29,2L,8,Thomas Miller,Yes,"2484 Utica Ave, Brooklyn, NY"
7IKP7SLMGS,2024-06-23,ExtraMostBestest Cheese,Pizza,10.49,Large,6,Charles Wilson,Yes,"1012 Coney Island Ave, Brooklyn, NY"
NK9BLTY9P0,2024-11-02,Aquafina Water,Beverage,1.99,20oz,8,Nancy Miller,Yes,"1233 Fulton St, Brooklyn, NY"
QOP4HN5X5E,2024-07-04,Crazy Bread,Sides,4.99,Regular,3,Thomas Martinez,Yes,"6535 Atlantic Ave, Brooklyn, NY"
76RRF2HNQC,2024-07-26,Caesar Wings,Wings,8.99,8pc,2,Joseph Davis,Yes,"2422 Atlantic Ave, Brooklyn, NY"
3J6Z3MQJJ9,2024-12-23,ExtraMostBestest Pepperoni,Pizza,10.49,Large,9,Nancy Thomas,No,
HWA9HIEOPR,2024-05-18,Supreme Pizza,Pizza,13.99,Large,7,John Smith,Yes,"8706 Eastern Pkwy, Brooklyn, NY"
4AT6PMNTXB,2024-05-07,ExtraMostBestest Cheese,Pizza,10.49,Large,1,Sarah Gonzalez,Yes,"8874 Nostrand Ave, Brooklyn, NY"
SG7D327KSA,2024-05-31,ExtraMostBestest Pepperoni,Pizza,10.49,Large,3,John Gonzalez,No,
BKVSCHV1QY,2024-01-04,Deep Dish Cheese,Pizza,11.49,Regular,3,Sandra Jackson,No,
CJMYXGK0OI,2024-05-24,ExtraMostBestest Cheese,Pizza,10.49,Large,3,Donald Martin,Yes,"8970 Utica Ave, Brooklyn, NY"
54OWO1MB06,2024-07-02,Classic Pepperoni Pizza,Pizza,9.49,Large,1,Michael Anderson,Yes,"1472 Coney Island Ave, Brooklyn, NY"
Q1G6LLECXP,2024-06-17,Caesar Wings,Wings,8.99,8pc,4,Karen Garcia,Yes,"7119 Bedford Ave, Brooklyn, NY"
YBOVCB1YNT,2024-04-05,ExtraMostBestest Cheese,Pizza,10.49,Large,4,Lisa Taylor,No,
NX4HOO8AZC,2024-06-05,Supreme Pizza,Pizza,13.99,Large,3,Anthony Davis,Yes,"5390 Ocean Pkwy, Brooklyn, NY"
HB0JEOSV00,2024-03-24,ExtraMostBestest Pepperoni,Pizza,10.49,Large,4,Jessica Garcia,Yes,"3835 Coney Island Ave, Brooklyn, NY"
909N78P0TW,2024-05-29,ExtraMostBestest Pepperoni,Pizza,10.49,Large,3,Nancy Moore,Yes,"7158 Court St, Brooklyn, NY"
NQK612JUNS,2024-01-14,Classic Cheese Pizza,Pizza,8.99,8pc,7,Betty Thomas,Yes,"8375 Fulton St, Brooklyn, NY"
AE1PBT1Q27,2024-11-17,Mountain Dew 2 Liter,Beverage,3.29,2L,6,Sandra Moore,Yes,"4466 Nostrand Ave, Brooklyn, NY"
VO9K3SW6KH,2024-04-27,Aquafina Water,Beverage,1.99,20oz,8,Susan Smith,No,
18X2TMYZJ2,2024-09-20,Italian Cheese Bread,Sides,6.49,Regular,1,William Anderson,Yes,"6833 Nostrand Ave, Brooklyn, NY"
302C74N0CD,2024-07-08,Deep Dish Cheese,Pizza,11.49,Regular,2,James Moore,Yes,"4802 Court St, Brooklyn, NY"
M1Y7TO4MTP,2024-10-09,Veggie Pizza,Pizza,12.49,Large,4,Anthony Brown,No,
YDYCVSYRPF,2024-04-19,Supreme Pizza,Pizza,13.99,Large,4,Patricia Garcia,Yes,"2479 Atlantic Ave, Brooklyn, NY"
I72GJZ1780,2024-09-29,Buffalo Wings,Wings,9.49,8pc,7,Jessica Brown,No,
YWHB2F0Q15,2024-02-22,Crazy Bread Combo,Sides,5.99,Regular,4,Karen Anderson,Yes,"6498 Utica Ave, Brooklyn, NY"
UKXNK47SL7,2024-09-22,Classic Pepperoni Pizza,Pizza,9.49,Large,7,Lisa Rodriguez,Yes,"4695 Utica Ave, Brooklyn, NY"
C89HVELD52,2024-01-01,ExtraMostBestest Pepperoni,Pizza,10.49,Large,3,Jessica Gonzalez,Yes,"3035 Court St, Brooklyn, NY"
C8AK2IVD8D,2024-04-13,Italian Cheese Bread,Sides,6.49,Regular,7,Richard Martinez,No,
QBUN9P1F9W,2024-12-08,Veggie Pizza,Sides,12.49,Large,8,Mark,No,
J757PR7PBB,2024-03-18,Caesar Wings,Wings,8.99,8pc,3,Joseph Wilson,Yes,"4858 Nostrand Ave, Brooklyn, NY"
R14Y8M7XWY,2024-10-16,Buffalo Wings,Wings,9.49,8pc,3,Ashley Taylor,Yes,"5888 Nostrand Ave, Brooklyn, NY"
IHSCXCNC49,2024-08-29,Crazy Bread Combo,Sides,5.99,Regular,1,Ashley Taylor,No,
757957K4VB,2024-02-24,2 Liter Pepsi,Beverage,3.29,2L,3,Betty Williams,No,
56Z99ENFIE,2024-08-23,Caesar Wings,Wings,8.99,8pc,3,Joseph Wilson,Yes,"8395 Nostrand Ave, Brooklyn, NY"
GVGMSYI60Q,2024-04-28,Aquafina Water,Beverage,1.99,20oz,6,Susan Davis,Yes,"8446 Fulton St, Brooklyn, NY"
TF1WZ4LDHT,2024-12-24,2 Liter Diet Pepsi,Beverage,3.29,2L,6,Donald Brown,No,
4BR2FXV8JD,2024-06-12,Classic Cheese Pizza,Pizza,8.99,Large,7,David Martinez,No,
KRNQQFO6UM,2024-02-20,Crazy Bread Combo,Sides,5.99,Regular,4,Anthony Lopez,Yes,"6992 Fulton St, Brooklyn, NY"
OF5CDFM3N5,2024-05-10,Supreme Pizza,Pizza,13.99,Large,3,Patricia Garcia,Yes,"7903 Utica Ave, Brooklyn, NY"
JC9RTOR3PI,2024-01-27,Italian Cheese Bread,Sides,6.49,Regular,8,Thomas Jackson,No,
29LDVVOC7P,2024-11-07,Veggie Pizza,Pizza,12.49,Large,2,Nancy Jackson,Yes,"202 Kings Hwy, Brooklyn, NY"
0AWSRPXCYE,2024-03-23,Caesar Wings,Wings,8.99,8pc,6,Mary Martin,Yes,"6030 Flatbush Ave, Brooklyn, NY"
JD3TTET59R,2024-05-28,Italian Cheese Bread,Sides,6.49,Regular,3,Linda Jackson,No,
4J0HA0W7FO,2024-02-19,ExtraMostBestest Cheese,Pizza,10.49,Large,4,Lisa Anderson,Yes,"3268 Flatbush Ave, Brooklyn, NY"
H1YGLVXF5U,2024-01-12,3 Meat Treat Pizza,Pizza,12.99,Large,4,Susan Williams,Yes,"8312 Nostrand Ave, Brooklyn, NY"
IODILH4EBC,2024-06-26,ExtraMostBestest Pepperoni,Pizza,10.49,Large,4,David Taylor,No,
FEW012O78D,2024-11-23,Classic Cheese Pizza,Pizza,8.99,Large,4,Jessica Miller,No,
CY445AZD30,2024-08-14,Classic Cheese Pizza,Pizza,8.99,Large,3,Barbara Johnson,Yes,"871 Utica Ave, Brooklyn, NY"
PVK8R6DDJD,2024-02-08,ExtraMostBestest Cheese,Pizza,10.49,Large,1,Joseph Hernandez,No,
V3Q580K5WW,2024-07-14,Classic Pepperoni Pizza,Pizza,9.49,Large,6,John Johnson,No,
P7N4497YSL,2024-04-03,Classic Cheese Pizza,Pizza,8.99,Large,2,Lisa Martinez,No,
C3O8K2BAHZ,2024-02-21,Deep Dish Cheese,Pizza,11.49,Regular,3,James Anderson,Yes,"1490 Fulton St, Brooklyn, NY"
U67PA3LJQL,2024-10-14,ExtraMostBestest Cheese,Wings,10.49,Large,4,John Hernandez,No,
VMVZD3T7G6,2024-06-01,Italian Cheese Bread,Sides,6.49,Regular,5,Linda Jackson,No,
7OCHE392WS,2024-11-26,2 Liter Pepsi,Beverage,3.29,2L,3,Charles Martin,Yes,"5624 Bedford Ave, Brooklyn, NY"
VAOGLV1ONO,2024-10-03,Classic Cheese Pizza,Pizza,8.99,Large,4,Sandra Jackson,Yes,"8693 Eastern Pkwy, Brooklyn, NY"
QQUAXJEA93,2024-01-01,ExtraMostBestest Cheese,Pizza,10.49,Large,4,Donald Garcia,No,
HCYFE49KAT,2024-12-13,3 Meat Treat Pizza,Pizza,12.99,Large,6,Michael Thomas,No,
3CBZ2DLF7G,2024-06-11,Italian Cheese Bread,Sides,6.49,Regular,4,Elizabeth Rodriguez,Yes,"7469 Utica Ave, Brooklyn, NY"
PVIM2QZZJZ,2024-12-13,Veggie Pizza,Pizza,12.49,Large,9,Jessica Hernandez,Yes,
YOZROSSSS2,2024-12-03,2 Liter Pepsi,Beverage,3.29,2L,2,James Moore,Yes,"1875 Atlantic Ave, Brooklyn, NY"
46JCTH7JHC,2024-08-26,ExtraMostBestest Pepperoni,Pizza,10.49,Large,4,Robert Lopez,Yes,"7483 Atlantic Ave, Brooklyn, NY"
43ST1HCQ0T,2024-09-24,2 Liter Pepsi,Beverage,3.29,2L,3,Thomas Anderson,Yes,"1491 Flatbush Ave, Brooklyn, NY"
H3RXNDDZTP,2024-06-17,Crazy Bread Combo,Sides,5.99,Regular,6,Richard Martin,Yes,"2107 Bedford Ave, Brooklyn, NY"
JP5P4NJKW3,2024-04-11,ExtraMostBestest Pepperoni,Pizza,10.49,Large,1,Anthony Thomas,No,
CFV0QXKLR5,2024-11-26,Deep Dish Cheese,Pizza,11.49,,1,William Jackson,No,
2FQRG1R81X,2024-12-08,Italian Cheese Bread,Sides,6.49,Regular,4,John Martin,No,
E768NU7TR9,2024-07-06,Classic Pepperoni Pizza,Pizza,9.49,Large,4,Elizabeth Martin,Yes,"8609 Ocean Pkwy, Brooklyn, NY"
G8GN7GR6LV,2024-01-22,Crazy Bread Combo,Sides,5.99,Regular,3,Jennifer Moore,No,
WORLEWUHDR,2024-07-09,Crazy Bread,Sides,4.99,Regular,3,Jessica Brown,No,
S40OBADPH2,2024-11-06,Aquafina Water,Beverage,1.99,20oz,1,Charles Martinez,Yes,"5025 Atlantic Ave, Brooklyn, NY"
OLMOW99W1R,2024-09-18,Veggie Pizza,Pizza,12.49,Large,1,Richard Davis,No,
C2MG5R7XIV,2024-06-07,Aquafina Water,Beverage,1.99,20oz,2,Elizabeth Jackson,Yes,"6033 Flatbush Ave, Brooklyn, NY"
1NT0JGIRB0,2024-03-19,Crazy Bread,Sides,4.99,Regular,2,John Moore,No,
WB5YHEXLDX,2024-06-12,2 Liter Pepsi,Beverage,3.29,2L,10,Mark Thomas,Yes,"2484 Church Ave, Brooklyn, NY"
D0Z7K6XK3G,2024-06-30,2 Liter Diet Pepsi,Beverage,3.29,2L,9,Linda Smith,No,
GIPT3JMJ0L,2024-04-25,Supreme Pizza,Pizza,13.99,Large,3,Matthew Taylor,Yes,"2350 Court St, Brooklyn, NY"
HYNYW45RMI,2024-06-05,ExtraMostBestest Pepperoni,Pizza,10.49,Large,2,Jessica,No,
MD5DWDT62I,2024-02-09,Crazy Bread,Sides,4.99,Regular,1,Sandra Wilson,Yes,"1965 Bedford Ave, Brooklyn, NY"
WEB9Q8TGEP,2024-03-26,ExtraMostBestest Cheese,Pizza,10.49,Large,3,Anthony Moore,Yes,"3472 Kings Hwy, Brooklyn, NY"
SQ8UDGUL2C,2024-07-22,Aquafina Water,Beverage,1.99,20oz,8,Karen Martin,Yes,"7974 Flatbush Ave, Brooklyn, NY"
YEZCI7AOLH,2024-03-06,Aquafina Water,Beverage,1.99,20oz,3,James Jackson,Yes,"3213 Kings Hwy, Brooklyn, NY"
KZYJOL5GON,2024-11-03,Classic Pepperoni Pizza,Pizza,9.49,Large,10,Lisa Moore,No,
GUH9WI538H,2024-08-29,Mountain Dew 2 Liter,Beverage,3.29,2L,6,Elizabeth Anderson,Yes,"342 Flatbush Ave, Brooklyn, NY"
0EBDXWR04W,2024-11-26,Deep Dish Pepperoni,Pizza,11.99,Regular,2,Karen Smith,No,
KYFBP4QY4P,2024-12-30,Mountain Dew 2 Liter,Beverage,3.29,2L,4,Mark Brown,No,
0IRJ51GYA7,2024-02-22,Buffalo Wings,Wings,9.49,8pc,1,Michael Williams,Yes,"5178 Kings Hwy, Brooklyn, NY"
28905HO2CC,2024-04-10,Buffalo Wings,Wings,9.49,8pc,2,Joseph Lopez,No,
VPB32WTAU3,2024-08-30,Crazy Bread Combo,Sides,5.99,Regular,4,Ashley Thomas,No,
FKAJJ2GANO,2024-03-05,Deep Dish Cheese,Pizza,11.49,Regular,2,Linda Hernandez,No,
ZUIDVJPS1F,2024-08-12,ExtraMostBestest Cheese,Pizza,10.49,Large,4,Daniel Jones,Yes,"6716 Atlantic Ave, Brooklyn, NY"
R2Y79LYQP2,2024-12-06,Buffalo Wings,Wings,9.49,8pc,4,Barbara Brown,No,
2QIKQUGBGX,2024-08-09,Deep Dish Cheese,Pizza,11.49,Regular,3,Mark Anderson,Yes,"2722 Fulton St, Brooklyn, NY"
933E2QT53B,2024-07-04,Deep Dish Pepperoni,Pizza,11.99,Regular,2,William Garcia,Yes,"2214 Eastern Pkwy, Brooklyn, NY"
HITCUMM7PF,2024-01-26,Italian Cheese Bread,Sides,6.49,Regular,2,Ashley Thomas,Yes,"3389 Flatbush Ave, Brooklyn, NY"
FWYB51PCME,2024-03-04,Classic Pepperoni Pizza,Pizza,9.49,Large,1,Barbara Martinez,Yes,"9861 Court St, Brooklyn, NY"
JMOV3WOYSX,2024-05-08,3 Meat Treat Pizza,Pizza,12.99,Large,4,Betty Williams,Yes,"4565 Bedford Ave, Brooklyn, NY"
PVPAZA6XAM,2024-06-14,Classic Pepperoni Pizza,Pizza,9.49,Large,6,James Miller,Yes,"6535 Bedford Ave, Brooklyn, NY"
7ML55D6Z98,2024-05-01,Crazy Bread,Sides,4.99,Regular,1,William Martin,Yes,"3182 Church Ave, Brooklyn, NY"
5IHL2TJHG1,2024-11-20,Classic Cheese Pizza,Pizza,8.99,Large,1,Linda Rodriguez,Yes,"3903 Coney Island Ave, Brooklyn, NY"
NQXAR3JDX5,2024-05-16,ExtraMostBestest Pepperoni,Pizza,10.49,Large,3,Susan Brown,Yes,"9685 Church Ave, Brooklyn, NY"
RV3B2AYA4Y,2024-01-15,Aquafina Water,Beverage,1.99,20oz,4,Robert Lopez,Yes,"8991 Atlantic Ave, Brooklyn, NY"
NP2E0BND25,2024-11-13,Italian Cheese Bread,Sides,6.49,Regular,4,Daniel Martinez,Yes,"7389 Flatbush Ave, Brooklyn, NY"
IMTBBWE28E,2024-03-18,Classic Pepperoni Pizza,Pizza,9.49,Large,3,Thomas Lopez,Yes,"9701 Fulton St, Brooklyn, NY"
OW7N4ZDHYV,2024-02-22,Classic Cheese Pizza,Pizza,8.99,Large,3,Karen Johnson,Yes,"1889 Bedford Ave, Brooklyn, NY"
C5L3UQ03JW,2024-08-26,3 Meat Treat Pizza,Pizza,12.99,Large,1,Charles Davis,Yes,"2197 Atlantic Ave, Brooklyn, NY"
X74XUTZ7JC,2024-10-19,Crazy Bread,Sides,4.99,Regular,4,Mark Davis,Yes,"683 Kings Hwy, Brooklyn, NY"
FU3CEGSA1T,2024-10-19,Supreme Pizza,Pizza,13.99,Large,5,Joseph Miller,Yes,"4705 Bedford Ave, Brooklyn, NY"
MCMNNK6A2P,2024-08-25,Classic Cheese Pizza,Pizza,8.99,2L,5,Joseph Lopez,No,
XDCOS516XE,2024-02-12,2 Liter Pepsi,Beverage,3.29,2L,4,David Davis,Yes,"7593 Fulton St, Brooklyn, NY"
WOOETQ0DAU,2024-04-02,ExtraMostBestest Cheese,Pizza,10.49,Large,2,Donald Martinez,No,
XT3CNRY587,2024-08-31,Classic Cheese Pizza,Pizza,8.99,Large,7,Donald Thomas,Yes,"5982 Eastern Pkwy, Brooklyn, NY"
G5S93S8DYD,2024-04-27,Crazy Bread,Sides,4.99,Regular,7,James Gonzalez,Yes,"9756 Utica Ave, Brooklyn, NY"
V7IXLLJO7W,2024-06-16,Classic Pepperoni Pizza,Pizza,9.49,Large,6,John Johnson,No,
LZ3Z72R5I1,2024-04-08,ExtraMostBestest Cheese,Pizza,10.49,Large,1,Richard Miller,Yes,"7369 Nostrand Ave, Brooklyn, NY"
C67958VP4G,2024-07-29,Deep Dish Pepperoni,Pizza,11.99,Regular,1,Matthew Martinez,No,
O7S473QFJ4,2024-02-06,ExtraMostBestest Cheese,Pizza,10.49,Regular,3,Robert Martin,Yes,"6209 Kings Hwy, Brooklyn, NY"
9DF5IKLEYC,2024-09-28,Classic Pepperoni Pizza,Pizza,9.49,Large,5,Mary Taylor,Yes,"2365 Nostrand Ave, Brooklyn, NY"
NDAZ54QYGK,2024-06-03,2 Liter Pepsi,Beverage,3.29,2L,2,Mark Rodriguez,No,
A6F70RTCVY,2024-07-31,Classic Cheese Pizza,Pizza,8.99,Large,2,Daniel Moore,No,
9S0GD5N0GU,2024-11-05,Classic Pepperoni Pizza,Pizza,9.49,Large,1,William Gonzalez,Yes,"8504 Eastern Pkwy, Brooklyn, NY"
IXFZZ9ASKY,2024-06-12,Supreme Pizza,Pizza,13.99,Large,8,Patricia Miller,No,
C79RZC0FLA,2024-06-01,Crazy Bread Combo,Sides,5.99,Regular,6,Anthony Brown,Yes,"8760 Flatbush Ave, Brooklyn, NY"
U7CDCAIPD1,2024-04-14,Crazy Bread,Sides,4.99,Regular,6,Betty Gonzalez,No,
BQ7969EC0F,2024-07-26,Crazy Bread,Sides,4.99,Regular,4,Betty Martin,Yes,"9763 Coney Island Ave, Brooklyn, NY"
SKLT7XEOEN,2024-03-04,Buffalo Wings,Wings,9.49,8pc,4,Joseph Davis,Yes,"6704 Bedford Ave, Brooklyn, NY"
8R29FMSH9Y,2024-05-07,Buffalo Wings,Wings,9.49,8pc,4,Lisa Taylor,Yes,"4461 Ocean Pkwy, Brooklyn, NY"
6GUUHRZWI2,2024-09-08,Classic Cheese Pizza,Pizza,8.99,Large,7,William Garcia,No,
F0OJT5LPXN,2024-06-06,3 Meat Treat Pizza,Pizza,12.99,Large,2,Michael Smith,No,
KE9MOVBX2A,2024-03-01,Aquafina Water,Beverage,1.99,20oz,2,Richard Gonzalez,No,
GILM0WH8ZA,2024-01-30,Deep Dish Cheese,Pizza,11.49,Regular,4,Mark Lopez,No,
Z2HAWC0NBA,2024-10-13,Classic Pepperoni Pizza,Pizza,9.49,Large,8,Donald Taylor,Yes,"1011 Coney Island Ave, Brooklyn, NY"
9AL8JUW5UD,2024-06-05,Supreme Pizza,Pizza,13.99,Large,1,David Jones,Yes,"8212 Ocean Pkwy, Brooklyn, NY"
C7PBGEP9LZ,2024-03-02,Deep Dish Cheese,Pizza,11.49,Regular,8,Matthew Johnson,No,
TZO8XUDOF8,2024-11-01,Veggie Pizza,Pizza,12.49,Large,2,Sandra Rodriguez,Yes,"5053 Nostrand Ave, Brooklyn, NY"
RRYJ72TUXI,2024-02-29,Buffalo Wings,Wings,9.49,8pc,1,Richard Moore,No,
BHDCGZF2UM,2024-05-10,Crazy Bread,Sides,4.99,Regular,1,Matthew Taylor,Yes,"6781 Bedford Ave, Brooklyn, NY"
AFT2C4ZWBM,2024-04-19,Mountain Dew 2 Liter,Beverage,3.29,2L,2,Richard Garcia,Yes,"7047 Coney Island Ave, Brooklyn, NY"
TO0SS35AY7,2024-07-11,Classic Pepperoni Pizza,Pizza,9.49,Large,1,Robert Anderson,Yes,"4266 Utica Ave, Brooklyn, NY"
3UDGCJT8OS,2024-03-20,Crazy Bread Combo,Sides,5.99,Regular,4,Nancy Taylor,Yes,"1890 Utica Ave, Brooklyn, NY"
R3MFZK852W,2024-06-11,Classic Pepperoni Pizza,Pizza,9.49,Large,7,Charles Martin,No,
D2A1HJWUF2,2024-10-04,Classic Cheese Pizza,Pizza,8.99,Large,1,Jennifer Martin,Yes,"9854 Coney Island Ave, Brooklyn, NY"
LO9W04Q2WZ,2024-11-13,Aquafina Water,Beverage,1.99,20oz,4,Sandra,Yes,"8228 Fulton St, Brooklyn, NY"
30MDINIS3I,2024-01-04,Aquafina Water,Beverage,1.99,,3,Charles Hernandez,Yes,"9123 Flatbush Ave, Brooklyn, NY"
KCB9XCQFU0,2024-03-24,Classic Cheese Pizza,Pizza,8.99,Large,8,Susan Martin,No,
BX838B5IH7,2024-03-31,Veggie Pizza,Pizza,12.49,Large,9,Joseph Johnson,Yes,"5691 Eastern Pkwy, Brooklyn, NY"
GOH7X6I9CC,2024-10-30,Caesar Wings,Wings,8.99,8pc,3,Barbara Johnson,Yes,"4759 Fulton St, Brooklyn, NY"
1OPDSN5GFO,2024-07-01,ExtraMostBestest Cheese,Pizza,10.49,Large,4,Daniel Gonzalez,No,
KFCMDZ47FP,2024-05-06,Aquafina Water,Beverage,1.99,20oz,3,Robert Rodriguez,Yes,"2523 Eastern Pkwy, Brooklyn, NY"
T1S1HVDIYR,2024-05-01,Crazy Bread,Sides,4.99,Regular,4,Jessica Miller,Yes,"8214 Flatbush Ave, Brooklyn, NY"
EG7L4CEZDJ,2024-08-18,ExtraMostBestest Cheese,Pizza,10.49,Large,7,Karen Gonzalez,Yes,"8119 Flatbush Ave, Brooklyn, NY"
F3ZSGESKGE,2024-03-20,ExtraMostBestest Pepperoni,Pizza,10.49,Large,3,John Martin,Yes,"2335 Fulton St, Brooklyn, NY"
VIP0BQCND5,2024-10-19,Classic Pepperoni Pizza,Pizza,9.49,Large,6,Sandra Rodriguez,No,
F3K8HPKLYY,2024-08-26,Crazy Bread,Sides,4.99,Regular,3,Mary Johnson,No,
1CKJ1EMKYE,2024-04-23,2 Liter Pepsi,Beverage,3.29,2L,2,Charles Hernandez,Yes,"4687 Ocean Pkwy, Brooklyn, NY"
1C7QYJ0U28,2024-06-24,Classic Cheese Pizza,Pizza,8.99,Large,8,Barbara Moore,No,
F81UHYXFWV,2024-12-26,ExtraMostBestest Cheese,Pizza,10.49,Large,3,Mark Miller,Yes,"995 Court St, Brooklyn, NY"
CAJKJI7UBT,2024-05-07,Crazy Bread,Sides,4.99,Regular,2,Daniel Taylor,Yes,"5438 Bedford Ave, Brooklyn, NY"
UL7Z66FNSS,2024-07-29,ExtraMostBestest Cheese,Pizza,10.49,Large,3,Linda Gonzalez,Yes,"3521 Ocean Pkwy, Brooklyn, NY"
XPQ6E2RC1A,2024-04-18,Classic Cheese Pizza,Pizza,8.99,Large,2,Jennifer Martin,Yes,"1535 Coney Island Ave, Brooklyn, NY"
SSXRJ9IORY,2024-01-24,Deep Dish Pepperoni,Pizza,11.99,Regular,4,Thomas Taylor,No,
NBG9RFGXJ6,2024-01-07,Supreme Pizza,Pizza,13.99,Large,7,Mark Jones,Yes,"6733 Fulton St, Brooklyn, NY"
UUETN1AUS9,2024-01-19,Italian Cheese Bread,Sides,6.49,Regular,2,Robert Martin,Yes,"2586 Coney Island Ave, Brooklyn, NY"
VCG8MEL61G,2024-02-01,2 Liter Diet Pepsi,Beverage,3.29,2L,2,Elizabeth Martinez,Yes,"9904 Coney Island Ave, Brooklyn, NY"
M71WHH5E3S,2024-12-18,Deep Dish Pepperoni,Pizza,11.99,Regular,7,Mary Garcia,No,
YK89C2SYOW,2024-08-26,2 Liter Pepsi,Beverage,3.29,2L,5,Karen Taylor,Yes,"8355 Eastern Pkwy, Brooklyn, NY"
K4C8QYDQ4J,2024-02-06,Crazy Bread Combo,Sides,5.99,Regular,2,Charles Wilson,Yes,"4613 Bedford Ave, Brooklyn, NY"
E72OEIH4YD,2024-08-05,Classic Pepperoni Pizza,Pizza,9.49,Large,3,Donald Martin,No,
HRLFVWHWGA,2024-10-24,Veggie Pizza,Pizza,12.49,Large,1,Elizabeth Thomas,Yes,"2402 Eastern Pkwy, Brooklyn, NY"
R4OJ0J0DWM,2024-09-01,ExtraMostBestest Cheese,Pizza,10.49,Large,7,Robert Wilson,Yes,"2253 Eastern Pkwy, Brooklyn, NY"
KAGDHBSAKF,2024-11-08,Caesar Wings,Wings,8.99,8pc,1,Susan Smith,Yes,"2023 Eastern Pkwy, Brooklyn, NY"
HX0YS7GEJF,2024-02-06,2 Liter Pepsi,Beverage,3.29,2L,4,Mark Taylor,Yes,"1760 Bedford Ave, Brooklyn, NY"
90OKMSAYJC,2024-11-29,3 Meat Treat Pizza,Pizza,12.99,Large,4,Susan Jones,Yes,"452 Fulton St, Brooklyn, NY"
8WG0INP4VU,2024-05-18,Classic Pepperoni Pizza,Pizza,9.49,Large,7,Mark Wilson,Yes,"9872 Church Ave, Brooklyn, NY"
W45SEADDU8,2024-06-01,ExtraMostBestest Cheese,Pizza,10.49,Large,6,Betty Hernandez,Yes,"2095 Nostrand Ave, Brooklyn, NY"
U6Q74VPAK2,2024-02-05,ExtraMostBestest Pepperoni,Pizza,10.49,Large,1,John Jones,No,
OSYJFZ2VI3,2024-04-29,Classic Cheese Pizza,Pizza,8.99,Large,2,Joseph Martinez,Yes,"6103 Kings Hwy, Brooklyn, NY"
FQHDCSWQ0Y,2024-02-21,Mountain Dew 2 Liter,Beverage,3.29,2L,3,Daniel Garcia,Yes,"3324 Utica Ave, Brooklyn, NY"
U14DT1N5JQ,2024-09-01,Classic Pepperoni Pizza,Pizza,9.49,Large,5,Ashley Martin,Yes,"9691 Ocean Pkwy, Brooklyn, NY"
ZMTVC9Z076,2024-05-28,Caesar Wings,Wings,8.99,8pc,2,Daniel Anderson,Yes,"9094 Kings Hwy, Brooklyn, NY"
S1BUJLZ84G,2024-12-04,Classic Pepperoni Pizza,Pizza,9.49,Large,4,Jessica Anderson,Yes,"6125 Kings Hwy, Brooklyn, NY"
2GNG9O25RJ,2024-08-28,Classic Cheese Pizza,Pizza,8.99,Large,4,Sandra Jackson,Yes,"1396 Bedford Ave, Brooklyn, NY"
87OXEF4A5P,2024-08-20,2 Liter Pepsi,Beverage,3.29,2L,5,John Wilson,Yes,"321 Fulton St, Brooklyn, NY"
5QAXNZIW3K,2024-06-11,ExtraMostBestest Cheese,Pizza,10.49,Large,6,William Smith,No,
VIHY401GW7,2024-06-02,Classic Pepperoni Pizza,Pizza,9.49,Large,9,Charles Smith,Yes,"2564 Court St, Brooklyn, NY"
DHEXHIGD6B,2024-12-19,Veggie Pizza,Pizza,12.49,Large,4,William Johnson,Yes,"3673 Court St, Brooklyn, NY"
8HYRYI0C3T,2024-03-12,3 Meat Treat Pizza,Pizza,12.99,Large,2,Barbara Jackson,Yes,"523 Eastern Pkwy, Brooklyn, NY"
5QBOOQKSC4,2024-10-26,Crazy Bread,Sides,4.99,Regular,9,James Hernandez,Yes,"8578 Court St, Brooklyn, NY"
722E4HQ46V,2024-11-16,Deep Dish Pepperoni,Pizza,11.99,Regular,5,William Anderson,Yes,"4876 Eastern Pkwy, Brooklyn, NY"
NSCUIECHZS,2024-02-20,Deep Dish Cheese,Pizza,11.49,Regular,4,Charles Anderson,Yes,"5535 Fulton St, Brooklyn, NY"
U08WM20USX,2024-02-04,Crazy Bread,Sides,4.99,Regular,9,James Martin,No,
QW64JOCIX4,2024-06-27,Crazy Bread,Sides,4.99,Regular,6,Mark Martinez,Yes,"4915 Fulton St, Brooklyn, NY"
C54X6RL5QR,2024-03-27,Mountain Dew 2 Liter,Beverage,3.29,2L,4,Sandra Hernandez,No,
BMK9AL7TNG,2024-03-23,2 Liter Pepsi,Beverage,3.29,2L,7,Thomas Wilson,No,
ZWDYKM7O1I,2024-12-26,Italian Cheese Bread,Sides,6.49,Regular,6,Elizabeth Rodriguez,Yes,"6570 Atlantic Ave, Brooklyn, NY"
9HRKAWFBAL,2024-01-04,Classic Pepperoni Pizza,Pizza,9.49,Large,1,Daniel Garcia,Yes,"6737 Kings Hwy, Brooklyn, NY"
EUPMSWRX65,2024-10-08,Italian Cheese Bread,Pizza,6.49,Regular,4,Jennifer Gonzalez,Yes,"9430 Nostrand Ave, Brooklyn, NY"
4BX9524SMG,2024-08-04,2 Liter Pepsi,Beverage,3.29,2L,6,Michael Rodriguez,Yes,"8207 Ocean Pkwy, Brooklyn, NY"
86UUMA2F7U,2024-01-08,3 Meat Treat Pizza,Pizza,12.99,Large,4,Michael Jackson,Yes,"525 Flatbush Ave, Brooklyn, NY"
I9695R4FM3,2024-02-17,Classic Cheese Pizza,Pizza,8.99,Large,7,James Martinez,Yes,"9703 Coney Island Ave, Brooklyn, NY"
2TNPM7C239,2024-06-24,Deep Dish Pepperoni,Pizza,11.99,Regular,8,Matthew Garcia,No,
F3YS9VRCGY,2024-05-20,Supreme Pizza,Pizza,13.99,Large,3,Robert Smith,No,
YQGFTGXQ70,2024-01-30,3 Meat Treat Pizza,Pizza,12.99,Large,3,Anthony Taylor,Yes,"1978 Flatbush Ave, Brooklyn, NY"
30TB8TVD9S,2024-08-14,Classic Pepperoni Pizza,Pizza,9.49,Large,3,Nancy Smith,Yes,"2873 Court St, Brooklyn, NY"
1UKCOVRXIT,2024-10-02,Deep Dish Cheese,Pizza,11.49,Regular,1,Robert Anderson,Yes,"5492 Utica Ave, Brooklyn, NY"
8JNRJS556D,2024-02-06,ExtraMostBestest Pepperoni,Pizza,10.49,Large,2,Betty Davis,Yes,"9634 Flatbush Ave, Brooklyn, NY"
ALQF7YZQNO,2024-02-19,2 Liter Diet Pepsi,Beverage,3.29,2L,4,Betty Thomas,Yes,"9947 Flatbush Ave, Brooklyn, NY"
GJ0VV8HJN1,2024-05-04,2 Liter Diet Pepsi,Beverage,3.29,2L,10,Susan Jones,Yes,"1759 Court St, Brooklyn, NY"
AVWR5T9L1O,2024-07-28,Caesar Wings,Wings,8.99,8pc,6,William Brown,Yes,"3545 Flatbush Ave, Brooklyn, NY"
2BAQMRPOQS,2024-01-13,Deep Dish Pepperoni,Pizza,11.99,Regular,7,James Anderson,Yes,"7624 Atlantic Ave, Brooklyn, NY"
E8AJMWRO4X,2024-06-02,Crazy Bread Combo,Sides,5.99,Regular,6,Richard Garcia,Yes,"7339 Utica Ave, Brooklyn, NY"
77DXP82G4Q,2024-01-30,Caesar Wings,Wings,8.99,8pc,3,James Gonzalez,No,
BWQNXF6HYD,2024-11-18,Deep Dish Cheese,Pizza,11.49,Regular,2,Anthony Rodriguez,Yes,"9093 Flatbush Ave, Brooklyn, NY"
YQ187QEMTK,2024-04-26,2 Liter Diet Pepsi,Beverage,3.29,2L,3,Sandra Hernandez,Yes,"7484 Court St, Brooklyn, NY"
1NMIHIE233,2024-09-01,Mountain Dew 2 Liter,Beverage,3.29,2L,8,John Johnson,No,
N3UTG1CVYL,2024-01-13,Supreme Pizza,Pizza,13.99,Large,4,Daniel Lopez,Yes,"7601 Nostrand Ave, Brooklyn, NY"
ARYQ3DE0AU,2024-02-06,2 Liter Diet Pepsi,Beverage,3.29,2L,2,Thomas Anderson,No,
A3L6SO282D,2024-05-20,Classic Cheese Pizza,Pizza,8.99,Large,1,John Johnson,Yes,"8928 Coney Island Ave, Brooklyn, NY"
URZ5MTILEJ,2024-03-12,Mountain Dew 2 Liter,Beverage,3.29,2L,3,William Rodriguez,No,
NYZQV4NT30,2024-02-12,Crazy Bread,Sides,4.99,Regular,4,Charles Garcia,Yes,"9011 Eastern Pkwy, Brooklyn, NY"
ELEDK7X27E,2024-12-18,Deep Dish Pepperoni,Pizza,11.99,Regular,9,Matthew Martinez,Yes,"6340 Nostrand Ave, Brooklyn, NY"
0Q8XTP8AZQ,2024-03-15,Classic Cheese Pizza,Pizza,8.99,Large,1,Mark Hernandez,Yes,"5376 Ocean Pkwy, Brooklyn, NY"
PCNUIGEGR7,2024-07-06,3 Meat Treat Pizza,Pizza,12.99,Large,7,Jessica Martin,No,
CKYDVITEQI,2024-06-23,3 Meat Treat Pizza,Pizza,12.99,Large,5,Nancy Thomas,No,
3V5QENHSWD,2024-01-09,ExtraMostBestest Pepperoni,Pizza,10.49,Large,3,Charles Garcia,Yes,"4861 Coney Island Ave, Brooklyn, NY"
OFVHDVMWY6,2024-01-14,Classic Pepperoni Pizza,Pizza,9.49,Large,4,Anthony Wilson,Yes,"1003 Eastern Pkwy, Brooklyn, NY"
ZIEYH3Z8U5,2024-06-28,2 Liter Diet Pepsi,Beverage,3.29,2L,7,Lisa Hernandez,No,
Y3PBWE9CL2,2024-06-07,Classic Cheese Pizza,Pizza,8.99,Large,4,James Williams,Yes,"3826 Ocean Pkwy, Brooklyn, NY"
HO0N2NOFYR,2024-11-21,Crazy Bread,Sides,4.99,Regular,4,Sandra Johnson,Yes,"1121 Nostrand Ave, Brooklyn, NY"
TOVRBQ3K9D,2024-03-12,ExtraMostBestest Cheese,Pizza,10.49,Large,4,Susan Moore,Yes,"5076 Flatbush Ave, Brooklyn, NY"
WBOS8IM3OL,2024-01-09,2 Liter Diet Pepsi,Beverage,3.29,2L,2,Donald Miller,Yes,"8375 Bedford Ave, Brooklyn, NY"
QO5FD6MEAU,2024-03-31,3 Meat Treat Pizza,Pizza,12.99,Large,5,Richard Brown,Yes,"728 Nostrand Ave, Brooklyn, NY"
VWUL6RL9DT,2024-06-19,2 Liter Diet Pepsi,Beverage,3.29,2L,8,Linda Jackson,No,
R3WD5RPIZE,2024-07-10,3 Meat Treat Pizza,Pizza,12.99,Large,4,Patricia Gonzalez,No,
AE814WKYUT,2024-09-14,Deep Dish Cheese,Pizza,11.49,Regular,7,Patricia Martinez,No,
IX7QSX3ZYW,2024-10-05,Deep Dish Pepperoni,Pizza,11.99,Regular,6,James Jackson,Yes,"8212 Eastern Pkwy, Brooklyn, NY"
3K9ODU1LVN,2024-04-04,Supreme Pizza,Pizza,13.99,Large,4,Karen Taylor,No,
DYDNRB3DM4,2024-02-04,Italian Cheese Bread,Sides,6.49,Regular,6,Matthew Martinez,Yes,"4295 Eastern Pkwy, Brooklyn, NY"
M10Z8M0E59,2024-01-30,Classic Cheese Pizza,Pizza,8.99,Large,4,Thomas Lopez,Yes,"7740 Coney Island Ave, Brooklyn, NY"
J02LVRZND8,2024-03-12,Caesar Wings,Wings,8.99,8pc,3,Karen Moore,No,
W11WGXQSRL,2024-09-12,ExtraMostBestest Pepperoni,Pizza,10.49,Large,3,Jennifer Miller,Yes,"6115 Court St, Brooklyn, NY"
V7Q82EMYOV,2024-08-14,Crazy Bread,Beverage,4.99,Regular,3,William Wilson,Yes,"5404 Utica Ave, Brooklyn, NY"
99LJE80UQX,2024-09-12,Deep Dish Pepperoni,Pizza,11.99,Regular,3,Charles Davis,Yes,"4772 Court St, Brooklyn, NY"
FN3L68EV4E,2024-05-12,Classic Cheese Pizza,Pizza,8.99,Large,7,Karen Gonzalez,No,
WQ3UHZKXFZ,2024-10-27,Supreme Pizza,Pizza,13.99,Large,7,Patricia Taylor,Yes,"7553 Bedford Ave, Brooklyn, NY"
AFUXAMOI74,2024-02-21,Crazy Bread,Sides,4.99,Regular,1,Mary Johnson,Yes,"4425 Fulton St, Brooklyn, NY"
OT6N9BR0T4,2024-10-23,Classic Cheese Pizza,Pizza,8.99,Large,4,Joseph Williams,Yes,"9007 Bedford Ave, Brooklyn, NY"
YT91GTUFEM,2024-02-07,Deep Dish Pepperoni,Pizza,11.99,Regular,4,William Miller,No,
KBVWTT6MZB,2024-05-19,Caesar Wings,Wings,8.99,8pc,6,Nancy Hernandez,No,
URMWW5HPTM,2024-11-16,Crazy Bread,Sides,4.99,Regular,5,Lisa Jackson,Yes,"8996 Court St, Brooklyn, NY"
ZYQX095MNS,2024-05-24,Deep Dish Cheese,Pizza,11.49,Regular,3,Jessica Taylor,Yes,"9013 Coney Island Ave, Brooklyn, NY"
QPWHTYZJPI,2024-03-26,Crazy Bread Combo,Sides,5.99,Regular,2,Donald Jackson,Yes,"6638 Eastern Pkwy, Brooklyn, NY"
9WYGXJEXUJ,2024-03-13,Crazy Bread Combo,Sides,5.99,Regular,1,Barbara Martinez,No,
T3KI0V2AWB,2024-03-17,Deep Dish Cheese,Pizza,11.49,Regular,8,Thomas Johnson,Yes,"5525 Utica Ave, Brooklyn, NY"
0IALS1JAV8,2024-03-15,ExtraMostBestest Cheese,Pizza,10.49,Large,4,Matthew Hernandez,Yes,"1794 Coney Island Ave, Brooklyn, NY"
ODKPXGQIXO,2024-03-21,ExtraMostBestest Cheese,Pizza,10.49,Large,1,Jennifer Jackson,No,
NV0GUA8F66,2024-12-04,Crazy Bread Combo,Sides,5.99,Regular,4,William Smith,No,
2TCWK4QCK5,2024-05-08,Classic Cheese Pizza,Pizza,8.99,Large,4,Anthony Lopez,Yes,"2632 Flatbush Ave, Brooklyn, NY"
CSOR34CUHZ,2024-04-05,Crazy Bread,Sides,4.99,Regular,4,Nancy Anderson,Yes,"686 Flatbush Ave, Brooklyn, NY"
0NFFRTXS6Y,2024-04-13,Classic Cheese Pizza,Pizza,8.99,Large,10,Ashley Miller,Yes,"7053 Nostrand Ave, Brooklyn, NY"
JXUDV6PHFS,2024-08-25,Italian Cheese Bread,Sides,6.49,Regular,7,Mark Thomas,Yes,"2685 Coney Island Ave, Brooklyn, NY"
NMWNPNQA55,2024-12-04,2 Liter Diet Pepsi,Beverage,3.29,2L,2,Betty Williams,Yes,"8466 Flatbush Ave, Brooklyn, NY"
N986K947MC,2024-09-03,2 Liter Diet Pepsi,Beverage,3.29,2L,3,Karen Anderson,Yes,"9021 Nostrand Ave, Brooklyn, NY"
7I4AD8R92J,2024-12-12,Crazy Bread,Sides,4.99,Regular,7,Nancy Taylor,Yes,"2880 Church Ave, Brooklyn, NY"
RWNIE7YVL5,2024-03-21,Deep Dish Pepperoni,Pizza,11.99,Regular,4,Karen Garcia,Yes,"5069 Fulton St, Brooklyn, NY"
TDUJIZTLKW,2024-10-09,Classic Cheese Pizza,Pizza,8.99,Large,4,Betty Brown,Yes,"966 Court St, Brooklyn, NY"
D5S9WHR92N,2024-08-25,Buffalo Wings,Wings,9.49,8pc,6,Anthony Miller,Yes,"7274 Kings Hwy, Brooklyn, NY"
9BLND4YYY1,2024-12-11,Deep Dish Cheese,Pizza,11.49,Regular,10,David Smith,Yes,
04T76PIV6R,2024-12-01,3 Meat Treat Pizza,Pizza,12.99,Large,5,Anthony Thomas,Yes,
BJRDHQXAHS,2024-05-04,Classic Pepperoni Pizza,Pizza,9.49,Large,10,Thomas Anderson,Yes,"8283 Eastern Pkwy, Brooklyn, NY"
FEMJ2XJG1G,2024-09-05,2 Liter Pepsi,Beverage,3.29,2L,1,Lisa Lopez,Yes,"5856 Kings Hwy, Brooklyn, NY"
IFRPU63YRX,2024-03-29,Caesar Wings,Wings,8.99,8pc,3,Robert Hernandez,No,
WGIYQKQ2YS,2024-12-01,ExtraMostBestest Pepperoni,Pizza,10.49,Large,4,Joseph Moore,Yes,"602 Utica Ave, Brooklyn, NY"
H87D72O201,2024-01-24,Mountain Dew 2 Liter,Beverage,3.29,2L,2,Richard Williams,No,
GE6V7QWQEV,2024-05-27,Deep Dish Cheese,Pizza,11.49,2L,3,Betty Garcia,Yes,"3949 Coney Island Ave, Brooklyn, NY"
4U7WJ0VYSD,2024-01-09,Italian Cheese Bread,Pizza,6.49,Regular,4,Anthony Garcia,Yes,"1242 Flatbush Ave, Brooklyn, NY"
IBCB0FLABE,2024-02-02,Buffalo Wings,Wings,9.49,8pc,2,Betty Moore,Yes,"9818 Bedford Ave, Brooklyn, NY"
IWEIRKRIM9,2024-01-01,Classic Pepperoni Pizza,Pizza,9.49,Large,3,James Anderson,No,
6R1TD8DFA8,2024-03-08,Crazy Bread,Sides,4.99,Regular,4,Charles Thomas,Yes,"673 Utica Ave, Brooklyn, NY"
H7D7J8G5AT,2024-07-20,ExtraMostBestest Cheese,Pizza,10.49,Large,5,Patricia Davis,Yes,"4970 Flatbush Ave, Brooklyn, NY"
Z5NUOTRB5E,2024-09-16,Crazy Bread,Sides,4.99,Regular,3,Jennifer Moore,Yes,"8320 Flatbush Ave, Brooklyn, NY"
WA0CUY6TIW,2024-08-25,Classic Pepperoni Pizza,Pizza,9.49,Large,4,Nancy Moore,No,
6MMDRQ8TQV,2024-12-30,Classic Pepperoni Pizza,Pizza,9.49,Large,7,Anthony Garcia,Yes,"4804 Coney Island Ave, Brooklyn, NY"
7RYPZLVCFB,2024-01-22,Classic Pepperoni Pizza,Pizza,9.49,Large,3,Ashley Rodriguez,No,
OWWSA1T4DS,2024-08-21,Crazy Bread,Sides,4.99,Regular,1,Ashley Anderson,No,
O8PWIU2EZ0,2024-11-05,Deep Dish Pepperoni,Pizza,11.99,Regular,3,Mark Hernandez,No,
OQRXTM0766,2024-03-14,Crazy Bread,Sides,4.99,Regular,1,Michael Jackson,Yes,"8572 Bedford Ave, Brooklyn, NY"
PH40DPMXWO,2024-11-13,Caesar Wings,Wings,8.99,8pc,4,Thomas Anderson,Yes,"8598 Atlantic Ave, Brooklyn, NY"
V5ZO0KX7FM,2024-12-20,Classic Cheese Pizza,Pizza,8.99,Large,7,Daniel Garcia,No,
2JLTFCS08V,2024-02-25,2 Liter Diet Pepsi,Beverage,3.29,2L,5,Jennifer Williams,Yes,"1475 Church Ave, Brooklyn, NY"
GUFI389PPQ,2024-03-05,Italian Cheese Bread,Sides,6.49,Regular,1,Matthew Williams,Yes,"3266 Church Ave, Brooklyn, NY"
K98Q89FYCY,2024-11-28,Crazy Bread,Sides,4.99,Regular,1,Elizabeth Jones,Yes,"7941 Coney Island Ave, Brooklyn, NY"
1XUHDGD23W,2024-01-19,Supreme Pizza,Pizza,13.99,Large,3,Karen Smith,Yes,"6545 Flatbush Ave, Brooklyn, NY"
MA1NN1O8SI,2024-08-29,Veggie Pizza,Pizza,12.49,Large,4,Sandra Williams,Yes,"6688 Utica Ave, Brooklyn, NY"
1GEIEZYRBZ,2024-11-19,Aquafina Water,Beverage,1.99,20oz,4,Betty Williams,Yes,"9253 Eastern Pkwy, Brooklyn, NY"
0IRVO9MAWO,2024-06-07,ExtraMostBestest Pepperoni,Pizza,10.49,Large,4,Charles Jackson,No,
KAVFAMFOMR,2024-08-07,Classic Cheese Pizza,Pizza,8.99,Large,3,Karen Miller,No,
OQI19NDRVU,2024-10-12,Classic Cheese Pizza,Pizza,8.99,Large,5,John Davis,Yes,"4964 Church Ave, Brooklyn, NY"
YSSEXVR29I,2024-04-16,ExtraMostBestest Pepperoni,Pizza,10.49,Large,1,James Hernandez,Yes,"3634 Atlantic Ave, Brooklyn, NY"
GSXY7JOA9W,2024-02-24,Classic Pepperoni Pizza,Pizza,9.49,Large,7,William Martin,Yes,"1862 Atlantic Ave, Brooklyn, NY"
IHLY9QBW1L,2024-08-06,Classic Cheese Pizza,Pizza,8.99,Large,1,Thomas Jones,No,
GAW3SVE6OP,2024-10-05,Crazy Bread,Sides,4.99,Regular,7,Sandra Anderson,Yes,"6677 Kings Hwy, Brooklyn, NY"
7AHCZKCHUA,2024-06-20,Classic Pepperoni Pizza,Pizza,9.49,Large,10,Anthony Jackson,No,
LC669PSH82,2024-04-14,ExtraMostBestest Cheese,Pizza,10.49,Large,5,Sarah Miller,Yes,"6004 Utica Ave, Brooklyn, NY"
J01V1PJZL7,2024-02-20,3 Meat Treat Pizza,Pizza,12.99,Large,2,Jessica Jackson,No,
ZK96NZ3LGV,2024-12-14,Classic Cheese Pizza,Pizza,8.99,Large,3,Betty Hernandez,No,
DBFN2EYBQM,2024-03-21,Crazy Bread,Sides,4.99,Regular,2,David Jones,No,
36H4VJXOTM,2024-04-13,Classic Cheese Pizza,Pizza,8.99,Large,6,Betty Williams,Yes,"5084 Church Ave, Brooklyn, NY"
HUMVLVE98Q,2024-12-05,Classic Pepperoni Pizza,Pizza,9.49,Large,4,Barbara Jackson,No,
JRUAFD4KUC,2024-12-25,ExtraMostBestest Pepperoni,Pizza,10.49,Large,10,Donald Johnson,Yes,"6471 Nostrand Ave, Brooklyn, NY"
XHY2A9P94Y,2024-06-24,Mountain Dew 2 Liter,Beverage,3.29,2L,10,Patricia Miller,Yes,"7694 Nostrand Ave, Brooklyn, NY"
903KLTD3YG,2024-07-03,Deep Dish Pepperoni,Pizza,11.99,Regular,1,Karen Davis,No,
KXB4OF37CQ,2024-01-12,Buffalo Wings,Wings,9.49,8pc,4,John Martin,Yes,"5285 Flatbush Ave, Brooklyn, NY"
ZXRQ0WPBMW,2024-11-08,Veggie Pizza,Pizza,12.49,Large,1,Betty Moore,No,
YYJCVOHAJ3,2024-03-06,2 Liter Diet Pepsi,Beverage,3.29,2L,4,John Brown,Yes,"9233 Nostrand Ave, Brooklyn, NY"
4D0MLKTOBY,2024-11-06,Crazy Bread Combo,Sides,5.99,Regular,4,Mary Jones,Yes,"5305 Utica Ave, Brooklyn, NY"
1GFL29K2UH,2024-09-10,Caesar Wings,Wings,8.99,8pc,3,Mary Martin,Yes,"2672 Kings Hwy, Brooklyn, NY"
G12BE2LI51,2024-09-20,Deep Dish Cheese,Pizza,11.49,Regular,3,Sandra Jones,No,
LRJ8DUD51M,2024-07-19,Deep Dish Cheese,Pizza,11.49,Regular,2,Daniel Martin,Yes,"6774 Church Ave, Brooklyn, NY"
2O7X55PCAJ,2024-06-04,Deep Dish Cheese,Pizza,11.49,Regular,1,Mary Wilson,No,
N2FJK8M8Q9,2024-10-10,Caesar Wings,Wings,8.99,8pc,1,Robert Johnson,Yes,"9117 Flatbush Ave, Brooklyn, NY"
ELLZA0FEAG,2024-09-27,ExtraMostBestest Pepperoni,Pizza,10.49,Large,1,Karen Davis,No,
CSOAAZDJBH,2024-08-28,Aquafina Water,Beverage,1.99,20oz,6,Jennifer Davis,Yes,"5047 Kings Hwy, Brooklyn, NY"
DNYZR8Y7SP,2024-02-19,2 Liter Diet Pepsi,Beverage,3.29,2L,2,Nancy Johnson,No,
31JOYK0KRN,2024-07-26,Deep Dish Pepperoni,Pizza,11.99,Regular,2,Matthew Gonzalez,No,
WVC79QZC4S,2024-12-05,ExtraMostBestest Cheese,Pizza,10.49,Large,4,Jennifer Garcia,No,
MNQH52R695,2024-08-25,2 Liter Pepsi,Beverage,3.29,2L,9,Sarah Anderson,Yes,"5498 Eastern Pkwy, Brooklyn, NY"
7LOBQZ847D,2024-05-30,Deep Dish Pepperoni,Pizza,11.99,Regular,1,Thomas Smith,Yes,"8925 Atlantic Ave, Brooklyn, NY"
3PD1JGUOIQ,2024-05-15,Classic Cheese Pizza,Pizza,8.99,Large,4,Nancy Rodriguez,Yes,"5196 Flatbush Ave, Brooklyn, NY"
5Y7FELHDZH,2024-01-18,2 Liter Diet Pepsi,Beverage,3.29,2L,3,Betty Garcia,Yes,"1461 Eastern Pkwy, Brooklyn, NY"
XS8DQE05LV,2024-06-28,Crazy Bread,Sides,4.99,Regular,6,Joseph Brown,Yes,"571 Ocean Pkwy, Brooklyn, NY"
ZKXBXI4OBS,2024-03-24,3 Meat Treat Pizza,Pizza,12.99,Large,8,John Thomas,Yes,"2607 Coney Island Ave, Brooklyn, NY"
0QAB7UR8WO,2024-02-24,Classic Cheese Pizza,Pizza,8.99,Large,6,Donald Thomas,Yes,"4846 Utica Ave, Brooklyn, NY"
N3OT5931TK,2024-03-04,ExtraMostBestest Pepperoni,Pizza,10.49,Large,4,Ashley Johnson,No,
DP5RO8Q88M,2024-06-08,Crazy Bread,Sides,4.99,Regular,6,Karen Taylor,Yes,"4565 Utica Ave, Brooklyn, NY"
L8YPYRRAN8,2024-05-18,Classic Pepperoni Pizza,Pizza,9.49,Large,6,John Williams,No,
LM2OR8GT5E,2024-10-10,Deep Dish Pepperoni,Pizza,11.99,Regular,2,Linda Martinez,No,
WIZ9AD5Y2P,2024-02-03,Classic Pepperoni Pizza,Pizza,9.49,Large,5,Nancy Taylor,No,
YVIU8XLCK8,2024-03-20,Crazy Bread,Sides,4.99,Regular,4,Anthony Moore,No,
KJE8JN8UH2,2024-11-08,3 Meat Treat Pizza,Pizza,12.99,Large,1,Michael Martin,Yes,"7237 Atlantic Ave, Brooklyn, NY"
RQ8K98Y27B,2024-02-17,ExtraMostBestest Cheese,Pizza,10.49,Large,9,Karen Rodriguez,No,
XY8DSS13VJ,2024-10-04,Veggie Pizza,Pizza,12.49,Large,1,Thomas Hernandez,Yes,"1900 Court St, Brooklyn, NY"
108YJPPVBQ,2024-11-28,Deep Dish Cheese,Pizza,11.49,Regular,3,Robert Brown,Yes,"1439 Eastern Pkwy, Brooklyn, NY"
V3Y076X6HJ,2024-07-11,Classic Cheese Pizza,Pizza,8.99,Large,1,Ashley Miller,No,
A2OC8I0PLK,2024-07-14,Classic Pepperoni Pizza,Pizza,9.49,Large,5,Jennifer Williams,No,
IJ6NLOCE8X,2024-09-06,Classic Cheese Pizza,Pizza,8.99,Large,4,Thomas Lopez,Yes,"7820 Coney Island Ave, Brooklyn, NY"
7E4TI3I5AQ,2024-05-20,Supreme Pizza,Pizza,13.99,Large,4,Barbara Martin,Yes,"8254 Eastern Pkwy, Brooklyn, NY"
D8WKDEF2MG,2024-11-09,Classic Pepperoni Pizza,Pizza,9.49,Large,10,John Gonzalez,Yes,"3837 Ocean Pkwy, Brooklyn, NY"
G1AWZVWOBR,2024-06-05,ExtraMostBestest Cheese,Pizza,10.49,Regular,1,Jennifer Martinez,No,
8EICFARYUL,2024-05-12,Deep Dish Cheese,Pizza,11.49,Regular,6,Jennifer Miller,Yes,"8080 Fulton St, Brooklyn, NY"
CVTZ4PB7Z9,2024-11-17,Crazy Bread Combo,Sides,5.99,Regular,7,Robert Rodriguez,No,
OE9VU90ZCQ,2024-07-09,ExtraMostBestest Pepperoni,Pizza,10.49,Large,1,Jennifer Davis,Yes,"5825 Fulton St, Brooklyn, NY"
WG5742LO67,2024-10-11,ExtraMostBestest Cheese,Pizza,10.49,Large,1,Matthew Davis,Yes,"2218 Eastern Pkwy, Brooklyn, NY"
96US5DSP6W,2024-10-17,Veggie Pizza,Pizza,12.49,Large,2,Nancy Williams,Yes,"5836 Kings Hwy, Brooklyn, NY"
E37TD542V8,2024-11-11,Caesar Wings,Wings,8.99,8pc,2,Nancy Martin,Yes,"9456 Church Ave, Brooklyn, NY"
VR2BKQG774,2024-04-18,ExtraMostBestest Pepperoni,Pizza,10.49,Large,4,Lisa Martinez,No,
AWJ4SCKSC6,2024-02-23,2 Liter Pepsi,Beverage,3.29,2L,1,William Johnson,Yes,"1257 Coney Island Ave, Brooklyn, NY"
VNR3LSDXJC,2024-03-27,Buffalo Wings,Wings,9.49,8pc,1,John Taylor,Yes,"4257 Church Ave, Brooklyn, NY"
R81P04DV0U,2024-04-04,ExtraMostBestest Pepperoni,Pizza,10.49,Large,2,Robert Taylor,Yes,"3906 Ocean Pkwy, Brooklyn, NY"
XM9KPJ588N,2024-03-26,3 Meat Treat Pizza,Pizza,12.99,Large,4,Ashley Miller,No,
0NA7G8IVEY,2024-08-04,2 Liter Diet Pepsi,Beverage,3.29,2L,9,David Davis,Yes,"8279 Utica Ave, Brooklyn, NY"
7KWAOO7L4C,2024-06-07,ExtraMostBestest Pepperoni,Pizza,10.49,Large,2,Richard Wilson,Yes,"5024 Kings Hwy, Brooklyn, NY"
JKL9BLXGWS,2024-09-05,Supreme Pizza,Pizza,13.99,Large,2,James Jones,No,
VI8PJ6NK9F,2024-01-11,2 Liter Pepsi,Beverage,3.29,2L,2,Lisa Rodriguez,No,
RE6HDE8OM9,2024-07-25,Mountain Dew 2 Liter,Beverage,3.29,2L,6,Mark Jackson,Yes,"9659 Fulton St, Brooklyn, NY"
BC23I4S41P,2024-10-07,Crazy Bread,Sides,4.99,Regular,1,James Johnson,Yes,"8784 Atlantic Ave, Brooklyn, NY"
IE5D6KO8ZS,2024-10-22,Deep Dish Pepperoni,Pizza,11.99,Regular,4,Lisa Jones,Yes,"3943 Bedford Ave, Brooklyn, NY"
RPMHE7H03U,2024-03-26,Mountain Dew 2 Liter,Beverage,3.29,2L,1,Elizabeth Moore,Yes,"2542 Nostrand Ave, Brooklyn, NY"
9PK5RJJTD1,2024-08-14,Veggie Pizza,Pizza,12.49,Large,1,Daniel Jackson,Yes,"3929 Nostrand Ave, Brooklyn, NY"
EDO8SDXAM7,2024-11-19,ExtraMostBestest Cheese,Pizza,10.49,Large,4,Anthony Lopez,Yes,
1LOAP1KFV4,2024-04-24,Crazy Bread,Sides,4.99,Regular,1,Barbara Hernandez,Yes,"5976 Nostrand Ave, Brooklyn, NY"
3IF9FMKHR6,2024-10-17,2 Liter Pepsi,Beverage,3.29,2L,4,Betty Johnson,Yes,"6892 Fulton St, Brooklyn, NY"
6WFYTJU0ZB,2024-08-08,ExtraMostBestest Cheese,Pizza,10.49,Large,3,Jessica Martinez,Yes,"2352 Coney Island Ave, Brooklyn, NY"
XNX1XH4CWU,2024-07-13,2 Liter Diet Pepsi,Beverage,3.29,2L,8,Daniel Smith,Yes,"1667 Kings Hwy, Brooklyn, NY"
JSO8LX2U6Y,2024-05-01,Crazy Bread,Sides,4.99,Regular,3,James Williams,Yes,"9989 Kings Hwy, Brooklyn, NY"
ZNZGBLQK6G,2024-12-28,ExtraMostBestest Pepperoni,Pizza,10.49,Large,8,Ashley Jackson,No,
RT4FQGIWAO,2024-05-19,ExtraMostBestest Pepperoni,Pizza,10.49,Large,6,John Taylor,No,
WE7R4HNAQB,2024-03-07,Classic Cheese Pizza,Pizza,8.99,Large,4,Patricia Garcia,Yes,"5926 Flatbush Ave, Brooklyn, NY"
ZCFNKLXJHS,2024-03-18,Buffalo Wings,Wings,9.49,8pc,1,Nancy Martinez,No,
A23S8W6RUT,2024-01-07,Buffalo Wings,Wings,9.49,8pc,5,John Wilson,No,
ER45VGED9O,2024-02-10,ExtraMostBestest Pepperoni,Pizza,10.49,Large,7,Robert Hernandez,No,
BSI4WOBX7H,2024-01-20,ExtraMostBestest Cheese,Pizza,10.49,Large,8,Thomas Lopez,No,
MYJB939XX9,2024-09-11,ExtraMostBestest Cheese,Pizza,10.49,Large,4,Patricia Moore,No,
0WF6RD6RT3,2024-03-27,Buffalo Wings,Wings,9.49,8pc,3,Michael Hernandez,No,
MLF1BDSHC9,2024-05-08,3 Meat Treat Pizza,Pizza,12.99,Large,3,Susan Thomas,No,
WTFMSJBW9Y,2024-09-11,Mountain Dew 2 Liter,Beverage,3.29,2L,1,Matthew Hernandez,Yes,"5952 Coney Island Ave, Brooklyn, NY"
Z6MU2OKJLN,2024-06-25,Deep Dish Cheese,Pizza,11.49,Regular,5,Lisa Moore,No,
YPQR0VBUQI,2024-05-28,Deep Dish Cheese,Pizza,11.49,Regular,4,Sandra Rodriguez,Yes,"5281 Court St, Brooklyn, NY"
MMEVI1O5UC,2024-06-26,Supreme Pizza,Pizza,13.99,Large,8,Patricia Martin,No,
5Q94UJX9TK,2024-10-26,Veggie Pizza,Pizza,12.49,Large,7,Joseph Jones,Yes,"4191 Eastern Pkwy, Brooklyn, NY"
BUQF5O1JLZ,2024-08-15,Crazy Bread,Sides,4.99,Regular,3,John Brown,Yes,"3576 Church Ave, Brooklyn, NY"
0GQIR3SPFO,2024-01-09,ExtraMostBestest Cheese,Pizza,10.49,Large,2,Susan Smith,Yes,"2132 Utica Ave, Brooklyn, NY"
4XPAAKH0IM,2024-11-12,Classic Pepperoni Pizza,Pizza,9.49,Large,1,Matthew Anderson,Yes,"1437 Fulton St, Brooklyn, NY"
MR1FDFEHC8,2024-02-24,Aquafina Water,Wings,1.99,20oz,3,Betty Anderson,Yes,"7819 Flatbush Ave, Brooklyn, NY"
5GPAF7W0JY,2024-09-26,ExtraMostBestest Pepperoni,Pizza,10.49,Large,1,Sandra Johnson,No,
41F92P2FAG,2024-02-07,Deep Dish Pepperoni,Pizza,11.99,Regular,3,Richard Jones,No,
8DNBC1H84Y,2024-09-25,Deep Dish Pepperoni,Pizza,11.99,Regular,1,Barbara Anderson,Yes,"5880 Atlantic Ave, Brooklyn, NY"
10OA83Z725,2024-08-11,Classic Cheese Pizza,Pizza,8.99,Large,6,Richard Lopez,No,
PZDFYMEM3S,2024-04-18,Mountain Dew 2 Liter,Beverage,3.29,2L,4,Jennifer Brown,No,
UJ1IAHBYQR,2024-10-04,Classic Cheese Pizza,Pizza,8.99,Large,2,Mary Garcia,Yes,"262 Atlantic Ave, Brooklyn, NY"
O1K3HW6QGL,2024-02-03,2 Liter Pepsi,Beverage,3.29,2L,7,Mary Lopez,Yes,"4356 Kings Hwy, Brooklyn, NY"
1EQGMDVKOK,2024-09-18,Veggie Pizza,Pizza,12.49,Large,2,William Hernandez,Yes,"2247 Atlantic Ave, Brooklyn, NY"
OBSHO8R3PX,2024-07-17,Buffalo Wings,Wings,9.49,8pc,2,Barbara Hernandez,Yes,"2553 Nostrand Ave, Brooklyn, NY"
KD1QDJFZAL,2024-08-29,Classic Cheese Pizza,Pizza,8.99,Large,4,Susan Martin,Yes,"9030 Utica Ave, Brooklyn, NY"
5PTNY89V8V,2024-02-13,ExtraMostBestest Cheese,Pizza,10.49,Large,2,William Jackson,Yes,"3931 Utica Ave, Brooklyn, NY"
OPDOLXCOMI,2024-03-30,Crazy Bread Combo,Sides,5.99,Regular,4,Betty Johnson,Yes,"9726 Coney Island Ave, Brooklyn, NY"
OG7Y2NE8BQ,2024-11-15,Aquafina Water,Beverage,1.99,20oz,1,Sandra Brown,No,
PPVEREQJ4A,2024-03-26,Supreme Pizza,Pizza,13.99,Large,1,Sarah Miller,No,
A4PDEOMBW6,2024-04-01,Classic Pepperoni Pizza,Pizza,9.49,Large,4,Richard Anderson,No,
DNUDM0R9UD,2024-07-24,Crazy Bread,Sides,4.99,Regular,1,Sarah Brown,Yes,"3407 Church Ave, Brooklyn, NY"
8WDCY03LT2,2024-12-11,Classic Pepperoni Pizza,Pizza,9.49,Large,10,Robert Moore,Yes,"7350 Ocean Pkwy, Brooklyn, NY"
L3BX7KIGFV,2024-04-04,ExtraMostBestest Pepperoni,Pizza,10.49,Large,1,Patricia Moore,Yes,
X3L64VYVJ0,2024-05-30,ExtraMostBestest Cheese,Pizza,10.49,Large,2,William Martinez,No,
P6VCKY6KDJ,2024-12-18,Italian Cheese Bread,Sides,6.49,Regular,6,Charles Davis,Yes,"3604 Coney Island Ave, Brooklyn, NY"
6I7D1NVP77,2024-04-10,ExtraMostBestest Cheese,Pizza,10.49,Large,4,Matthew Hernandez,Yes,"8036 Atlantic Ave, Brooklyn, NY"
24YL5DIU32,2024-09-28,Classic Pepperoni Pizza,Pizza,9.49,Large,5,Matthew Smith,No,
BON24M3Z5A,2024-12-27,Italian Cheese Bread,Pizza,6.49,Regular,6,Thomas Jones,Yes,"5910 Eastern Pkwy, Brooklyn, NY"
RARV0GK7JV,2024-06-03,Italian Cheese Bread,Sides,6.49,Regular,3,Donald Moore,No,
M7M1P1MD97,2024-08-14,Deep Dish Pepperoni,Pizza,11.99,Regular,4,Mary Anderson,Yes,"6298 Flatbush Ave, Brooklyn, NY"
C73IEKZ9L8,2024-08-09,Crazy Bread Combo,Sides,5.99,Regular,4,David Gonzalez,Yes,"4634 Church Ave, Brooklyn, NY"
XAYU0G5XU1,2024-06-29,2 Liter Diet Pepsi,Beverage,3.29,2L,5,Matthew Brown,Yes,"8492 Eastern Pkwy, Brooklyn, NY"
HU52AXTZB8,2024-07-20,3 Meat Treat Pizza,Pizza,12.99,Large,8,Jennifer Taylor,Yes,"9915 Flatbush Ave, Brooklyn, NY"
3QKSOG16RS,2024-04-29,Crazy Bread,Sides,4.99,Regular,4,Nancy Davis,Yes,"393 Flatbush Ave, Brooklyn, NY"
Q5J70AM1GP,2024-12-19,Classic Cheese Pizza,Pizza,8.99,Large,10,Joseph Jones,No,
38Z9Q0O7JS,2024-09-27,Aquafina Water,Beverage,1.99,20oz,2,David Thomas,Yes,"206 Coney Island Ave, Brooklyn, NY"
GTUMP1LMCP,2024-12-15,Veggie Pizza,Pizza,12.49,Large,6,Matthew Jones,No,
ZN2JHISBRV,2024-10-27,ExtraMostBestest Cheese,Pizza,10.49,Large,4,Ashley Martin,Yes,"1028 Ocean Pkwy, Brooklyn, NY"
5E4YWZSD2X,2024-03-29,Veggie Pizza,Pizza,12.49,Large,3,Joseph Hernandez,Yes,"7082 Ocean Pkwy, Brooklyn, NY"
MC0PG87XVL,2024-10-15,Caesar Wings,Wings,8.99,8pc,2,William Jackson,No,
V0TJH9ASB5,2024-04-29,Italian Cheese Bread,Sides,6.49,Regular,3,Sarah Taylor,Yes,"7119 Kings Hwy, Brooklyn, NY"
A8526ABCBA,2024-01-27,Classic Pepperoni Pizza,Pizza,9.49,Large,5,Daniel Johnson,Yes,"2555 Coney Island Ave, Brooklyn, NY"
0VU2FFOWOZ,2024-09-27,Classic Cheese Pizza,Pizza,8.99,Large,2,Matthew Gonzalez,No,
A3685MHN77,2024-06-07,ExtraMostBestest Cheese,Pizza,10.49,Large,3,Matthew Thomas,Yes,"4444 Flatbush Ave, Brooklyn, NY"
3W6RCXXYP0,2024-04-13,Deep Dish Pepperoni,Pizza,11.99,Regular,6,Joseph Thomas,No,
AY4RGIM8DG,2024-06-13,Veggie Pizza,Pizza,12.49,Large,10,Sandra Williams,Yes,"6645 Court St, Brooklyn, NY"
XWZNU8MI15,2024-12-24,Crazy Bread,Sides,4.99,Regular,4,Thomas Taylor,No,
UFXFEML31X,2024-01-08,ExtraMostBestest Pepperoni,Pizza,10.49,Large,3,Karen Jackson,Yes,"6458 Kings Hwy, Brooklyn, NY"
9GNV0KHKVX,2024-04-06,Italian Cheese Bread,Sides,6.49,Regular,7,Robert Hernandez,Yes,"7943 Fulton St, Brooklyn, NY"
6R469FRFFM,2024-06-22,Classic Cheese Pizza,Pizza,8.99,Large,7,Robert Davis,Yes,"9055 Bedford Ave, Brooklyn, NY"
MRI2XFLZKX,2024-08-19,Aquafina Water,Beverage,1.99,20oz,5,Mark Lopez,Yes,"1222 Flatbush Ave, Brooklyn, NY"
NYKDMK3800,2024-02-07,Deep Dish Cheese,Pizza,11.49,Regular,1,Jessica Lopez,No,
GOEW2T5Z96,2024-01-10,Buffalo Wings,Wings,9.49,8pc,1,James Johnson,No,
D504QDUHU2,2024-01-20,3 Meat Treat Pizza,Pizza,12.99,Large,4,Matthew Lopez,No,
IQHEB4KZB9,2024-09-05,Classic Pepperoni Pizza,Pizza,9.49,Large,2,Richard Wilson,Yes,"7204 Ocean Pkwy, Brooklyn, NY"
AK33MUH4ZM,2024-05-25,2 Liter Pepsi,Beverage,3.29,2L,9,Jessica Rodriguez,Yes,"2188 Court St, Brooklyn, NY"
Z7SBF5PXHU,2024-08-19,Classic Pepperoni Pizza,Pizza,9.49,Large,2,Richard,Yes,"3043 Eastern Pkwy, Brooklyn, NY"
843PAQZKXE,2024-04-16,Caesar Wings,Wings,8.99,8pc,2,Joseph Rodriguez,Yes,"8371 Utica Ave, Brooklyn, NY"
08AJHCDF6M,2024-08-20,Classic Cheese Pizza,Pizza,8.99,Large,1,Barbara Jackson,Yes,"3888 Eastern Pkwy, Brooklyn, NY"
X8N1CM27Q3,2024-09-19,Supreme Pizza,Pizza,13.99,Large,3,Richard Hernandez,Yes,"8197 Church Ave, Brooklyn, NY"
UXZPGR0061,2024-01-05,ExtraMostBestest Cheese,Pizza,10.49,Large,3,Sandra Lopez,No,
ODB5QPHB36,2024-06-14,Classic Cheese Pizza,Pizza,8.99,Large,10,Sandra Moore,No,
JOTWU2MYD1,2024-11-25,3 Meat Treat Pizza,Pizza,12.99,Large,3,Sarah Jackson,Yes,"9205 Atlantic Ave, Brooklyn, NY"
W92A6STMZX,2024-05-05,2 Liter Pepsi,Beverage,3.29,2L,10,James Rodriguez,Yes,"8394 Court St, Brooklyn, NY"
WAKGUP2QHA,2024-11-04,Classic Pepperoni Pizza,Pizza,9.49,Large,2,William Smith,No,
ZXWR5RFENK,2024-02-20,Classic Pepperoni Pizza,Pizza,9.49,Large,1,James Jackson,Yes,"7395 Kings Hwy, Brooklyn, NY"
LM3DZV3HRL,2024-02-10,2 Liter Diet Pepsi,Beverage,3.29,2L,7,Barbara Rodriguez,Yes,"3309 Church Ave, Brooklyn, NY"
MFRG63LHLQ,2024-10-10,Classic Cheese Pizza,Pizza,8.99,Large,1,Jennifer Thomas,Yes,
1QE7Y68UCK,2024-12-16,Deep Dish Cheese,Pizza,11.49,Regular,3,Elizabeth Moore,Yes,"279 Fulton St, Brooklyn, NY"
D2NK6T27QG,2024-04-25,ExtraMostBestest Cheese,Pizza,10.49,Large,2,Thomas Jackson,Yes,"4409 Eastern Pkwy, Brooklyn, NY"
9JSEH3WBYG,2024-08-11,ExtraMostBestest Pepperoni,Pizza,10.49,Large,8,Sandra Hernandez,Yes,"2052 Court St, Brooklyn, NY"
R42QIERIOV,2024-09-23,ExtraMostBestest Pepperoni,Pizza,10.49,Large,3,Sandra Hernandez,Yes,"9947 Bedford Ave, Brooklyn, NY"
DT9AYBNLCT,2024-07-14,Deep Dish Pepperoni,Pizza,11.99,Regular,4,Linda Martin,Yes,"8725 Church Ave, Brooklyn, NY"
IW0E4LR377,2024-10-23,3 Meat Treat Pizza,Pizza,12.99,Large,4,David Moore,Yes,"9048 Fulton St, Brooklyn, NY"
EDGPGT33RX,2024-04-17,Classic Cheese Pizza,Pizza,8.99,Large,4,Richard Garcia,No,
XP3H071PGA,2024-10-05,Classic Cheese Pizza,Pizza,8.99,Large,9,Daniel Wilson,Yes,"5807 Bedford Ave, Brooklyn, NY"
BTE54JXYHD,2024-08-21,Classic Cheese Pizza,Pizza,8.99,Large,3,Sarah Miller,No,
2VDZIJ7Q7G,2024-10-21,Classic Pepperoni Pizza,Pizza,9.49,Large,1,Jennifer Rodriguez,Yes,"8455 Court St, Brooklyn, NY"
PI9ITJ1FMS,2024-07-07,Deep Dish Pepperoni,Pizza,11.99,Regular,7,Joseph Martinez,Yes,"6010 Atlantic Ave, Brooklyn, NY"
K9PWKWXXW6,2024-11-26,Mountain Dew 2 Liter,Beverage,3.29,2L,1,Charles Johnson,No,
Q45SOX931W,2024-01-04,Caesar Wings,Wings,8.99,8pc,2,Thomas Johnson,Yes,"4462 Coney Island Ave, Brooklyn, NY"
RGO9PV7Q40,2024-04-29,3 Meat Treat Pizza,Pizza,12.99,Large,2,William Hernandez,Yes,"2111 Ocean Pkwy, Brooklyn, NY"
98JDL7N1FE,2024-02-01,Crazy Bread,Sides,4.99,Regular,4,Nancy Johnson,Yes,"7901 Court St, Brooklyn, NY"
7CPM93UPP1,2024-05-20,Supreme Pizza,Pizza,13.99,Large,2,Daniel Anderson,No,
Y8CFDT7U5O,2024-04-23,ExtraMostBestest Pepperoni,Pizza,10.49,Large,4,Charles Davis,No,
WRGPIU6H66,2024-06-15,Classic Pepperoni Pizza,Pizza,9.49,Large,5,Jennifer Garcia,Yes,"1974 Flatbush Ave, Brooklyn, NY"
VS0JYVW8V5,2024-04-14,Classic Cheese Pizza,Pizza,8.99,Large,8,James Johnson,Yes,"2417 Church Ave, Brooklyn, NY"
9ET3WF0LUG,2024-07-24,Classic Pepperoni Pizza,Pizza,9.49,Large,1,Mary Moore,No,
88IFJI16GQ,2024-05-28,2 Liter Diet Pepsi,Beverage,3.29,2L,5,Jennifer Gonzalez,Yes,"1330 Utica Ave, Brooklyn, NY"
P4GBX4TVQY,2024-11-18,Classic Cheese Pizza,Pizza,8.99,Large,3,Lisa Moore,Yes,"3997 Church Ave, Brooklyn, NY"
X10IWTRNXX,2024-12-26,Classic Pepperoni Pizza,Pizza,9.49,Large,9,Barbara Jones,Yes,"346 Church Ave, Brooklyn, NY"
VDR8ALBFGA,2024-05-28,Crazy Bread,Sides,4.99,Regular,1,Donald Garcia,No,
SM6DS4PKBC,2024-04-29,Crazy Bread Combo,Sides,5.99,Regular,2,Charles Smith,No,
4MX8ZICNTR,2024-07-20,Buffalo Wings,Wings,9.49,8pc,6,Ashley Davis,Yes,"6106 Kings Hwy, Brooklyn, NY"
A0I988PCPA,2024-11-08,ExtraMostBestest Cheese,Pizza,10.49,Large,4,Ashley Gonzalez,Yes,"2566 Church Ave, Brooklyn, NY"
N4H1RCET35,2024-11-28,3 Meat Treat Pizza,Pizza,12.99,Large,1,James Garcia,Yes,
XMRTRTXD1P,2024-05-08,Italian Cheese Bread,Sides,6.49,Regular,2,Nancy Davis,Yes,"4676 Fulton St, Brooklyn, NY"
V5J7B0JWIF,2024-04-05,Italian Cheese Bread,Sides,6.49,Regular,4,Michael Gonzalez,No,
DB71KQ8X8V,2024-08-15,Deep Dish Cheese,Pizza,11.49,Regular,1,Sandra Gonzalez,No,
31L2SLXYMM,2024-09-26,2 Liter Pepsi,Beverage,3.29,2L,4,Michael Davis,Yes,"8264 Church Ave, Brooklyn, NY"
MRMQI3C37W,2024-10-12,Italian Cheese Bread,Sides,6.49,Regular,4,Linda Martin,No,
77JOYEAEAK,2024-10-27,Classic Pepperoni Pizza,Pizza,9.49,Large,7,Susan Lopez,Yes,"7503 Bedford Ave, Brooklyn, NY"
QQ9IQHD6VX,2024-03-22,ExtraMostBestest Cheese,Pizza,10.49,Large,3,Patricia Hernandez,Yes,"9040 Coney Island Ave, Brooklyn, NY"
0OWML9V3L1,2024-12-20,2 Liter Diet Pepsi,Beverage,3.29,2L,6,Susan Smith,Yes,"6961 Coney Island Ave, Brooklyn, NY"
NH94ALMX5B,2024-08-30,ExtraMostBestest Pepperoni,Pizza,10.49,Large,3,Betty Brown,Yes,"1766 Coney Island Ave, Brooklyn, NY"
3JX7EVC1N5,2024-04-13,Italian Cheese Bread,Sides,6.49,Regular,5,Ashley Moore,Yes,"8492 Eastern Pkwy, Brooklyn, NY"
EVZS1ZDFBV,2024-09-12,Crazy Bread,Sides,4.99,Regular,3,Susan Smith,Yes,
EDIG5VZLLL,2024-02-13,2 Liter Pepsi,Beverage,3.29,2L,2,Donald Miller,Yes,"2587 Utica Ave, Brooklyn, NY"
N2YH00VIYL,2024-05-23,Crazy Bread,Sides,4.99,Regular,2,Daniel Moore,No,
R0AC3VM2K5,2024-08-18,ExtraMostBestest Cheese,Pizza,10.49,Large,6,Linda Miller,Yes,"9216 Bedford Ave, Brooklyn, NY"
4QFOYANV5K,2024-03-01,Italian Cheese Bread,Sides,6.49,Regular,1,David Wilson,Yes,"4284 Bedford Ave, Brooklyn, NY"
1XS9QSZ4A1,2024-02-25,Deep Dish Pepperoni,Pizza,11.99,Regular,4,Michael Johnson,No,
RZHXKA7UAH,2024-03-16,Crazy Bread,Sides,4.99,Regular,10,Jennifer Martin,Yes,"934 Coney Island Ave, Brooklyn, NY"
BL2VGPMU51,2024-01-29,Supreme Pizza,Pizza,13.99,Large,3,William Garcia,Yes,"2220 Atlantic Ave, Brooklyn, NY"
Q4O724M9RA,2024-01-10,Mountain Dew 2 Liter,Beverage,3.29,2L,4,Ashley Jackson,Yes,"7102 Ocean Pkwy, Brooklyn, NY"
DPSIUYU5YW,2024-08-15,Classic Cheese Pizza,Pizza,8.99,Large,3,Charles Thomas,Yes,"4105 Nostrand Ave, Brooklyn, NY"
YJ4OQ5Q0LN,2024-07-11,2 Liter Pepsi,Beverage,3.29,2L,6,Mary Jackson,Yes,"9515 Flatbush Ave, Brooklyn, NY"
UZNQT7U4DW,2024-09-05,Caesar Wings,Wings,8.99,8pc,3,James Martinez,No,
5UOJDY08VM,2024-09-06,Classic Cheese Pizza,Pizza,8.99,Large,1,Richard Jackson,Yes,"4910 Coney Island Ave, Brooklyn, NY"
E6517JHX30,2024-05-22,2 Liter Pepsi,Beverage,3.29,2L,2,David Davis,No,
NLGV1OF6BC,2024-10-23,Classic Cheese Pizza,Pizza,8.99,Large,1,Michael Miller,Yes,"9249 Eastern Pkwy, Brooklyn, NY"
FYVWUUW4W2,2024-03-13,Crazy Bread,Sides,4.99,Regular,4,Jessica Wilson,No,
7AK6G0HENR,2024-12-31,Italian Cheese Bread,Sides,6.49,Regular,7,Anthony Gonzalez,Yes,"9539 Nostrand Ave, Brooklyn, NY"
RQD41PH3KK,2024-09-24,2 Liter Pepsi,Beverage,3.29,2L,4,Nancy Moore,Yes,"4080 Coney Island Ave, Brooklyn, NY"
CNEQCEPTQ9,2024-11-09,Crazy Bread Combo,Sides,5.99,Regular,3,John Martinez,Yes,"3020 Ocean Pkwy, Brooklyn, NY"
WWC8PH9MG0,2024-10-19,Crazy Bread,Sides,4.99,Regular,9,Thomas Taylor,Yes,"3478 Court St, Brooklyn, NY"
M1NOT8SIS9,2024-02-19,Classic Cheese Pizza,Pizza,8.99,Large,2,Jessica Brown,Yes,"2877 Court St, Brooklyn, NY"
9ZFE8DIY9D,2024-02-28,Supreme Pizza,Pizza,13.99,Large,1,Karen Moore,Yes,"4448 Utica Ave, Brooklyn, NY"
0QCPSTHERG,2024-06-22,Aquafina Water,Beverage,1.99,20oz,7,Karen Wilson,No,
PF3YZVU1LQ,2024-12-10,Classic Cheese Pizza,Pizza,8.99,Large,3,Ashley Thomas,No,
P3APX88GCQ,2024-10-11,Crazy Bread,Sides,4.99,Regular,2,James Miller,Yes,"5695 Flatbush Ave, Brooklyn, NY"
DARATN8SC1,2024-03-17,3 Meat Treat Pizza,Pizza,12.99,Large,4,Patricia Smith,Yes,
EFR6U2XKK5,2024-08-24,Classic Cheese Pizza,Pizza,8.99,Large,6,Joseph Garcia,No,
X73762G9SQ,2024-01-04,Classic Pepperoni Pizza,Pizza,9.49,Regular,3,Sandra Miller,Yes,"2861 Eastern Pkwy, Brooklyn, NY"
DQ449GDPOK,2024-11-17,Crazy Bread Combo,Sides,5.99,Regular,7,Sandra Thomas,Yes,"3484 Kings Hwy, Brooklyn, NY"
DET5L21IQL,2024-07-24,Classic Pepperoni Pizza,Pizza,9.49,Large,3,William Williams,Yes,"6826 Court St, Brooklyn, NY"
G3KC1AVEE1,2024-05-26,2 Liter Pepsi,Beverage,3.29,2L,8,Patricia Miller,Yes,"856 Ocean Pkwy, Brooklyn, NY"
UJKMC31OS3,2024-01-03,3 Meat Treat Pizza,Pizza,12.99,Large,3,Lisa Martinez,Yes,"1909 Flatbush Ave, Brooklyn, NY"
CAR5LA3UG7,2024-12-12,ExtraMostBestest Pepperoni,Pizza,10.49,Large,8,Matthew Lopez,No,
K033XBI2VX,2024-05-28,Crazy Bread Combo,Sides,5.99,Regular,4,Barbara Martinez,Yes,"7483 Bedford Ave, Brooklyn, NY"
JPBW9HKAFI,2024-10-31,Mountain Dew 2 Liter,Beverage,3.29,2L,4,Donald Garcia,No,
TR8JS5Y693,2024-01-09,Mountain Dew 2 Liter,Beverage,3.29,2L,1,Linda Jones,Yes,"1906 Atlantic Ave, Brooklyn, NY"
J0631JECCO,2024-02-11,Classic Pepperoni Pizza,Pizza,9.49,Large,5,Anthony Gonzalez,No,
K7J16OTUFS,2024-11-08,Classic Cheese Pizza,Pizza,8.99,Large,1,Jennifer Wilson,Yes,"715 Nostrand Ave, Brooklyn, NY"
1OY48FMVA6,2024-02-03,Classic Cheese Pizza,Pizza,8.99,Large,7,Jessica Davis,Yes,"5648 Eastern Pkwy, Brooklyn, NY"
755IMX3S1Z,2024-01-13,Mountain Dew 2 Liter,Beverage,3.29,2L,9,Ashley Brown,No,
COB95N9GZW,2024-03-10,Crazy Bread Combo,Sides,5.99,Regular,6,Charles Hernandez,Yes,"4761 Church Ave, Brooklyn, NY"
CMEVC3Y22C,2024-08-31,2 Liter Pepsi,Beverage,3.29,2L,10,Jennifer Gonzalez,No,
CX9VD6HAW6,2024-07-01,Veggie Pizza,Pizza,12.49,Large,3,Richard Thomas,Yes,"6901 Fulton St, Brooklyn, NY"
P23BQG3E3A,2024-06-04,Classic Pepperoni Pizza,Pizza,9.49,Large,2,Karen Martin,No,
CI7XSWAGJM,2024-05-04,Classic Pepperoni Pizza,Pizza,9.49,Large,10,Ashley Jackson,Yes,"782 Church Ave, Brooklyn, NY"
1J6RWTEEOX,2024-12-27,Classic Cheese Pizza,Pizza,8.99,Large,6,Robert Jones,No,
ORFH0O3UJL,2024-11-23,Buffalo Wings,Wings,9.49,8pc,7,David Martinez,No,
86C4VW3DBM,2024-06-23,Crazy Bread,Sides,4.99,Regular,5,David Taylor,Yes,"780 Flatbush Ave, Brooklyn, NY"
DXHF1FF1NM,2024-10-10,Classic Pepperoni Pizza,Pizza,9.49,Large,2,Nancy Gonzalez,Yes,"5545 Ocean Pkwy, Brooklyn, NY"
NMOKBKS65T,2024-05-20,Deep Dish Pepperoni,Pizza,11.99,Regular,4,Ashley Martinez,Yes,"644 Utica Ave, Brooklyn, NY"
7PACHLFAPM,2024-10-31,Caesar Wings,Wings,8.99,8pc,1,Susan Brown,Yes,"8240 Coney Island Ave, Brooklyn, NY"
6VL133JBW2,2024-02-23,3 Meat Treat Pizza,Pizza,12.99,Large,2,Sandra Hernandez,Yes,"7403 Bedford Ave, Brooklyn, NY"
GVKNZRVQ8M,2024-07-21,ExtraMostBestest Pepperoni,Pizza,10.49,Large,7,Donald Brown,Yes,"2539 Kings Hwy, Brooklyn, NY"
BN8W2QOIMZ,2024-11-24,ExtraMostBestest Cheese,Pizza,10.49,Large,8,Jessica Williams,Yes,"8432 Church Ave, Brooklyn, NY"
VTZTHZDSPI,2024-03-19,Classic Cheese Pizza,Pizza,8.99,Large,2,Jessica Anderson,Yes,"1726 Eastern Pkwy, Brooklyn, NY"
CRG7A1Z6OF,2024-07-07,ExtraMostBestest Pepperoni,Pizza,10.49,Large,6,James Gonzalez,No,
JP19B4GM0W,2024-03-31,Deep Dish Pepperoni,Pizza,11.99,Regular,6,David Miller,Yes,"8439 Coney Island Ave, Brooklyn, NY"
B911X5XH5B,2024-04-05,Deep Dish Cheese,Pizza,11.49,Regular,4,Betty Davis,No,
0PCQEPXUZR,2024-09-27,ExtraMostBestest Pepperoni,Pizza,10.49,Large,3,Karen Johnson,No,
A2S59HZ5LC,2024-06-17,3 Meat Treat Pizza,Pizza,12.99,Large,7,Lisa Thomas,Yes,"540 Kings Hwy, Brooklyn, NY"
JU6IKKGEFG,2024-11-22,Caesar Wings,Wings,8.99,8pc,2,Ashley Lopez,No,
3R024SRRJI,2024-02-08,Buffalo Wings,Wings,9.49,8pc,2,Jennifer Jones,Yes,"8203 Nostrand Ave, Brooklyn, NY"
3MNV2KF2RU,2024-08-17,ExtraMostBestest Pepperoni,Pizza,10.49,Large,4,Sarah,No,
FMVDU1SYJ4,2024-10-31,ExtraMostBestest Cheese,Pizza,10.49,Large,4,Donald Jackson,No,
2L9ICO4F0K,2024-07-16,2 Liter Diet Pepsi,Beverage,3.29,2L,6,Richard Hernandez,No,
LPBQ3JKLQJ,2024-06-19,Deep Dish Pepperoni,Pizza,11.99,Regular,10,Elizabeth Williams,No,
LA6SEV4PVE,2024-12-07,Classic Pepperoni Pizza,Pizza,9.49,Large,4,John Moore,Yes,"9870 Kings Hwy, Brooklyn, NY"
JV9KLF2NCO,2024-05-22,ExtraMostBestest Cheese,Pizza,10.49,Large,1,Susan Jackson,Yes,"8364 Eastern Pkwy, Brooklyn, NY"
X0YGUSOSN3,2024-06-01,Buffalo Wings,Wings,9.49,8pc,7,Ashley Jones,Yes,"5271 Utica Ave, Brooklyn, NY"
9T18XWBK9J,2024-07-29,ExtraMostBestest Cheese,Pizza,10.49,Large,1,Barbara Martin,Yes,"5376 Fulton St, Brooklyn, NY"
ERI5KN0JZY,2024-03-29,Italian Cheese Bread,Sides,6.49,Regular,1,Sarah Miller,Yes,"947 Kings Hwy, Brooklyn, NY"
PB5BAX6JFN,2024-06-06,Deep Dish Cheese,Pizza,11.49,Regular,3,Matthew Martinez,Yes,"1191 Nostrand Ave, Brooklyn, NY"
1EBZ7EU1U5,2024-09-16,Mountain Dew 2 Liter,Beverage,3.29,2L,4,Robert Garcia,Yes,"6532 Flatbush Ave, Brooklyn, NY"
9710S2WJLN,2024-05-08,2 Liter Diet Pepsi,Beverage,3.29,2L,3,Betty Brown,Yes,"3561 Flatbush Ave, Brooklyn, NY"
CYJNYHPIZC,2024-10-15,Buffalo Wings,Wings,9.49,8pc,3,Karen Jones,Yes,"9782 Fulton St, Brooklyn, NY"
M2KSKGBMJE,2024-11-01,Deep Dish Pepperoni,Pizza,11.99,Regular,4,Barbara Taylor,Yes,"2548 Church Ave, Brooklyn, NY"
FBLKARK761,2024-04-10,Aquafina Water,Beverage,1.99,20oz,2,Jennifer Brown,No,
N5L8VLSHY7,2024-03-20,ExtraMostBestest Pepperoni,Pizza,10.49,Large,1,Nancy Thomas,Yes,"2709 Flatbush Ave, Brooklyn, NY"
RRZ4AS5LU8,2024-04-26,Classic Cheese Pizza,Pizza,8.99,Large,2,Richard Taylor,No,
SGAAQEYE3V,2024-05-05,Crazy Bread,Sides,4.99,Regular,6,Patricia Gonzalez,No,
Y6S7RQG8G2,2024-10-25,Mountain Dew 2 Liter,Beverage,3.29,2L,2,William Miller,Yes,"120 Court St, Brooklyn, NY"
C7T8T6RIEZ,2024-08-09,Supreme Pizza,Pizza,13.99,Large,1,Patricia Lopez,Yes,"3345 Atlantic Ave, Brooklyn, NY"
6DE7UAXIRU,2024-04-24,Classic Pepperoni Pizza,Pizza,9.49,Large,1,Michael Anderson,Yes,"2929 Utica Ave, Brooklyn, NY"
YU6RF2SFNA,2024-06-20,Classic Cheese Pizza,Pizza,8.99,Large,6,John Thomas,No,
MUGH9VWIDV,2024-04-14,2 Liter Pepsi,Beverage,3.29,2L,4,Nancy Davis,Yes,"4742 Court St, Brooklyn, NY"
ASUB7HTWD0,2024-12-17,Mountain Dew 2 Liter,Beverage,3.29,2L,3,Sarah Hernandez,No,
7VZ42PNAUB,2024-01-17,ExtraMostBestest Pepperoni,Beverage,10.49,Large,2,Michael Davis,Yes,"6577 Flatbush Ave, Brooklyn, NY"
HY924UUTBL,2024-10-22,Classic Pepperoni Pizza,Pizza,9.49,Large,2,William Rodriguez,Yes,"8368 Flatbush Ave, Brooklyn, NY"
K50PY7RNJD,2024-06-01,Classic Cheese Pizza,Pizza,8.99,Large,6,Donald Wilson,Yes,"1198 Eastern Pkwy, Brooklyn, NY"
9387IA8EGQ,2024-04-01,Crazy Bread,Sides,4.99,Regular,4,William Taylor,Yes,"9397 Atlantic Ave, Brooklyn, NY"
1ERDNQL8DL,2024-06-01,Crazy Bread,Sides,4.99,Regular,7,Sandra Williams,No,
ESJ7A8FTEG,2024-06-18,Veggie Pizza,Pizza,12.49,Large,8,William Davis,No,
8HM3DGQC5Y,2024-11-05,Classic Cheese Pizza,Pizza,8.99,Large,3,Robert Martin,Yes,"8423 Church Ave, Brooklyn, NY"
11V7K3D5OT,2024-06-19,Classic Cheese Pizza,Pizza,8.99,Large,5,Anthony Jones,No,
W2JY564CL1,2024-09-14,Crazy Bread,Sides,4.99,Regular,4,Charles Hernandez,No,
M4Q9XLGD2K,2024-08-01,Classic Pepperoni Pizza,Pizza,9.49,Large,2,Patricia Wilson,Yes,"4652 Court St, Brooklyn, NY"
WEJF7IETCP,2024-02-11,Crazy Bread Combo,Sides,5.99,Regular,8,David Gonzalez,No,
FUUVNV295V,2024-03-05,Veggie Pizza,Pizza,12.49,Large,2,Nancy Garcia,Yes,"3869 Church Ave, Brooklyn, NY"
RMKSJ4LNY4,2024-10-06,Veggie Pizza,Pizza,12.49,Large,9,Nancy Taylor,Yes,"4010 Bedford Ave, Brooklyn, NY"
JNE9LRFTLZ,2024-05-02,Classic Pepperoni Pizza,Pizza,9.49,Large,4,Jennifer Wilson,Yes,"6929 Court St, Brooklyn, NY"
C463NFZOD7,2024-05-23,ExtraMostBestest Cheese,Pizza,10.49,Large,4,Charles Thomas,Yes,"8454 Ocean Pkwy, Brooklyn, NY"
05OUL9VZAF,2024-06-02,Classic Pepperoni Pizza,Pizza,9.49,Large,6,James Hernandez,No,
SL4IRBO2VF,2024-03-03,Crazy Bread Combo,Sides,5.99,Regular,5,Richard Thomas,Yes,"8850 Atlantic Ave, Brooklyn, NY"
I7Y72V0EKD,2024-11-25,Deep Dish Pepperoni,Pizza,11.99,Regular,4,David Anderson,No,
38BZ5N293J,2024-11-05,Supreme Pizza,Pizza,13.99,Large,1,Sarah Garcia,Yes,"5554 Ocean Pkwy, Brooklyn, NY"
MWLDRV53N8,2024-05-21,Crazy Bread,Sides,4.99,Regular,3,Matthew Rodriguez,No,
2LK9BMKWRR,2024-12-17,ExtraMostBestest Cheese,Pizza,10.49,Large,7,Matthew Smith,No,
NPGT71K4F2,2024-03-19,Classic Cheese Pizza,Pizza,8.99,Large,4,Betty Smith,Yes,"1663 Coney Island Ave, Brooklyn, NY"
RGAFZNTV65,2024-03-08,Supreme Pizza,Pizza,13.99,Large,4,Mary Gonzalez,No,
M21JYGHPO1,2024-01-06,Classic Pepperoni Pizza,Pizza,9.49,Large,5,Anthony Martin,No,
3TZUEJ2037,2024-04-08,Crazy Bread,Sides,4.99,Regular,3,Matthew Davis,Yes,"7095 Ocean Pkwy, Brooklyn, NY"
GS7I05PK4B,2024-02-13,Crazy Bread,Sides,4.99,Regular,2,Jessica Jones,Yes,
Y0LBOM56CC,2024-08-30,ExtraMostBestest Pepperoni,Pizza,10.49,Large,1,Karen Lopez,Yes,"858 Coney Island Ave, Brooklyn, NY"
1VV87SYRWB,2024-03-02,Classic Pepperoni Pizza,Pizza,9.49,Large,5,Patricia Anderson,Yes,
94ZO1UFS2U,2024-07-30,Classic Pepperoni Pizza,Pizza,9.49,Large,4,Richard Rodriguez,Yes,"7453 Nostrand Ave, Brooklyn, NY"
F9AS323DF1,2024-05-29,Deep Dish Pepperoni,Pizza,11.99,Regular,2,John Taylor,Yes,"2155 Atlantic Ave, Brooklyn, NY"
WXPHL849A0,2024-03-05,2 Liter Diet Pepsi,Beverage,3.29,2L,2,Sarah Davis,Yes,"6900 Ocean Pkwy, Brooklyn, NY"
XB95VBBQIU,2024-02-19,Mountain Dew 2 Liter,Beverage,3.29,2L,3,David Hernandez,Yes,"6962 Ocean Pkwy, Brooklyn, NY"
L9PVSBLVQR,2024-11-12,Mountain Dew 2 Liter,Beverage,3.29,2L,2,Daniel Smith,Yes,"2483 Atlantic Ave, Brooklyn, NY"
TJKRZ9OQ8Y,2024-04-21,Classic Pepperoni Pizza,Pizza,9.49,Large,6,Patricia Martinez,No,
BM6PE3XHTL,2024-05-24,Classic Pepperoni Pizza,Pizza,9.49,Large,1,Karen Miller,Yes,"2922 Ocean Pkwy, Brooklyn, NY"
EOOCOY0PE7,2024-12-06,Deep Dish Pepperoni,Pizza,11.99,Regular,1,Anthony Miller,Yes,"9903 Fulton St, Brooklyn, NY"
BDH5RGOEFQ,2024-10-24,Veggie Pizza,Pizza,12.49,Large,1,William Hernandez,Yes,"8892 Court St, Brooklyn, NY"
CZQWYNVVRM,2024-05-31,Classic Cheese Pizza,Pizza,8.99,Large,3,Matthew Jones,No,
HMH50GK5CZ,2024-10-01,Italian Cheese Bread,Sides,6.49,Regular,4,Sarah Moore,Yes,"7706 Bedford Ave, Brooklyn, NY"
FYFWT0NEML,2024-07-07,Classic Cheese Pizza,Pizza,8.99,Large,9,Nancy Rodriguez,No,
X0M8R8VUGB,2024-12-20,ExtraMostBestest Pepperoni,Pizza,10.49,Large,6,Karen Thomas,Yes,"6359 Atlantic Ave, Brooklyn, NY"
PZD7HEHVD5,2024-09-19,Classic Pepperoni Pizza,Pizza,9.49,Large,4,John Wilson,Yes,"609 Bedford Ave, Brooklyn, NY"
KB0BGW6Y3C,2024-03-22,Classic Cheese Pizza,Pizza,8.99,Large,4,Sandra Miller,Yes,"1546 Nostrand Ave, Brooklyn, NY"
YQJN32DKNL,2024-05-18,Crazy Bread,Sides,4.99,Regular,10,Sarah Garcia,No,
KWTNKFN90L,2024-09-24,Deep Dish Pepperoni,Pizza,11.99,Regular,1,Jessica Davis,Yes,"7816 Church Ave, Brooklyn, NY"
AT8D3GFSBJ,2024-12-16,Crazy Bread Combo,Sides,5.99,Regular,7,Anthony Garcia,Yes,"5683 Ocean Pkwy, Brooklyn, NY"
0G567AQ1C0,2024-06-17,Classic Cheese Pizza,Pizza,8.99,Large,6,Joseph Williams,No,
SRKNV6NZT9,2024-02-10,Crazy Bread,Sides,4.99,Regular,3,Donald Garcia,No,
M0TQWME50Z,2024-10-25,Italian Cheese Bread,Sides,6.49,Regular,2,William Hernandez,Yes,"8688 Bedford Ave, Brooklyn, NY"
D0MHUSB1MW,2024-04-13,ExtraMostBestest Cheese,Wings,10.49,Large,9,Lisa Rodriguez,Yes,"9109 Bedford Ave, Brooklyn, NY"
VDZL1UBUJO,2024-11-25,Mountain Dew 2 Liter,Beverage,3.29,2L,3,Sandra Jackson,Yes,"2931 Bedford Ave, Brooklyn, NY"
NKDHSNCXBC,2024-08-24,Classic Pepperoni Pizza,Pizza,9.49,Large,4,Barbara Martin,Yes,"2025 Utica Ave, Brooklyn, NY"
NHAHSMLP45,2024-06-19,2 Liter Diet Pepsi,Beverage,3.29,2L,6,Elizabeth Jones,No,
YHTPMW9MGQ,2024-02-17,Classic Cheese Pizza,Pizza,8.99,Large,8,Elizabeth Johnson,Yes,"9551 Flatbush Ave, Brooklyn, NY"
GBKCON3WLQ,2024-08-18,Supreme Pizza,Pizza,13.99,Large,10,Richard Anderson,Yes,"8736 Utica Ave, Brooklyn, NY"
JSHK0FY6E9,2024-03-15,Crazy Bread Combo,Sides,5.99,Regular,4,Jennifer Brown,Yes,"5655 Flatbush Ave, Brooklyn, NY"
DXQKTQMJ6A,2024-05-02,Mountain Dew 2 Liter,Beverage,3.29,2L,3,Betty Thomas,Yes,"295 Flatbush Ave, Brooklyn, NY"
H42FDHXS51,2024-04-02,ExtraMostBestest Cheese,Pizza,10.49,Large,3,Daniel Rodriguez,No,
DCX18R4LG2,2024-03-18,Classic Pepperoni Pizza,Pizza,9.49,Large,1,Jennifer Gonzalez,Yes,"1867 Coney Island Ave, Brooklyn, NY"
XC82Q6QBIZ,2024-11-13,Veggie Pizza,Pizza,12.49,Large,2,Mary Davis,No,
E051BSAIED,2024-08-14,ExtraMostBestest Cheese,Pizza,10.49,Large,2,Michael Gonzalez,Yes,"3444 Nostrand Ave, Brooklyn, NY"
DDVZZ1869G,2024-03-31,Aquafina Water,Beverage,1.99,20oz,8,Betty Brown,Yes,"2682 Atlantic Ave, Brooklyn, NY"
54YIH0F8QO,2024-08-01,2 Liter Pepsi,Beverage,3.29,2L,3,Thomas Rodriguez,Yes,
FAD6I8P28B,2024-09-03,Classic Pepperoni Pizza,Pizza,9.49,Large,2,Ashley Jones,Yes,"6173 Coney Island Ave, Brooklyn, NY"
RXMOM5ZXNK,2024-09-01,Deep Dish Pepperoni,Pizza,11.99,Regular,5,Ashley Martin,Yes,"7478 Eastern Pkwy, Brooklyn, NY"
0588P5D6RV,2024-04-23,ExtraMostBestest Cheese,Pizza,10.49,Large,4,Michael Rodriguez,No,
VNK8C9B566,2024-10-03,ExtraMostBestest Pepperoni,Pizza,10.49,Large,4,Donald Anderson,Yes,"8232 Ocean Pkwy, Brooklyn, NY"
RK6IV1IS45,2024-02-18,Classic Cheese Pizza,Pizza,8.99,Large,6,Mary Garcia,Yes,"3522 Nostrand Ave, Brooklyn, NY"
3EB9G1XH8F,2024-01-22,2 Liter Pepsi,Beverage,3.29,2L,4,Mary Hernandez,No,
57MPVA6OML,2024-10-21,Deep Dish Pepperoni,Pizza,11.99,Regular,3,Linda Jones,Yes,"2776 Church Ave, Brooklyn, NY"
B4GXEDE2ZJ,2024-06-23,Classic Pepperoni Pizza,Pizza,9.49,Large,8,Barbara Wilson,Yes,"9791 Fulton St, Brooklyn, NY"
LB4PFOT7YE,2024-10-20,Classic Pepperoni Pizza,Pizza,9.49,Large,8,Sarah Martinez,No,
BUPXTUCU53,2024-03-15,3 Meat Treat Pizza,Pizza,12.99,Large,1,David Williams,Yes,"3801 Fulton St, Brooklyn, NY"
W0MMKI7TFP,2024-09-08,ExtraMostBestest Pepperoni,Pizza,10.49,Large,8,Richard Jones,No,
RM2NHU6F8P,2024-06-19,ExtraMostBestest Pepperoni,Pizza,10.49,Large,7,Sarah Smith,No,
18UR92RAU6,2024-07-03,Crazy Bread,Sides,4.99,Regular,4,Karen Lopez,Yes,"2363 Utica Ave, Brooklyn, NY"
UOIH06D6SF,2024-12-30,Italian Cheese Bread,Sides,6.49,Regular,10,Patricia Wilson,Yes,"4531 Ocean Pkwy, Brooklyn, NY"
AD1KB3PKK7,2024-05-12,3 Meat Treat Pizza,Pizza,12.99,Large,9,Mark Wilson,Yes,"3461 Utica Ave, Brooklyn, NY"
3LTU37BQVY,2024-01-14,Classic Cheese Pizza,Pizza,8.99,Large,4,Joseph Garcia,Yes,"2229 Church Ave, Brooklyn, NY"
328AB5KQ0K,2024-04-12,ExtraMostBestest Pepperoni,Pizza,10.49,Large,3,Robert Gonzalez,Yes,"4248 Bedford Ave, Brooklyn, NY"
CXX8F3SECD,2024-01-23,Italian Cheese Bread,Sides,6.49,Regular,3,Thomas Martinez,No,
REVBGG5NF2,2024-06-23,Deep Dish Pepperoni,Pizza,11.99,Regular,6,Michael Brown,No,
TIWRZV3U2G,2024-02-01,Supreme Pizza,Pizza,13.99,Large,4,Jessica Garcia,Yes,"9646 Church Ave, Brooklyn, NY"
DNLJI9O9G1,2024-05-26,Classic Pepperoni Pizza,Pizza,9.49,Large,7,Lisa Smith,Yes,
793FBR1YVF,2024-08-11,Crazy Bread,Sides,4.99,Regular,6,John Smith,No,
MHARO9ESKG,2024-03-12,ExtraMostBestest Cheese,Pizza,10.49,Large,3,Richard Johnson,Yes,"5573 Atlantic Ave, Brooklyn, NY"
VFJDS8YV78,2024-02-11,Crazy Bread,Sides,4.99,Regular,7,Elizabeth Hernandez,No,
57WXLWXD8J,2024-05-14,2 Liter Diet Pepsi,Beverage,3.29,2L,7,Nancy Lopez,No,
BXD14Y0FS5,2024-01-17,2 Liter Diet Pepsi,Beverage,3.29,2L,4,Mary Smith,No,
03BKFD47LC,2024-06-27,Classic Cheese Pizza,Pizza,8.99,Large,8,Charles Smith,No,
QXDE84A9WN,2024-11-01,Classic Pepperoni Pizza,Pizza,9.49,Large,4,Barbara,No,
4823F93H7A,2024-01-03,2 Liter Pepsi,Beverage,3.29,2L,1,James Lopez,Yes,"5051 Nostrand Ave, Brooklyn, NY"
7NFVB3EVCV,2024-08-28,Mountain Dew 2 Liter,Beverage,3.29,2L,6,Susan Johnson,Yes,"1781 Fulton St, Brooklyn, NY"
BQKA4UNNGO,2024-01-22,3 Meat Treat Pizza,Pizza,12.99,Large,2,Sarah Anderson,No,
RI8RP4KGLV,2024-05-09,2 Liter Pepsi,Beverage,3.29,2L,5,Elizabeth Jackson,No,
S5E8YRRZBU,2024-09-21,Veggie Pizza,Pizza,12.49,Large,10,Mark Hernandez,Yes,"1068 Kings Hwy, Brooklyn, NY"
Z5HD5KNKOL,2024-10-07,ExtraMostBestest Pepperoni,Pizza,10.49,Large,2,John Jackson,Yes,"1810 Nostrand Ave, Brooklyn, NY"
XRJAIJQW4I,2024-02-23,3 Meat Treat Pizza,Pizza,12.99,Large,3,Elizabeth Davis,No,
MVZ8Z8H6CA,2024-04-13,Mountain Dew 2 Liter,Beverage,3.29,2L,6,Elizabeth Hernandez,No,
OGJITXJ8LD,2024-07-16,2 Liter Pepsi,Beverage,3.29,2L,3,John Rodriguez,No,
O8AUBY5PDD,2024-07-29,Deep Dish Cheese,Pizza,11.49,Regular,1,Mary Rodriguez,Yes,"2264 Kings Hwy, Brooklyn, NY"
VGU96MSFU4,2024-03-06,Classic Pepperoni Pizza,Pizza,9.49,Large,4,Linda Hernandez,Yes,"6309 Court St, Brooklyn, NY"
4TVC0UYTW7,2024-10-22,Classic Cheese Pizza,Pizza,8.99,Large,3,Sarah,Yes,"8797 Atlantic Ave, Brooklyn, NY"
9MQNVMJB7L,2024-03-28,Classic Pepperoni Pizza,Pizza,9.49,Large,1,James Moore,No,
FV645S216K,2024-03-19,Buffalo Wings,Wings,9.49,8pc,2,Donald Martinez,Yes,"5305 Flatbush Ave, Brooklyn, NY"
XJUS2ABHWJ,2024-02-06,Mountain Dew 2 Liter,Beverage,3.29,2L,4,John Rodriguez,Yes,"4977 Ocean Pkwy, Brooklyn, NY"
KZMJXWE38X,2024-10-24,Buffalo Wings,Wings,9.49,8pc,1,Sandra Rodriguez,Yes,"1172 Kings Hwy, Brooklyn, NY"
K3VIMN2WSJ,2024-01-25,Deep Dish Cheese,Pizza,11.49,Regular,2,Michael Lopez,No,
6BOOLJUMII,2024-01-15,Veggie Pizza,Pizza,12.49,Large,1,Betty Davis,No,
GS4N9818TJ,2024-08-06,3 Meat Treat Pizza,Pizza,12.99,Large,4,James Johnson,Yes,"968 Eastern Pkwy, Brooklyn, NY"
9HN42K39GY,2024-07-07,ExtraMostBestest Cheese,Pizza,10.49,Large,5,Sandra Wilson,Yes,"2879 Court St, Brooklyn, NY"
TS196ZU38O,2024-06-28,2 Liter Diet Pepsi,Beverage,3.29,2L,10,Susan Wilson,No,
BB263GH1DQ,2024-09-12,3 Meat Treat Pizza,Pizza,12.99,Large,1,Daniel Anderson,Yes,"3367 Flatbush Ave, Brooklyn, NY"
3W5QUJQ9KV,2024-06-18,Italian Cheese Bread,Sides,6.49,Regular,4,Karen Jackson,Yes,"5679 Fulton St, Brooklyn, NY"
ZR0Q2SOU5Q,2024-01-23,Crazy Bread,Sides,4.99,Regular,3,Jessica Davis,Yes,"9274 Bedford Ave, Brooklyn, NY"
S6UWBAMG4P,2024-10-09,ExtraMostBestest Pepperoni,Pizza,10.49,Large,1,Donald Anderson,Yes,"9757 Bedford Ave, Brooklyn, NY"
4DZHM54SNE,2024-10-31,Crazy Bread,Sides,4.99,Regular,1,Joseph Williams,No,
YT40D9NVYY,2024-12-26,Supreme Pizza,Pizza,13.99,Large,3,Matthew Miller,No,
CRPDEWKJCU,2024-08-10,Classic Cheese Pizza,Pizza,8.99,Large,8,Richard Anderson,No,
C7DRYHL423,2024-09-28,Classic Pepperoni Pizza,Pizza,9.49,Large,10,Anthony Davis,Yes,"8923 Coney Island Ave, Brooklyn, NY"
ZMY2MS9GA7,2024-11-07,Classic Cheese Pizza,Pizza,8.99,Large,1,Richard Brown,No,
4WQKOREVTD,2024-09-21,2 Liter Diet Pepsi,Beverage,3.29,2L,6,Sandra Hernandez,No,
H02O9DXYSU,2024-11-04,Classic Pepperoni Pizza,Pizza,9.49,Large,4,Karen Martin,Yes,"7991 Court St, Brooklyn, NY"
4MH981QE4S,2024-04-07,Mountain Dew 2 Liter,Beverage,3.29,2L,6,Betty Miller,No,
ZG6OV7ZRS6,2024-12-05,Classic Cheese Pizza,Pizza,8.99,Large,2,William Taylor,Yes,"8075 Court St, Brooklyn, NY"
QVX4MR98YO,2024-01-26,Supreme Pizza,Pizza,13.99,Large,1,Ashley Johnson,Yes,"8129 Atlantic Ave, Brooklyn, NY"
TTJ8IU1PZ3,2024-04-03,ExtraMostBestest Cheese,Pizza,10.49,Large,3,Susan Gonzalez,Yes,"3414 Fulton St, Brooklyn, NY"
187FWSXWL8,2024-07-01,Buffalo Wings,Wings,9.49,8pc,3,William Moore,Yes,"9877 Kings Hwy, Brooklyn, NY"
SXS66XC4SJ,2024-10-27,Crazy Bread,Sides,4.99,Regular,8,Barbara Gonzalez,Yes,"5714 Utica Ave, Brooklyn, NY"
2SI9UKWY6A,2024-05-08,Caesar Wings,Wings,8.99,2L,1,Patricia Jones,Yes,"3824 Nostrand Ave, Brooklyn, NY"
H4JJEOXE6C,2024-12-05,Mountain Dew 2 Liter,Beverage,3.29,2L,4,Betty Jackson,Yes,"5886 Nostrand Ave, Brooklyn, NY"
GTFGMUM0A1,2024-03-25,Classic Cheese Pizza,Beverage,8.99,Small,1,Joseph Jackson,No,
R3RNHB74MS,2024-09-13,Caesar Wings,Wings,8.99,8pc,1,Daniel Davis,Yes,"2276 Court St, Brooklyn, NY"
QMZ00HHRZU,2024-07-22,Deep Dish Pepperoni,Pizza,11.99,Regular,1,Lisa Gonzalez,Yes,"415 Church Ave, Brooklyn, NY"
PEV0KRRV3E,2024-01-25,3 Meat Treat Pizza,Pizza,12.99,Large,2,Barbara Jones,Yes,"5803 Atlantic Ave, Brooklyn, NY"
RPN9INOFZE,2024-10-03,ExtraMostBestest Pepperoni,Pizza,10.49,Large,2,Robert Lopez,Yes,"3955 Eastern Pkwy, Brooklyn, NY"
1EEKKTG884,2024-08-24,Classic Pepperoni Pizza,Pizza,9.49,Large,8,Robert Garcia,Yes,"8661 Flatbush Ave, Brooklyn, NY"
KPI7GCWJB5,2024-05-02,Deep Dish Pepperoni,Pizza,11.99,Regular,3,Anthony Garcia,Yes,"8990 Eastern Pkwy, Brooklyn, NY"
FRSMQGXWCR,2024-03-16,Classic Cheese Pizza,Pizza,8.99,Large,8,Donald Jackson,Yes,"1494 Utica Ave, Brooklyn, NY"
V88WS7SNYO,2024-04-25,ExtraMostBestest Pepperoni,Pizza,10.49,Large,1,Anthony Jones,No,
PKV79HZJTR,2024-07-18,Classic Pepperoni Pizza,Pizza,9.49,Large,4,Thomas Davis,Yes,"9767 Coney Island Ave, Brooklyn, NY"
5AN7PT0ITJ,2024-12-01,Italian Cheese Bread,Sides,6.49,Regular,8,Richard Gonzalez,Yes,"9064 Flatbush Ave, Brooklyn, NY"
Z6YAMLRTRK,2024-01-24,Caesar Wings,Wings,8.99,8pc,1,Mark Smith,Yes,"5800 Court St, Brooklyn, NY"
9GJXO010D5,2024-03-17,3 Meat Treat Pizza,Pizza,12.99,Large,5,Joseph Johnson,Yes,"7580 Church Ave, Brooklyn, NY"
1CD3K6BP4P,2024-05-19,Crazy Bread,Sides,4.99,Regular,8,Sarah Davis,No,
R21W7UWQUY,2024-05-07,Deep Dish Cheese,Pizza,11.49,Regular,3,Sandra Taylor,Yes,"709 Utica Ave, Brooklyn, NY"
1WVF6ROLVM,2024-04-13,Crazy Bread Combo,Sides,5.99,Regular,7,Barbara Davis,Yes,
3QDYY9DSNG,2024-04-12,2 Liter Diet Pepsi,Beverage,3.29,2L,3,Elizabeth Hernandez,Yes,"7289 Church Ave, Brooklyn, NY"
UQPJJS7J0N,2024-08-28,ExtraMostBestest Cheese,Pizza,10.49,Large,1,Karen Thomas,Yes,"343 Bedford Ave, Brooklyn, NY"
IEISHWMMJN,2024-04-20,Veggie Pizza,Pizza,12.49,,7,Susan Jackson,Yes,"2386 Eastern Pkwy, Brooklyn, NY"
WH60UE5C9S,2024-04-11,2 Liter Pepsi,Beverage,3.29,2L,4,Betty Jones,No,
G4O69IRXW4,2024-09-13,Classic Cheese Pizza,Pizza,8.99,Large,3,Jennifer Thomas,Yes,"6378 Eastern Pkwy, Brooklyn, NY"
V8WEGFLKQI,2024-02-12,3 Meat Treat Pizza,Pizza,12.99,Large,3,Nancy Martin,Yes,"6522 Ocean Pkwy, Brooklyn, NY"
5Q2WMX8OHU,2024-11-05,Crazy Bread,Sides,4.99,Regular,2,Matthew Martinez,Yes,"3134 Coney Island Ave, Brooklyn, NY"
ARB45OCEYJ,2024-02-24,Italian Cheese Bread,Sides,6.49,Regular,4,Nancy Smith,Yes,"7738 Bedford Ave, Brooklyn, NY"
N0NHCBTWV6,2024-02-11,Classic Pepperoni Pizza,Pizza,9.49,Large,6,Elizabeth Hernandez,Yes,"7106 Utica Ave, Brooklyn, NY"
E5JS52IA0A,2024-12-19,Deep Dish Pepperoni,Sides,11.99,Regular,7,Susan Thomas,Yes,"3665 Utica Ave, Brooklyn, NY"
ZK7A4VXFI1,2024-12-03,Veggie Pizza,Pizza,12.49,Large,2,Anthony Jackson,No,
ESXUVYGA6X,2024-06-13,Crazy Bread,Sides,4.99,Regular,3,Matthew Lopez,Yes,"4274 Eastern Pkwy, Brooklyn, NY"
16U5YEEUOQ,2024-12-30,Classic Cheese Pizza,Pizza,8.99,Large,8,Susan Hernandez,Yes,"9475 Bedford Ave, Brooklyn, NY"
NRCHX8X7FS,2024-08-12,Caesar Wings,Wings,8.99,8pc,1,Lisa Taylor,Yes,
MHBW6OMMRD,2024-07-17,Classic Cheese Pizza,Pizza,8.99,Large,2,Sarah Smith,No,
RRWJ88363V,2024-12-27,Mountain Dew 2 Liter,Beverage,3.29,2L,5,Richard Gonzalez,Yes,"476 Flatbush Ave, Brooklyn, NY"
1M1EAVIRI9,2024-03-19,Classic Pepperoni Pizza,Pizza,9.49,Large,2,Donald Gonzalez,Yes,"9493 Court St, Brooklyn, NY"
XP894LB2VI,2024-03-26,Deep Dish Cheese,Pizza,11.49,Regular,1,Robert Wilson,Yes,"3081 Eastern Pkwy, Brooklyn, NY"
WQH010TK2O,2024-08-24,Crazy Bread,Sides,4.99,Regular,5,Mark Garcia,Yes,"2074 Nostrand Ave, Brooklyn, NY"
WCPXBF9XF3,2024-01-27,ExtraMostBestest Cheese,Pizza,10.49,Large,4,Anthony Miller,Yes,"6087 Fulton St, Brooklyn, NY"
RRHWFGGAKT,2024-11-09,Crazy Bread Combo,Sides,5.99,Regular,7,Barbara Anderson,No,
SHLLT5MHD5,2024-02-16,ExtraMostBestest Cheese,Beverage,10.49,Large,1,Thomas Gonzalez,Yes,"8553 Utica Ave, Brooklyn, NY"
K624NTAZGL,2024-03-08,3 Meat Treat Pizza,Pizza,12.99,Large,1,Jessica Williams,Yes,"5550 Coney Island Ave, Brooklyn, NY"
LL1R25NBS1,2024-10-15,ExtraMostBestest Pepperoni,Pizza,10.49,Large,2,Susan Jackson,No,
Q8YHS6PLM0,2024-11-23,Supreme Pizza,Pizza,13.99,Large,6,Michael Jackson,Yes,"6781 Ocean Pkwy, Brooklyn, NY"
JKJWRCX2RC,2024-07-09,Classic Cheese Pizza,Pizza,8.99,Large,2,Richard Hernandez,Yes,"4097 Kings Hwy, Brooklyn, NY"
KXSCAEF0W8,2024-10-21,Supreme Pizza,Pizza,13.99,Large,1,Lisa Taylor,No,
ZD46VKJ3E5,2024-04-21,ExtraMostBestest Cheese,Beverage,10.49,Large,4,Karen Gonzalez,No,
2YLSRO5Z4L,2024-02-09,Italian Cheese Bread,Sides,6.49,Regular,3,Thomas Martin,No,
EW0IE3NCCC,2024-04-16,ExtraMostBestest Pepperoni,Pizza,10.49,Large,2,Matthew Smith,No,
YE5GC1CI1X,2024-05-31,Veggie Pizza,Pizza,12.49,Large,4,Richard Hernandez,Yes,"5128 Bedford Ave, Brooklyn, NY"
HUPEPQBDQJ,2024-07-13,Classic Pepperoni Pizza,Pizza,9.49,Large,4,Joseph Taylor,Yes,"3319 Atlantic Ave, Brooklyn, NY"
ZCTS8FEBCG,2024-09-28,Classic Pepperoni Pizza,Pizza,9.49,Large,5,Karen Thomas,No,
LIOXM5L224,2024-10-11,2 Liter Pepsi,Beverage,3.29,2L,1,James Martinez,No,
ATD7BWS35G,2024-01-05,Crazy Bread Combo,Sides,5.99,Regular,3,Susan Davis,Yes,"4448 Court St, Brooklyn, NY"
J7Z2S5231K,2024-12-22,Aquafina Water,Beverage,1.99,20oz,9,Mark Moore,Yes,"8969 Utica Ave, Brooklyn, NY"
PAINWNY5TN,2024-11-02,ExtraMostBestest Cheese,Pizza,10.49,Large,10,Jennifer Rodriguez,Yes,"6089 Ocean Pkwy, Brooklyn, NY"
3T6L8NZ5PK,2024-03-23,Crazy Bread,Sides,4.99,Regular,9,Jessica Anderson,No,
QZNFMVP9GW,2024-01-29,Classic Pepperoni Pizza,Pizza,9.49,Large,2,Sarah Smith,Yes,"5750 Bedford Ave, Brooklyn, NY"
NFOME7IJJZ,2024-08-24,2 Liter Diet Pepsi,Beverage,3.29,2L,10,Charles Brown,Yes,"3465 Eastern Pkwy, Brooklyn, NY"
GU13LUTZEW,2024-01-16,Deep Dish Pepperoni,Pizza,11.99,Regular,2,Mary Anderson,No,
UR9ZTQRM84,2024-12-01,2 Liter Diet Pepsi,Beverage,3.29,2L,6,Karen Miller,Yes,"9892 Kings Hwy, Brooklyn, NY"
1AZP87I1VB,2024-02-13,Italian Cheese Bread,Sides,6.49,Regular,3,Daniel Rodriguez,Yes,"9807 Fulton St, Brooklyn, NY"
3N7KCVOOK8,2024-11-18,Italian Cheese Bread,Sides,6.49,Regular,3,Barbara Jones,Yes,"266 Church Ave, Brooklyn, NY"
WLSSEASTUX,2024-01-19,Classic Cheese Pizza,Pizza,8.99,Large,4,Elizabeth Rodriguez,Yes,"8512 Atlantic Ave, Brooklyn, NY"
E6H9ZY309R,2024-09-23,Crazy Bread Combo,Sides,5.99,Regular,1,Richard Garcia,Yes,"2390 Church Ave, Brooklyn, NY"
U7M0PM06D5,2024-02-21,Supreme Pizza,Pizza,13.99,Large,1,Sarah Martin,Yes,"2271 Flatbush Ave, Brooklyn, NY"
9PJ8GE32VH,2024-04-23,ExtraMostBestest Cheese,Pizza,10.49,Large,4,Linda Martinez,Yes,"7292 Kings Hwy, Brooklyn, NY"
JUBHP0LNFE,2024-12-27,Crazy Bread Combo,Sides,5.99,Regular,6,Barbara Rodriguez,Yes,"3326 Ocean Pkwy, Brooklyn, NY"
7C8N365ZNT,2024-09-27,Classic Cheese Pizza,Pizza,8.99,2L,3,Linda Jackson,Yes,"6742 Fulton St, Brooklyn, NY"
OU87QOKIZL,2024-12-10,2 Liter Diet Pepsi,Beverage,3.29,2L,3,Thomas Davis,Yes,"3537 Utica Ave, Brooklyn, NY"
FA22GH9WL8,2024-07-10,Veggie Pizza,Pizza,12.49,Large,4,Karen Davis,Yes,"439 Fulton St, Brooklyn, NY"
NCUIO9T2S3,2024-01-07,2 Liter Diet Pepsi,Beverage,3.29,2L,9,Lisa Moore,No,
EV86O8FVNT,2024-12-14,Mountain Dew 2 Liter,Beverage,3.29,2L,7,Charles Rodriguez,No,
FCP48P6L5Y,2024-06-03,Supreme Pizza,Pizza,13.99,Large,1,Mary Jackson,Yes,"9073 Ocean Pkwy, Brooklyn, NY"
5ZP4G56889,2024-02-01,Crazy Bread,Sides,4.99,Regular,2,Betty Williams,Yes,"6827 Ocean Pkwy, Brooklyn, NY"
B0IPS5OVDS,2024-01-25,Crazy Bread Combo,Sides,5.99,Regular,4,William Thomas,Yes,"9156 Flatbush Ave, Brooklyn, NY"
OOGA351W06,2024-12-19,Crazy Bread Combo,Sides,5.99,Regular,7,Joseph Gonzalez,No,
PY9BCUTMKW,2024-06-19,ExtraMostBestest Pepperoni,Pizza,10.49,Large,8,Sandra Rodriguez,No,
79O69T81E6,2024-01-19,Deep Dish Pepperoni,Pizza,11.99,Regular,2,John Lopez,Yes,"7052 Atlantic Ave, Brooklyn, NY"
RU0YJBYBE9,2024-01-18,Classic Cheese Pizza,Pizza,8.99,Large,2,Thomas Williams,No,
RUQ9478W66,2024-01-04,Classic Pepperoni Pizza,Pizza,9.49,Large,3,William Jackson,No,
GY8I7LG7SL,2024-03-07,ExtraMostBestest Pepperoni,Pizza,10.49,Large,4,Patricia Johnson,Yes,"8862 Kings Hwy, Brooklyn, NY"
8XJFFL5Z9H,2024-06-15,Crazy Bread Combo,Sides,5.99,Regular,9,Matthew Jackson,Yes,"7430 Eastern Pkwy, Brooklyn, NY"
FRNR427QXB,2024-11-01,Aquafina Water,Beverage,1.99,20oz,4,Robert Brown,Yes,"3697 Coney Island Ave, Brooklyn, NY"
2X1UEJLZLG,2024-05-14,Caesar Wings,Wings,8.99,,4,Sandra Hernandez,No,
UZ22NZTL38,2024-08-07,Supreme Pizza,Pizza,13.99,Large,4,Jessica Wilson,No,
7ZA59OBNNQ,2024-01-19,Crazy Bread,Sides,4.99,,1,Mark Anderson,Yes,"1138 Coney Island Ave, Brooklyn, NY"
QXT9HYDVS8,2024-12-29,Deep Dish Cheese,Pizza,11.49,Regular,9,Michael Brown,Yes,"172 Nostrand Ave, Brooklyn, NY"
YO9G89ZC35,2024-08-06,Classic Pepperoni Pizza,Pizza,9.49,Large,3,Matthew Wilson,Yes,"8374 Utica Ave, Brooklyn, NY"
UI99LLCA3U,2024-09-10,Classic Cheese Pizza,Beverage,8.99,Large,4,Sarah Anderson,Yes,"2545 Court St, Brooklyn, NY"
BBHBOYM1RA,2024-09-26,Classic Pepperoni Pizza,Pizza,9.49,Large,1,Michael Williams,Yes,"6722 Nostrand Ave, Brooklyn, NY"
W95K19WPDW,2024-06-02,Crazy Bread,Sides,4.99,Regular,5,Robert Garcia,Yes,"8829 Bedford Ave, Brooklyn, NY"
W2FRYFY9AF,2024-07-28,Mountain Dew 2 Liter,Beverage,3.29,2L,5,Betty Williams,Yes,"8991 Coney Island Ave, Brooklyn, NY"
5IBDXK4BIE,2024-03-30,Classic Cheese Pizza,Pizza,8.99,Large,8,Susan Martinez,Yes,"8767 Atlantic Ave, Brooklyn, NY"
OC8UMFXHP9,2024-07-20,Supreme Pizza,Pizza,13.99,Large,7,Elizabeth Gonzalez,Yes,"1799 Coney Island Ave, Brooklyn, NY"
XGR809J8OF,2024-04-07,Crazy Bread,Sides,4.99,Regular,6,William Davis,No,
62B55195M0,2024-04-14,Mountain Dew 2 Liter,Beverage,3.29,2L,6,Matthew Garcia,No,
TRC5XLJTF5,2024-10-20,2 Liter Diet Pepsi,Beverage,3.29,2L,6,Donald Williams,Yes,"5631 Utica Ave, Brooklyn, NY"
2SB1XONA1E,2024-01-22,Veggie Pizza,Pizza,12.49,Large,4,Joseph Brown,No,
D9PUQ3KPJY,2024-12-14,2 Liter Diet Pepsi,Beverage,3.29,2L,7,Nancy Williams,Yes,"6826 Flatbush Ave, Brooklyn, NY"
9017LRLZOH,2024-09-09,Crazy Bread Combo,Sides,5.99,Regular,4,Joseph Taylor,No,
5KMTPSBYMR,2024-12-28,ExtraMostBestest Pepperoni,Pizza,10.49,Large,5,Sarah Miller,Yes,
XLB1PM55U9,2024-05-14,Deep Dish Pepperoni,Pizza,11.99,Regular,2,Anthony Martin,Yes,"456 Utica Ave, Brooklyn, NY"
NM5DAD7VOF,2024-11-09,2 Liter Pepsi,Beverage,3.29,2L,7,Ashley Anderson,Yes,
LAKHT9FK0V,2024-04-14,2 Liter Diet Pepsi,Beverage,3.29,2L,5,Robert Rodriguez,Yes,"1485 Church Ave, Brooklyn, NY"
6DVEDZJ38T,2024-11-23,Crazy Bread,Sides,4.99,Regular,5,Sarah Moore,Yes,"7404 Atlantic Ave, Brooklyn, NY"
TIXCEMSG68,2024-12-02,Supreme Pizza,Pizza,13.99,Large,4,Jessica Rodriguez,Yes,"5203 Coney Island Ave, Brooklyn, NY"
7K310QRMUQ,2024-09-18,Crazy Bread Combo,Sides,5.99,Regular,4,Susan Miller,Yes,"4965 Atlantic Ave, Brooklyn, NY"
1CPMQ5I8Z3,2024-06-12,Crazy Bread,Sides,4.99,Regular,9,Richard Davis,No,
DXS16XQV0I,2024-01-27,Classic Pepperoni Pizza,Pizza,9.49,Large,8,Michael Williams,No,
X0D9V14CTR,2024-07-08,Supreme Pizza,Pizza,13.99,Large,1,Mary Jackson,Yes,"7740 Utica Ave, Brooklyn, NY"
JHQ4FD18S4,2024-02-07,Italian Cheese Bread,Sides,6.49,Regular,4,Richard Rodriguez,No,
E7U71M6ARE,2024-09-06,Caesar Wings,Wings,8.99,8pc,3,Matthew Martinez,No,
YDWPCL0315,2024-08-31,3 Meat Treat Pizza,Pizza,12.99,Large,4,Daniel Gonzalez,No,
LQHUM5ZFFQ,2024-10-28,Classic Pepperoni Pizza,Pizza,9.49,Large,3,Matthew Gonzalez,Yes,"1954 Eastern Pkwy, Brooklyn, NY"
1XGYAA32UT,2024-08-19,ExtraMostBestest Pepperoni,Pizza,10.49,Large,1,David Anderson,No,
67A0EFWJJO,2024-03-31,Classic Cheese Pizza,Pizza,8.99,Large,7,Michael Lopez,Yes,"9585 Coney Island Ave, Brooklyn, NY"
4YYJ1FSQHJ,2024-06-08,Caesar Wings,Wings,8.99,8pc,6,Daniel Rodriguez,Yes,"6351 Ocean Pkwy, Brooklyn, NY"
143C6N6HSX,2024-03-19,3 Meat Treat Pizza,Pizza,12.99,Large,4,Mark Davis,Yes,"7311 Atlantic Ave, Brooklyn, NY"
0IF409480G,2024-12-31,3 Meat Treat Pizza,Pizza,12.99,Large,5,Patricia Anderson,Yes,"6342 Bedford Ave, Brooklyn, NY"
6HEYGUJ7FU,2024-10-02,Supreme Pizza,Pizza,13.99,Large,1,Matthew Miller,Yes,"8348 Church Ave, Brooklyn, NY"
S2HK44OPC4,2024-06-20,Classic Pepperoni Pizza,Pizza,9.49,Large,7,Lisa Smith,Yes,"3744 Court St, Brooklyn, NY"
PQPO31BGON,2024-12-01,Buffalo Wings,Wings,9.49,8pc,8,Jennifer Davis,No,
8WOXXFOW50,2024-05-19,Deep Dish Cheese,Pizza,11.49,Regular,10,Mary Johnson,Yes,"6160 Kings Hwy, Brooklyn, NY"
IRD9XZXOCR,2024-10-15,Caesar Wings,Wings,8.99,8pc,2,Jessica Gonzalez,Yes,"7466 Atlantic Ave, Brooklyn, NY"
0TCJAO5UAO,2024-07-17,3 Meat Treat Pizza,Pizza,12.99,Large,1,Linda Lopez,No,
4QV1MCJYHS,2024-08-30,Deep Dish Cheese,Pizza,11.49,Regular,3,Matthew Wilson,Yes,"3034 Coney Island Ave, Brooklyn, NY"
JLFFDRXJDD,2024-09-26,Crazy Bread Combo,Sides,5.99,Regular,1,Betty Smith,No,
NBV72IQEZN,2024-07-29,Mountain Dew 2 Liter,Beverage,3.29,2L,5,Lisa Miller,No,
ECBYDTTUJZ,2024-03-16,Classic Cheese Pizza,Pizza,8.99,Large,5,Susan Taylor,Yes,"8641 Atlantic Ave, Brooklyn, NY"
73A14X784M,2024-08-18,Buffalo Wings,Wings,9.49,8pc,7,Patricia Wilson,Yes,"493 Court St, Brooklyn, NY"
2TK8TT81F9,2024-02-01,Italian Cheese Bread,Sides,6.49,Regular,4,Sarah Lopez,No,
5QCWSMMHVJ,2024-12-02,Supreme Pizza,Pizza,13.99,Large,4,Charles Rodriguez,Yes,"2897 Nostrand Ave, Brooklyn, NY"
5GCO040Q72,2024-04-10,Classic Pepperoni Pizza,Pizza,9.49,Large,1,Jennifer Lopez,Yes,"9089 Eastern Pkwy, Brooklyn, NY"
CAHRA0WA6R,2024-05-20,Caesar Wings,Wings,8.99,8pc,1,Mary Williams,No,
QTQV95H07S,2024-10-22,Crazy Bread,Sides,4.99,Regular,3,Robert Moore,Yes,"6573 Kings Hwy, Brooklyn, NY"
GBV6VPLLGN,2024-10-23,Deep Dish Cheese,Pizza,11.49,Regular,3,Matthew Jackson,Yes,"1721 Kings Hwy, Brooklyn, NY"
ZHTFO0QSG7,2024-12-30,Classic Pepperoni Pizza,Pizza,9.49,Large,6,Joseph Williams,No,
NKKVBEY2EB,2024-02-08,Crazy Bread Combo,Sides,5.99,Regular,3,Matthew Martin,Yes,"7467 Utica Ave, Brooklyn, NY"
URTW6PML43,2024-01-18,Deep Dish Cheese,Pizza,11.49,Regular,1,Robert Davis,Yes,"3953 Kings Hwy, Brooklyn, NY"
0D6TKIR44P,2024-07-02,Buffalo Wings,Wings,9.49,8pc,2,Donald Martinez,Yes,"259 Church Ave, Brooklyn, NY"
811K4C6KGB,2024-11-28,Classic Pepperoni Pizza,Pizza,9.49,Large,3,Anthony Hernandez,Yes,"3204 Court St, Brooklyn, NY"
U7779RT3UN,2024-05-18,Italian Cheese Bread,Sides,6.49,Regular,4,Betty Moore,Yes,"1822 Fulton St, Brooklyn, NY"
RNMESI8GUG,2024-06-19,Caesar Wings,Wings,8.99,8pc,6,Linda Jackson,No,
JXVP84XBDJ,2024-08-16,ExtraMostBestest Pepperoni,Pizza,10.49,Large,3,John Brown,No,
29AW0A2FMN,2024-03-07,2 Liter Diet Pepsi,Beverage,3.29,2L,2,William Anderson,No,
UHDUVVJDJ7,2024-11-27,Crazy Bread,Sides,4.99,Regular,3,Michael Johnson,No,
DYHJPASUE4,2024-10-02,3 Meat Treat Pizza,Pizza,12.99,Large,1,John Jackson,Yes,"2401 Ocean Pkwy, Brooklyn, NY"
0Y2E4CLB7Q,2024-09-24,Veggie Pizza,Pizza,12.49,Large,4,Betty Miller,No,
H16AFDSSXO,2024-11-22,ExtraMostBestest Pepperoni,Pizza,10.49,Large,1,Matthew Davis,No,
O7P6X4N5J8,2024-01-19,Crazy Bread,Pizza,4.99,Regular,3,Betty Smith,Yes,"6875 Kings Hwy, Brooklyn, NY"
FLJM3KA9G9,2024-09-21,ExtraMostBestest Cheese,Pizza,10.49,Large,3,Barbara Gonzalez,Yes,"9414 Court St, Brooklyn, NY"
6EN5AVJ7ES,2024-05-26,Italian Cheese Bread,Sides,6.49,8pc,9,Sandra Wilson,Yes,"6678 Eastern Pkwy, Brooklyn, NY"
SWW6VT9XGM,2024-07-08,Aquafina Water,Beverage,1.99,20oz,5,Betty Hernandez,No,
MMS6E9TSU1,2024-01-11,Deep Dish Cheese,Pizza,11.49,Regular,3,David Smith,No,
7LK3BK0U34,2024-02-18,Deep Dish Pepperoni,Pizza,11.99,Regular,5,Patricia Johnson,No,
KT0CYXH2NV,2024-03-30,Classic Pepperoni Pizza,Pizza,9.49,Large,6,Ashley Garcia,Yes,"8875 Fulton St, Brooklyn, NY"
UI0BXXOWWR,2024-01-07,Deep Dish Pepperoni,Pizza,11.99,Regular,5,Lisa Martinez,Yes,"5934 Court St, Brooklyn, NY"
KXELDRODN9,2024-06-02,Crazy Bread Combo,Sides,5.99,Regular,6,Charles Johnson,Yes,"5706 Bedford Ave, Brooklyn, NY"
YLXJDIPCTN,2024-05-25,ExtraMostBestest Cheese,Pizza,10.49,Large,6,Donald Brown,No,
PA0KGIT050,2024-06-24,Veggie Pizza,Pizza,12.49,Large,7,Michael Brown,Yes,"4542 Nostrand Ave, Brooklyn, NY"
AO6CV81NS0,2024-08-27,Crazy Bread,Sides,4.99,Regular,3,Linda Brown,Yes,"3992 Utica Ave, Brooklyn, NY"
38UPVZ7S8D,2024-02-28,ExtraMostBestest Pepperoni,Pizza,10.49,Large,1,Susan Rodriguez,No,
QE5OU4H77U,2024-09-17,3 Meat Treat Pizza,Pizza,12.99,Large,4,John Taylor,Yes,"4055 Kings Hwy, Brooklyn, NY"
V6LGBK2XWG,2024-11-25,Mountain Dew 2 Liter,Beverage,3.29,2L,3,Jessica Lopez,Yes,"5322 Kings Hwy, Brooklyn, NY"
Z6O5RYJU5V,2024-09-08,ExtraMostBestest Pepperoni,Pizza,10.49,Large,4,Patricia Taylor,Yes,"4355 Eastern Pkwy, Brooklyn, NY"
A4RLUCDRUF,2024-12-23,Deep Dish Cheese,Pizza,11.49,Regular,3,Sarah Hernandez,Yes,"9511 Court St, Brooklyn, NY"
B8ZF234N36,2024-07-19,Classic Cheese Pizza,Pizza,8.99,Large,2,Anthony Martin,Yes,"5721 Eastern Pkwy, Brooklyn, NY"
WQ1MVKZNUG,2024-09-29,Classic Pepperoni Pizza,Pizza,9.49,Large,8,Robert Brown,Yes,"8060 Atlantic Ave, Brooklyn, NY"
4X3R7HH0SI,2024-07-16,Supreme Pizza,Pizza,13.99,Large,4,Karen Davis,Yes,"8023 Kings Hwy, Brooklyn, NY"
VVHFZKV5AA,2024-11-01,Buffalo Wings,Wings,9.49,8pc,1,Sandra Johnson,Yes,"4237 Nostrand Ave, Brooklyn, NY"
1BVW85KJYC,2024-10-13,2 Liter Diet Pepsi,Beverage,3.29,2L,6,Patricia Martin,Yes,"8296 Flatbush Ave, Brooklyn, NY"
89PUDO2NJ3,2024-10-25,ExtraMostBestest Cheese,Pizza,10.49,Large,1,William Smith,Yes,"225 Flatbush Ave, Brooklyn, NY"
KTOWCCP6TH,2024-06-16,Classic Pepperoni Pizza,Pizza,9.49,Large,7,Richard Smith,No,
ZFVMYUI9HK,2024-05-05,Supreme Pizza,Pizza,13.99,Large,10,Sandra Anderson,Yes,"1488 Bedford Ave, Brooklyn, NY"
BI0OII764T,2024-12-16,Caesar Wings,Wings,8.99,8pc,4,Joseph Moore,Yes,"6326 Kings Hwy, Brooklyn, NY"
PY81HR62WL,2024-08-12,Classic Cheese Pizza,Pizza,8.99,Large,3,Betty Rodriguez,Yes,"5826 Kings Hwy, Brooklyn, NY"
588887N5CM,2024-06-28,Crazy Bread Combo,Sides,5.99,Regular,5,Jessica,No,
V2CETU4NT7,2024-12-30,Deep Dish Pepperoni,Pizza,11.99,Regular,7,Lisa Hernandez,No,
KOJW4Q0TCU,2024-04-27,Mountain Dew 2 Liter,Beverage,3.29,2L,7,John Johnson,Yes,"7271 Ocean Pkwy, Brooklyn, NY"
1Z4CX1GZDC,2024-08-02,Italian Cheese Bread,Sides,6.49,Regular,2,Mary Jones,Yes,"1808 Coney Island Ave, Brooklyn, NY"
NDY8IHI5O6,2024-10-06,Crazy Bread Combo,Sides,5.99,Regular,4,Ashley Martinez,Yes,"3280 Nostrand Ave, Brooklyn, NY"
1DBQ0UTOTY,2024-03-24,Supreme Pizza,Pizza,13.99,Large,7,James Hernandez,No,
9OBFTE1MQH,2024-03-02,Deep Dish Pepperoni,Pizza,11.99,Regular,8,Michael Taylor,Yes,"5101 Court St, Brooklyn, NY"
R8958F8EJN,2024-10-12,Caesar Wings,Wings,8.99,8pc,8,Michael Williams,No,
HHGKD1WJJP,2024-05-06,Caesar Wings,Wings,8.99,8pc,4,Lisa Martin,No,
L9I9A2S1TL,2024-05-11,Crazy Bread Combo,Sides,5.99,Regular,8,Sandra Gonzalez,No,
8LK1NEXFD9,2024-07-13,Classic Cheese Pizza,Pizza,8.99,Large,5,Richard Garcia,Yes,"5910 Eastern Pkwy, Brooklyn, NY"
YHKDJR9V5P,2024-06-15,Italian Cheese Bread,Sides,6.49,Regular,6,Donald Wilson,Yes,"7435 Atlantic Ave, Brooklyn, NY"
VNU0VNHFOO,2024-01-10,ExtraMostBestest Cheese,Pizza,10.49,Large,2,David Anderson,Yes,"5610 Atlantic Ave, Brooklyn, NY"
POMJYNRXGQ,2024-02-23,ExtraMostBestest Pepperoni,Pizza,10.49,Large,1,Patricia Thomas,No,
HLKTUQG0BU,2024-06-30,Buffalo Wings,Wings,9.49,8pc,6,Jessica Lopez,Yes,"2948 Court St, Brooklyn, NY"
4P6TU1HW8I,2024-12-12,Italian Cheese Bread,Sides,6.49,Regular,10,Patricia Hernandez,Yes,"964 Church Ave, Brooklyn, NY"
VJVPQURCSN,2024-05-02,2 Liter Pepsi,Beverage,3.29,2L,5,Betty Wilson,Yes,"9266 Kings Hwy, Brooklyn, NY"
QOIGK96US7,2024-07-13,Italian Cheese Bread,Sides,6.49,Regular,8,Mark Rodriguez,Yes,"3855 Church Ave, Brooklyn, NY"
ZUB9DVTN4M,2024-04-18,2 Liter Pepsi,Beverage,3.29,2L,2,Donald Lopez,Yes,"8189 Bedford Ave, Brooklyn, NY"
YLSV0Z3OLL,2024-10-07,Classic Cheese Pizza,Pizza,8.99,Large,3,Ashley Martinez,Yes,"1374 Bedford Ave, Brooklyn, NY"
HXPQ4VOEF9,2024-02-15,Classic Cheese Pizza,Pizza,8.99,Large,1,Charles Garcia,Yes,"9955 Utica Ave, Brooklyn, NY"
4RR3G6WTIX,2024-09-30,Buffalo Wings,Wings,9.49,8pc,3,Matthew Jackson,Yes,"9771 Coney Island Ave, Brooklyn, NY"
EHLOOMFSQM,2024-09-30,Crazy Bread Combo,Sides,5.99,Regular,1,Joseph Moore,Yes,"5953 Flatbush Ave, Brooklyn, NY"
PDP6TO2W99,2024-05-06,ExtraMostBestest Pepperoni,Pizza,10.49,Large,4,Donald Hernandez,Yes,"868 Bedford Ave, Brooklyn, NY"
LLJUE0RU90,2024-05-18,Supreme Pizza,Pizza,13.99,Large,5,Daniel Miller,Yes,"754 Court St, Brooklyn, NY"
FVPT03MA4M,2024-09-27,Deep Dish Pepperoni,Pizza,11.99,Regular,1,Sarah Hernandez,Yes,"1743 Utica Ave, Brooklyn, NY"
AWBCSQWV2Y,2024-06-12,Crazy Bread,Sides,4.99,Regular,7,James Johnson,No,
ZLKQOBRBLP,2024-11-30,ExtraMostBestest Pepperoni,Pizza,10.49,Large,8,Richard Martin,Yes,"2745 Bedford Ave, Brooklyn, NY"
GZHGBWDY63,2024-10-29,Mountain Dew 2 Liter,Beverage,3.29,2L,4,Susan Jones,Yes,"8140 Utica Ave, Brooklyn, NY"
4JZORWZ1XF,2024-10-31,ExtraMostBestest Cheese,Pizza,10.49,Large,2,Mary Smith,No,
YCT8R3XE7V,2024-10-28,3 Meat Treat Pizza,Pizza,12.99,Large,1,Richard Taylor,No,
0UUKNMXL7Y,2024-08-26,Mountain Dew 2 Liter,Beverage,3.29,2L,5,Daniel Rodriguez,Yes,"4541 Nostrand Ave, Brooklyn, NY"
BXUKXM93IW,2024-03-09,Classic Pepperoni Pizza,Pizza,9.49,Large,7,Nancy Hernandez,Yes,"2630 Court St, Brooklyn, NY"
2LWAAWVRTL,2024-04-06,Deep Dish Cheese,Pizza,11.49,Regular,10,William Rodriguez,Yes,"2306 Bedford Ave, Brooklyn, NY"
A3OJEIZA1X,2024-09-07,Mountain Dew 2 Liter,Beverage,3.29,2L,6,Charles Taylor,No,
IN6Y8QNOBV,2024-07-06,Classic Cheese Pizza,Pizza,8.99,Large,3,Patricia Anderson,No,
1OU8QBIX1I,2024-11-10,Classic Cheese Pizza,Pizza,8.99,Large,7,Michael Anderson,Yes,"2697 Kings Hwy, Brooklyn, NY"
W18RI65H63,2024-10-19,3 Meat Treat Pizza,Pizza,12.99,Large,9,Mark Thomas,Yes,"9506 Atlantic Ave, Brooklyn, NY"
60OHKJ6FFZ,2024-02-19,ExtraMostBestest Cheese,Wings,10.49,Large,4,Nancy Wilson,No,
NJ6EDX1W7P,2024-10-20,2 Liter Pepsi,Beverage,3.29,2L,5,Mary Garcia,Yes,"4969 Atlantic Ave, Brooklyn, NY"
66T7RLMZ40,2024-12-07,ExtraMostBestest Pepperoni,Pizza,10.49,Large,7,Barbara Jones,Yes,"2732 Court St, Brooklyn, NY"
Q7QPAFV2RK,2024-12-10,ExtraMostBestest Pepperoni,Pizza,10.49,Large,3,Jessica Martinez,Yes,
SUACN582PT,2024-05-24,Supreme Pizza,Pizza,13.99,Large,3,Barbara Miller,No,
X6XDAH1SWN,2024-07-20,Classic Pepperoni Pizza,Pizza,9.49,Large,7,Mark Davis,Yes,"1154 Utica Ave, Brooklyn, NY"
6GDE8DX66I,2024-08-30,Supreme Pizza,Pizza,13.99,Large,2,Jessica Taylor,No,
27241MDHGM,2024-01-06,ExtraMostBestest Pepperoni,Pizza,10.49,Large,7,Donald Jones,Yes,"107 Fulton St, Brooklyn, NY"
RYZNG32M7J,2024-10-25,Classic Cheese Pizza,Pizza,8.99,Large,2,Michael Miller,No,
3D41CZJE2S,2024-06-08,Crazy Bread,Sides,4.99,Regular,3,Susan Martin,No,
KNENC97EXP,2024-10-26,Deep Dish Pepperoni,Pizza,11.99,Regular,6,Patricia Williams,Yes,"1254 Flatbush Ave, Brooklyn, NY"
1JEWMGB4M3,2024-06-19,Aquafina Water,Beverage,1.99,20oz,8,Matthew Lopez,Yes,"976 Eastern Pkwy, Brooklyn, NY"
S8C0L5DSCA,2024-03-31,ExtraMostBestest Cheese,Pizza,10.49,Large,6,Barbara Moore,Yes,"8402 Utica Ave, Brooklyn, NY"
BRU854K8YW,2024-05-17,ExtraMostBestest Pepperoni,Pizza,10.49,Large,2,Ashley Moore,Yes,"7684 Coney Island Ave, Brooklyn, NY"
2REP7R0U07,2024-11-27,ExtraMostBestest Cheese,Pizza,10.49,Large,4,David Martinez,Yes,"5818 Flatbush Ave, Brooklyn, NY"
YBTXIKAHGW,2024-08-31,Crazy Bread,Sides,4.99,Regular,5,John Anderson,Yes,"7880 Utica Ave, Brooklyn, NY"
D1H1P5ZE7Z,2024-10-23,3 Meat Treat Pizza,Pizza,12.99,Large,3,Karen Davis,Yes,"4922 Bedford Ave, Brooklyn, NY"
3F42XZHWXS,2024-08-06,Italian Cheese Bread,Sides,6.49,Regular,1,Jessica Taylor,Yes,"8946 Bedford Ave, Brooklyn, NY"
6934NBBOHW,2024-07-05,3 Meat Treat Pizza,Pizza,12.99,Large,3,Sandra Hernandez,Yes,"3831 Nostrand Ave, Brooklyn, NY"
5BEJBJVSTI,2024-06-08,Classic Cheese Pizza,Pizza,8.99,Large,4,Richard Johnson,Yes,
4Q9MY338M1,2024-05-29,Aquafina Water,Beverage,1.99,20oz,3,Patricia Brown,No,
8WXSQGU5GE,2024-05-16,Buffalo Wings,Wings,9.49,8pc,2,William Anderson,No,
6KXPXSGG24,2024-08-06,Classic Cheese Pizza,Pizza,8.99,Large,2,Robert Martinez,Yes,"5957 Bedford Ave, Brooklyn, NY"
IHJUPEVMY2,2024-11-02,Crazy Bread,Sides,4.99,Regular,5,Karen Rodriguez,No,
UG0PC7HZN5,2024-07-09,Classic Pepperoni Pizza,Pizza,9.49,Large,2,Charles Anderson,No,
9AP0O5YXBP,2024-11-16,2 Liter Pepsi,Beverage,3.29,2L,8,Matthew Taylor,No,
C1WSMHPB1H,2024-03-25,Mountain Dew 2 Liter,Beverage,3.29,2L,1,Donald Moore,Yes,"3480 Bedford Ave, Brooklyn, NY"
LSS1711IVW,2024-01-13,ExtraMostBestest Pepperoni,Pizza,10.49,Large,4,Matthew Davis,No,
MRDO89LAW8,2024-11-09,Classic Cheese Pizza,Pizza,8.99,Large,7,William Wilson,No,
8MGLJ9E6IB,2024-11-21,2 Liter Pepsi,Beverage,3.29,2L,3,Karen Jackson,Yes,"4476 Church Ave, Brooklyn, NY"
OTCYPJBQSL,2024-12-26,Caesar Wings,Wings,8.99,8pc,4,Susan Rodriguez,Yes,"3047 Eastern Pkwy, Brooklyn, NY"
CNRXZRG3UC,2024-10-06,Classic Pepperoni Pizza,Pizza,9.49,Large,7,Elizabeth Taylor,Yes,"1658 Court St, Brooklyn, NY"
GUE4WV1F64,2024-07-02,Classic Pepperoni Pizza,Pizza,9.49,8pc,1,Daniel Johnson,Yes,"7988 Atlantic Ave, Brooklyn, NY"
DI48M0KXAN,2024-08-25,Buffalo Wings,Wings,9.49,8pc,7,Lisa Miller,No,
0B128NWU4J,2024-11-03,Crazy Bread Combo,Sides,5.99,Regular,3,Nancy Lopez,Yes,"3826 Flatbush Ave, Brooklyn, NY"
MZ9T33SBFO,2024-05-26,Classic Pepperoni Pizza,Pizza,9.49,Large,8,Betty Davis,Yes,"3488 Atlantic Ave, Brooklyn, NY"
AT5D8RK0Q1,2024-11-23,ExtraMostBestest Pepperoni,Pizza,10.49,,5,Charles Davis,Yes,"6790 Atlantic Ave, Brooklyn, NY"
PMIAVVAYFC,2024-05-03,Classic Pepperoni Pizza,Pizza,9.49,Large,1,Karen Taylor,No,
KCB5E0FNVD,2024-01-31,Deep Dish Pepperoni,Pizza,11.99,Regular,3,Susan Hernandez,No,
SS7DC6JAEO,2024-03-22,Classic Pepperoni Pizza,Pizza,9.49,Large,3,Karen Jackson,Yes,"4923 Fulton St, Brooklyn, NY"
9UHEXD638Y,2024-07-05,Caesar Wings,Wings,8.99,8pc,3,Robert Martin,Yes,"8534 Church Ave, Brooklyn, NY"
PHJCPI5IH1,2024-10-20,Crazy Bread,Sides,4.99,Regular,5,Thomas Wilson,Yes,"9084 Kings Hwy, Brooklyn, NY"
E1R0W22YK1,2024-02-08,Classic Pepperoni Pizza,Pizza,9.49,Large,4,Karen Taylor,Yes,"8830 Ocean Pkwy, Brooklyn, NY"
49F53CQ1DQ,2024-11-23,Caesar Wings,Wings,8.99,8pc,6,James Johnson,Yes,"5082 Utica Ave, Brooklyn, NY"
PXLIX5BLGU,2024-04-23,Aquafina Water,Beverage,1.99,20oz,3,William Martin,Yes,"3779 Coney Island Ave, Brooklyn, NY"
3PHJ071V7W,2024-03-24,Mountain Dew 2 Liter,Beverage,3.29,2L,10,Donald Jones,No,
HLO650QGEO,2024-08-21,2 Liter Diet Pepsi,Beverage,3.29,2L,4,Betty Smith,Yes,"6780 Fulton St, Brooklyn, NY"
JUKFT1F1BT,2024-07-15,Crazy Bread,Sides,4.99,Regular,3,John Rodriguez,Yes,"9492 Fulton St, Brooklyn, NY"
SFO453ZKTN,2024-04-23,2 Liter Diet Pepsi,Beverage,3.29,2L,2,Charles Jones,Yes,"784 Eastern Pkwy, Brooklyn, NY"
XQMBCXBN9V,2024-12-28,Deep Dish Cheese,Pizza,11.49,2L,5,Thomas Lopez,No,
OFW1G4YR06,2024-04-03,Classic Cheese Pizza,Pizza,8.99,Large,1,Donald Johnson,No,
DK7R6Y9W7I,2024-07-08,2 Liter Diet Pepsi,Beverage,3.29,2L,5,Jennifer Davis,Yes,
6GDGY87QTH,2024-09-24,2 Liter Pepsi,Beverage,3.29,2L,3,Barbara Taylor,Yes,"7045 Coney Island Ave, Brooklyn, NY"
OKU0MAN5SN,2024-10-13,Supreme Pizza,Pizza,13.99,Large,5,Mary Hernandez,Yes,"7129 Atlantic Ave, Brooklyn, NY"
WWI60G75XM,2024-08-12,Crazy Bread,Sides,4.99,Regular,2,Ashley Jackson,No,
SPKS337J5Z,2024-07-29,Classic Cheese Pizza,Pizza,8.99,Large,3,Ashley Martinez,No,
YV2HM1H9XV,2024-04-12,Classic Pepperoni Pizza,Pizza,9.49,Large,3,John Rodriguez,Yes,"4230 Atlantic Ave, Brooklyn, NY"
ATDJ7XHAZF,2024-05-26,3 Meat Treat Pizza,Pizza,12.99,Large,5,Barbara Miller,Yes,"5317 Fulton St, Brooklyn, NY"
ETZ8SUM6ZV,2024-10-27,Buffalo Wings,Wings,9.49,8pc,7,Ashley Davis,Yes,"7407 Bedford Ave, Brooklyn, NY"
8QXN30EDJQ,2024-06-09,2 Liter Diet Pepsi,Beverage,3.29,2L,10,Sarah Miller,No,
SL1JEIX1W2,2024-10-12,Buffalo Wings,Wings,9.49,8pc,5,Barbara Jones,Yes,"6011 Atlantic Ave, Brooklyn, NY"
Y9DMYMWQJK,2024-12-02,Classic Pepperoni Pizza,Pizza,9.49,Large,4,Sarah Jones,Yes,"6328 Ocean Pkwy, Brooklyn, NY"
WDPEKMW2C9,2024-11-09,Classic Pepperoni Pizza,Pizza,9.49,Large,6,Thomas Miller,Yes,"3709 Church Ave, Brooklyn, NY"
IBZ3K0C0Z2,2024-07-20,ExtraMostBestest Pepperoni,Pizza,10.49,Large,7,Sandra Taylor,Yes,"2718 Church Ave, Brooklyn, NY"
ARBU7HF043,2024-02-27,Buffalo Wings,Wings,9.49,8pc,2,Thomas Gonzalez,No,
5U6U4CLFB5,2024-04-01,Classic Pepperoni Pizza,Pizza,9.49,Large,3,Anthony Anderson,No,
KE5NTXYBZ9,2024-03-29,Caesar Wings,Wings,8.99,8pc,4,John Jones,Yes,"4896 Bedford Ave, Brooklyn, NY"
3WSP5240SF,2024-08-08,ExtraMostBestest Cheese,Pizza,10.49,Large,3,David Rodriguez,Yes,"9471 Nostrand Ave, Brooklyn, NY"
TAI4ELAVRQ,2024-09-07,ExtraMostBestest Pepperoni,Pizza,10.49,Large,4,Ashley Anderson,No,
TYQYVZULNB,2024-05-29,Deep Dish Pepperoni,Pizza,11.99,Regular,1,John Brown,Yes,"4725 Atlantic Ave, Brooklyn, NY"
US3AAAEBVG,2024-11-29,2 Liter Pepsi,Beverage,3.29,2L,1,David Miller,Yes,"838 Atlantic Ave, Brooklyn, NY"
3M467RWK2M,2024-01-20,Italian Cheese Bread,Sides,6.49,Regular,4,Jessica Taylor,No,
LY4NFY9N12,2024-10-08,ExtraMostBestest Cheese,Pizza,10.49,Large,2,James Wilson,No,
NZVZ8AE2JO,2024-04-22,ExtraMostBestest Cheese,Pizza,10.49,Large,2,Charles Hernandez,Yes,"2233 Utica Ave, Brooklyn, NY"
NOR0ESTCT8,2024-03-15,ExtraMostBestest Pepperoni,Pizza,10.49,Large,2,James Rodriguez,Yes,
JYSP3JDV35,2024-12-15,3 Meat Treat Pizza,Pizza,12.99,Large,7,Richard Garcia,No,
RY7SHP59MG,2024-12-10,Aquafina Water,Beverage,1.99,20oz,4,Matthew Anderson,No,
D6TLD858A5,2024-10-11,2 Liter Pepsi,Beverage,3.29,2L,4,Donald,Yes,"4842 Church Ave, Brooklyn, NY"
937CP2KQI3,2024-12-09,Classic Pepperoni Pizza,Pizza,9.49,Large,1,James Martin,Yes,"7918 Bedford Ave, Brooklyn, NY"
JNK5UXRJEC,2024-08-27,Classic Cheese Pizza,Pizza,8.99,Large,4,Mary Jones,Yes,"4898 Bedford Ave, Brooklyn, NY"
6VGOE2PRJ7,2024-02-28,3 Meat Treat Pizza,Pizza,12.99,Large,2,John Smith,No,
1TRRR1G7SV,2024-02-06,Supreme Pizza,Pizza,13.99,Large,2,Jessica Johnson,Yes,"1636 Atlantic Ave, Brooklyn, NY"
FG4N69CL2U,2024-01-20,Classic Pepperoni Pizza,Pizza,9.49,Large,6,Nancy Garcia,Yes,"8566 Ocean Pkwy, Brooklyn, NY"
V5C1SUGSGV,2024-06-17,Veggie Pizza,Pizza,12.49,Large,5,Barbara Taylor,Yes,"5935 Court St, Brooklyn, NY"
0VHIINPBM5,2024-07-03,ExtraMostBestest Pepperoni,Pizza,10.49,Large,1,Robert Wilson,Yes,"5020 Church Ave, Brooklyn, NY"
62MR9W4V4P,2024-04-28,Italian Cheese Bread,Sides,6.49,Regular,10,Anthony Garcia,Yes,"8821 Bedford Ave, Brooklyn, NY"
INZ5EFFRA8,2024-11-05,Deep Dish Pepperoni,Pizza,11.99,Regular,4,Betty Wilson,No,
R87P04X7IA,2024-11-26,Deep Dish Cheese,Pizza,11.49,Regular,2,Matthew Miller,Yes,"8051 Eastern Pkwy, Brooklyn, NY"
HFJQVIC0FO,2024-09-10,Caesar Wings,Wings,8.99,8pc,1,Thomas Jones,No,
M2R7SNKYEZ,2024-05-09,ExtraMostBestest Pepperoni,Pizza,10.49,Large,3,Daniel Anderson,No,
1TESB8U1KE,2024-07-25,Mountain Dew 2 Liter,Beverage,3.29,2L,2,Ashley Thomas,Yes,"234 Flatbush Ave, Brooklyn, NY"
0SQ7R50PV9,2024-12-07,2 Liter Diet Pepsi,Beverage,3.29,2L,5,Joseph Martinez,No,
2IB9Z2PKPG,2024-01-11,Deep Dish Cheese,Pizza,11.49,Regular,4,William Garcia,Yes,"3448 Kings Hwy, Brooklyn, NY"
K1AD1EXTI3,2024-06-30,ExtraMostBestest Pepperoni,Pizza,10.49,Large,5,James Lopez,Yes,"5213 Nostrand Ave, Brooklyn, NY"
G1XGDPI1BH,2024-11-19,Deep Dish Cheese,Pizza,11.49,Regular,1,Elizabeth Garcia,Yes,"5846 Coney Island Ave, Brooklyn, NY"
N4VIZ0M9VE,2024-10-26,Caesar Wings,Wings,8.99,8pc,7,Daniel Smith,No,
OFAW4UD35E,2024-06-13,Crazy Bread,Sides,4.99,Regular,5,Donald Lopez,Yes,"4037 Coney Island Ave, Brooklyn, NY"
6Y9H2XOZD0,2024-06-20,ExtraMostBestest Cheese,Pizza,10.49,Large,6,Lisa Hernandez,Yes,"1946 Church Ave, Brooklyn, NY"
V2DDPACD8L,2024-02-04,Crazy Bread,Sides,4.99,Regular,7,Anthony Williams,No,
CQ8UGXA766,2024-03-19,Classic Cheese Pizza,Pizza,8.99,Large,3,Elizabeth Moore,Yes,"2945 Flatbush Ave, Brooklyn, NY"
OCRO1155QK,2024-02-13,Classic Cheese Pizza,Pizza,8.99,Large,3,Nancy Gonzalez,No,
87SOLHE2A8,2024-08-07,Crazy Bread,Sides,4.99,Regular,1,Nancy Moore,Yes,"1649 Church Ave, Brooklyn, NY"
IT7X5YC7KL,2024-04-01,Supreme Pizza,Pizza,13.99,Large,4,Karen Davis,Yes,"9047 Church Ave, Brooklyn, NY"
N17LG3UA59,2024-12-14,Crazy Bread Combo,Sides,5.99,Regular,4,Sarah Rodriguez,No,
7QUR585WUJ,2024-12-10,Classic Pepperoni Pizza,Pizza,9.49,Large,2,Jennifer Miller,Yes,"4813 Church Ave, Brooklyn, NY"
MD6Z3A8W3G,2024-03-12,Classic Pepperoni Pizza,Pizza,9.49,Large,1,Thomas Moore,Yes,"7970 Ocean Pkwy, Brooklyn, NY"
XURETJ36HU,2024-07-01,Deep Dish Pepperoni,Pizza,11.99,Regular,3,Lisa Taylor,No,
79ZWNMWVLP,2024-12-25,Crazy Bread,Sides,4.99,Regular,5,Barbara Gonzalez,Yes,"9215 Kings Hwy, Brooklyn, NY"
KSGBP21S50,2024-02-09,Italian Cheese Bread,Sides,6.49,Regular,4,Donald,No,
0ZCNS3JMED,2024-01-09,Classic Pepperoni Pizza,Pizza,9.49,Large,3,Joseph Martinez,No,
1BD7BZY6I7,2024-03-16,Supreme Pizza,Pizza,13.99,Large,6,Barbara Gonzalez,Yes,"873 Nostrand Ave, Brooklyn, NY"
WOEOL6C1FF,2024-09-16,Crazy Bread Combo,Sides,5.99,Regular,3,Betty Anderson,Yes,"2394 Coney Island Ave, Brooklyn, NY"
2OCS9VALNI,2024-01-30,2 Liter Diet Pepsi,Beverage,3.29,2L,3,Linda Thomas,Yes,"5122 Church Ave, Brooklyn, NY"
R59FP0RPJJ,2024-03-01,Crazy Bread,Sides,4.99,Regular,1,Patricia Moore,No,
JA5TXW7SYA,2024-09-24,Classic Pepperoni Pizza,Pizza,9.49,Large,2,Elizabeth Rodriguez,Yes,"4053 Atlantic Ave, Brooklyn, NY"
PDDEBW0IGQ,2024-11-13,3 Meat Treat Pizza,Pizza,12.99,Large,3,Anthony,No,
UPWIAT8NDP,2024-12-20,2 Liter Pepsi,Beverage,3.29,2L,4,Elizabeth Gonzalez,Yes,
9Q60CDQF22,2024-08-12,Crazy Bread,Sides,4.99,Regular,2,Betty Taylor,No,
0OZHU6ZM0D,2024-02-24,Classic Pepperoni Pizza,Pizza,9.49,Large,9,Jessica Anderson,Yes,"4000 Eastern Pkwy, Brooklyn, NY"
MZBFO7N4NS,2024-07-24,Supreme Pizza,Pizza,13.99,Large,3,Sandra Johnson,No,
7MCYZ51BIQ,2024-02-07,Classic Cheese Pizza,Pizza,8.99,Large,1,Betty Jackson,Yes,"5302 Eastern Pkwy, Brooklyn, NY"
RVMEOZF6ML,2024-09-01,Buffalo Wings,Wings,9.49,8pc,7,Linda Gonzalez,Yes,"7383 Atlantic Ave, Brooklyn, NY"
6ID8XYO6CL,2024-11-01,3 Meat Treat Pizza,Pizza,12.99,Large,2,Donald Rodriguez,Yes,"3814 Atlantic Ave, Brooklyn, NY"
JKKCG9LK77,2024-09-25,Classic Cheese Pizza,Pizza,8.99,Large,3,Charles Johnson,Yes,"5215 Nostrand Ave, Brooklyn, NY"
H47CCOJAGQ,2024-02-26,Mountain Dew 2 Liter,Beverage,3.29,,3,Patricia Lopez,Yes,"8284 Eastern Pkwy, Brooklyn, NY"
XM07CWXJBA,2024-05-12,Crazy Bread Combo,Sides,5.99,Regular,5,Jennifer Rodriguez,Yes,"1803 Fulton St, Brooklyn, NY"
N972FORCBF,2024-01-26,Italian Cheese Bread,Sides,6.49,Regular,2,Sandra Brown,Yes,"5148 Court St, Brooklyn, NY"
XB284OTYBC,2024-11-12,Italian Cheese Bread,Sides,6.49,Regular,4,Donald Moore,Yes,"7338 Eastern Pkwy, Brooklyn, NY"
5977YLA83G,2024-04-13,2 Liter Diet Pepsi,Beverage,3.29,2L,4,James Garcia,No,
9DNUIRYCGF,2024-06-16,Deep Dish Cheese,Sides,11.49,Regular,5,Charles Lopez,Yes,"9981 Court St, Brooklyn, NY"
0XYEAYFROP,2024-02-09,Deep Dish Pepperoni,Pizza,11.99,Regular,2,Anthony Taylor,Yes,"4357 Bedford Ave, Brooklyn, NY"
ZC5DP4SE5T,2024-02-29,ExtraMostBestest Pepperoni,Pizza,10.49,Large,4,Matthew Williams,Yes,"4139 Church Ave, Brooklyn, NY"
4Z1PC0L6JG,2024-08-10,Buffalo Wings,Wings,9.49,8pc,6,Lisa Wilson,Yes,"3347 Ocean Pkwy, Brooklyn, NY"
P6ZSIQ10LD,2024-02-29,Mountain Dew 2 Liter,Beverage,3.29,2L,2,Betty Brown,No,
CSIEJ51IL7,2024-04-07,ExtraMostBestest Pepperoni,Pizza,10.49,Large,9,Nancy Wilson,No,
XF7X98YVL5,2024-09-27,ExtraMostBestest Pepperoni,Pizza,10.49,Large,1,John Martinez,No,
M17C189VUZ,2024-04-05,ExtraMostBestest Pepperoni,Pizza,10.49,Large,4,Karen Taylor,Yes,"2188 Ocean Pkwy, Brooklyn, NY"
JL7KRZ07QD,2024-08-25,Caesar Wings,Wings,8.99,8pc,4,Michael Moore,No,
TPQZZ0IB8F,2024-01-26,ExtraMostBestest Cheese,Pizza,10.49,Large,3,Jessica Gonzalez,Yes,"1350 Coney Island Ave, Brooklyn, NY"
05WLBBUYZX,2024-01-19,Crazy Bread Combo,Sides,5.99,Regular,4,Elizabeth Wilson,Yes,
PYB056B5O6,2024-05-12,Italian Cheese Bread,Sides,6.49,Regular,10,Joseph Miller,No,
ICKYVIV2EO,2024-05-26,Deep Dish Cheese,Pizza,11.49,Regular,4,Thomas Hernandez,No,
M8RD7KFO30,2024-11-02,Classic Pepperoni Pizza,Pizza,9.49,Large,9,Betty Moore,Yes,"7320 Eastern Pkwy, Brooklyn, NY"
70HYHPIPB1,2024-07-19,Supreme Pizza,Pizza,13.99,Large,3,Sarah Taylor,Yes,"2219 Fulton St, Brooklyn, NY"
6GESEKXY9D,2024-06-25,2 Liter Pepsi,Beverage,3.29,2L,8,Lisa Thomas,Yes,"5240 Atlantic Ave, Brooklyn, NY"
5HK6OJ244E,2024-12-26,Crazy Bread,Sides,4.99,Regular,8,Linda Garcia,No,
PY92IDF5C5,2024-04-08,2 Liter Diet Pepsi,Beverage,3.29,2L,1,Linda Moore,Yes,
GLHVTLOSG4,2024-10-14,Classic Cheese Pizza,Pizza,8.99,Large,4,Thomas Johnson,Yes,"4618 Church Ave, Brooklyn, NY"
BQ510B05XI,2024-01-23,Classic Cheese Pizza,Pizza,8.99,Large,3,Anthony Taylor,No,
23DW5POLSJ,2024-11-03,Classic Pepperoni Pizza,Pizza,9.49,Large,9,Daniel Davis,Yes,"1736 Nostrand Ave, Brooklyn, NY"
UFXNNMF9GX,2024-03-04,Deep Dish Cheese,Pizza,11.49,Regular,1,Linda Gonzalez,Yes,"4356 Coney Island Ave, Brooklyn, NY"
LL5RL101SR,2024-03-30,Supreme Pizza,Pizza,13.99,Large,8,Lisa Anderson,No,
DU3Y448OKK,2024-04-19,3 Meat Treat Pizza,Pizza,12.99,Large,3,Robert Miller,Yes,"3783 Nostrand Ave, Brooklyn, NY"
J0X6RLZIRV,2024-08-09,Classic Cheese Pizza,Pizza,8.99,Large,2,Anthony Williams,Yes,"1111 Atlantic Ave, Brooklyn, NY"
X4198ISTIM,2024-12-11,Classic Pepperoni Pizza,Pizza,9.49,Large,6,Karen Gonzalez,No,
B8R9MTCORK,2024-05-21,Deep Dish Cheese,Pizza,11.49,Regular,2,John Wilson,Yes,"3954 Court St, Brooklyn, NY"
ISLJA1UWPA,2024-08-17,Classic Pepperoni Pizza,Pizza,9.49,Large,7,Joseph Hernandez,Yes,"5303 Ocean Pkwy, Brooklyn, NY"
TQT3REI5I8,2024-09-15,Deep Dish Cheese,Pizza,11.49,Regular,9,Jennifer Martinez,Yes,"3300 Ocean Pkwy, Brooklyn, NY"
DSS5OI4TOK,2024-05-04,ExtraMostBestest Pepperoni,Pizza,10.49,Large,5,Joseph Taylor,No,
UXQJBTKZ1A,2024-05-04,Crazy Bread Combo,Sides,5.99,Regular,4,William Gonzalez,No,
DWAXPCD6I2,2024-01-16,Crazy Bread,Sides,4.99,Regular,2,Barbara Gonzalez,No,
6R1ZSY9I5O,2024-10-13,Deep Dish Cheese,Pizza,11.49,Regular,7,Robert Miller,Yes,"2909 Ocean Pkwy, Brooklyn, NY"
HPHHY162N3,2024-05-02,Crazy Bread Combo,Sides,5.99,Regular,1,Robert Brown,No,
5S3K4602V0,2024-03-20,Supreme Pizza,Pizza,13.99,Large,3,Patricia Brown,No,
5RA2M53IR3,2024-01-06,Caesar Wings,Wings,8.99,8pc,8,John Rodriguez,Yes,"1416 Court St, Brooklyn, NY"
NKB3I3ZZPI,2024-12-01,Deep Dish Cheese,Pizza,11.49,Regular,6,Charles Gonzalez,No,
XSKO7LO6FY,2024-12-15,Buffalo Wings,Wings,9.49,8pc,5,Patricia Davis,Yes,"6550 Kings Hwy, Brooklyn, NY"
TKSUU5UTXR,2024-10-27,Supreme Pizza,Pizza,13.99,Large,7,Jessica Thomas,No,
UH2IJW3VN5,2024-07-25,Classic Pepperoni Pizza,Pizza,9.49,Large,4,Michael Wilson,No,
WJW9XYUDQL,2024-11-06,ExtraMostBestest Cheese,Pizza,10.49,Large,4,Linda Smith,No,
OUIZ1V2YLA,2024-03-07,Crazy Bread Combo,Sides,5.99,Regular,1,Elizabeth Martinez,No,
P451B6TAOV,2024-06-07,2 Liter Diet Pepsi,Beverage,3.29,2L,6,William Miller,Yes,"1212 Nostrand Ave, Brooklyn, NY"
CBY3JRD7HJ,2024-07-01,Classic Pepperoni Pizza,Pizza,9.49,Large,4,Patricia,Yes,"1209 Bedford Ave, Brooklyn, NY"
QE8M5200Z2,2024-08-11,Caesar Wings,Wings,8.99,8pc,9,Donald Taylor,Yes,"8062 Atlantic Ave, Brooklyn, NY"
9RA2OXX70C,2024-05-30,2 Liter Diet Pepsi,Beverage,3.29,2L,4,Robert Taylor,Yes,"6627 Nostrand Ave, Brooklyn, NY"
T8VTNZYIK4,2024-08-04,Italian Cheese Bread,Sides,6.49,Regular,7,Mary Moore,No,
SSJUVNVLMX,2024-08-01,ExtraMostBestest Pepperoni,Pizza,10.49,Large,2,Elizabeth Williams,No,
6EBNBW6GL5,2024-04-12,Italian Cheese Bread,Sides,6.49,Regular,2,John Hernandez,Yes,"3086 Coney Island Ave, Brooklyn, NY"
8VFPA1Q6I7,2024-04-27,2 Liter Diet Pepsi,Beverage,3.29,2L,6,Betty Martinez,Yes,"2264 Nostrand Ave, Brooklyn, NY"
GM4DUOLRCJ,2024-10-20,Deep Dish Cheese,Pizza,11.49,Regular,6,Richard Miller,No,
7QUDJS6CK1,2024-09-13,Italian Cheese Bread,Sides,6.49,Regular,1,James Smith,Yes,"2002 Flatbush Ave, Brooklyn, NY"
SABJFIKNZY,2024-07-29,Mountain Dew 2 Liter,Beverage,3.29,2L,8,Ashley Jones,Yes,"1043 Eastern Pkwy, Brooklyn, NY"
S6WXQI3V4O,2024-12-25,2 Liter Diet Pepsi,Beverage,3.29,2L,6,Daniel Taylor,No,
Q2RICN9RIC,2024-11-09,Aquafina Water,Beverage,1.99,20oz,6,Donald Brown,Yes,"5959 Utica Ave, Brooklyn, NY"
GRPB05EJAJ,2024-08-07,Italian Cheese Bread,Sides,6.49,Regular,2,Robert Anderson,No,
HN5O4I4HN5,2024-01-05,Mountain Dew 2 Liter,Beverage,3.29,8pc,1,Robert Johnson,Yes,"2762 Coney Island Ave, Brooklyn, NY"
LW7VD8UQ8L,2024-01-22,Crazy Bread Combo,Sides,5.99,Regular,2,Betty Hernandez,Yes,"8926 Coney Island Ave, Brooklyn, NY"
VK7EBMQOCA,2024-12-20,Crazy Bread,Sides,4.99,Regular,5,Charles Johnson,Yes,"7176 Nostrand Ave, Brooklyn, NY"
NXSF0ZGJ4B,2024-07-27,Classic Cheese Pizza,Pizza,8.99,Large,3,John Moore,Yes,"8161 Nostrand Ave, Brooklyn, NY"
L8B9GOKH38,2024-06-07,Classic Cheese Pizza,Pizza,8.99,Large,1,David Martinez,Yes,"643 Nostrand Ave, Brooklyn, NY"
VHOMSXXEYI,2024-01-16,ExtraMostBestest Pepperoni,Pizza,10.49,Large,4,Matthew Lopez,Yes,"6829 Eastern Pkwy, Brooklyn, NY"
N8VIW1K3L8,2024-08-21,Classic Cheese Pizza,Pizza,8.99,8pc,3,Lisa Anderson,Yes,"1634 Court St, Brooklyn, NY"
VWTZH36383,2024-10-31,Aquafina Water,Beverage,1.99,20oz,4,Matthew Miller,No,
1GT2MVSCGH,2024-07-13,Classic Pepperoni Pizza,Pizza,9.49,Large,9,Daniel Davis,No,
PEK211347N,2024-10-14,Italian Cheese Bread,Sides,6.49,Regular,3,Mark Garcia,Yes,
Q7WR8F7NRY,2024-06-24,Deep Dish Cheese,Pizza,11.49,Regular,6,Nancy Thomas,No,
5UUSMHVDH2,2024-04-13,Classic Pepperoni Pizza,Pizza,9.49,Large,3,Daniel Thomas,Yes,"6064 Flatbush Ave, Brooklyn, NY"
XUUA5FJTDT,2024-01-23,Classic Cheese Pizza,Pizza,8.99,Large,4,Linda Wilson,No,
7LHB3E63UH,2024-11-05,ExtraMostBestest Pepperoni,Pizza,10.49,Large,4,Linda Martin,Yes,"4750 Flatbush Ave, Brooklyn, NY"
D93P8P702A,2024-08-15,ExtraMostBestest Cheese,Pizza,10.49,Large,1,Nancy Rodriguez,Yes,"5631 Coney Island Ave, Brooklyn, NY"
VUXOOU5AU6,2024-03-07,Classic Pepperoni Pizza,Pizza,9.49,Large,4,Lisa Davis,Yes,"8261 Atlantic Ave, Brooklyn, NY"
ENMW8MW5G4,2024-08-14,2 Liter Diet Pepsi,Beverage,3.29,2L,6,Daniel Anderson,Yes,"1456 Court St, Brooklyn, NY"
DYNKWWUZBM,2024-06-16,2 Liter Diet Pepsi,Beverage,3.29,2L,7,Barbara Smith,Yes,"2688 Ocean Pkwy, Brooklyn, NY"
IUXAQ8FLFK,2024-06-06,ExtraMostBestest Pepperoni,Pizza,10.49,Large,2,David Brown,No,
T3AX5672CA,2024-05-04,Crazy Bread Combo,Sides,5.99,Regular,6,Sarah Johnson,Yes,"6513 Court St, Brooklyn, NY"
BQ3VXPM9SM,2024-02-29,Caesar Wings,Wings,8.99,8pc,1,James Martinez,Yes,"4758 Kings Hwy, Brooklyn, NY"
F744NLDE4D,2024-12-14,Crazy Bread,Sides,4.99,Regular,7,Matthew Davis,Yes,"8585 Atlantic Ave, Brooklyn, NY"
3FWK0XUQA2,2024-07-26,ExtraMostBestest Cheese,Pizza,10.49,Large,2,James Rodriguez,Yes,"4381 Eastern Pkwy, Brooklyn, NY"
YE8LSD017T,2024-07-26,Mountain Dew 2 Liter,Beverage,3.29,2L,7,John Johnson,Yes,"4158 Atlantic Ave, Brooklyn, NY"
Z600II0QD9,2024-08-30,Crazy Bread,Sides,4.99,,3,Mary Miller,Yes,"1895 Nostrand Ave, Brooklyn, NY"
FGMHEQIJ6L,2024-02-24,2 Liter Diet Pepsi,Beverage,3.29,2L,9,John Miller,Yes,"2401 Kings Hwy, Brooklyn, NY"
F3DW7G9SHC,2024-10-23,ExtraMostBestest Pepperoni,Pizza,10.49,Large,1,Richard Hernandez,Yes,"2568 Coney Island Ave, Brooklyn, NY"
22FADG2JPA,2024-04-06,Mountain Dew 2 Liter,Beverage,3.29,2L,8,Susan Martinez,Yes,"9895 Kings Hwy, Brooklyn, NY"
4X6Y2MR53W,2024-12-02,3 Meat Treat Pizza,Pizza,12.99,Large,1,Matthew Moore,No,
IHZ2F73HHP,2024-07-18,Classic Pepperoni Pizza,Pizza,9.49,Large,1,Elizabeth Garcia,No,
9SH1VJ7CO6,2024-08-26,Mountain Dew 2 Liter,Beverage,3.29,2L,5,Betty Gonzalez,Yes,"7729 Church Ave, Brooklyn, NY"
Q161VOB9AU,2024-03-01,Aquafina Water,Beverage,1.99,20oz,3,Susan Jackson,Yes,"6412 Fulton St, Brooklyn, NY"
2RYM6JU708,2024-07-18,Italian Cheese Bread,Sides,6.49,Regular,4,John Gonzalez,Yes,"3400 Utica Ave, Brooklyn, NY"
WHKY0K9QAQ,2024-02-14,Crazy Bread Combo,Sides,5.99,Regular,4,Barbara Wilson,No,
QUE2BCZCF6,2024-11-09,Classic Cheese Pizza,Pizza,8.99,Large,8,Lisa Rodriguez,Yes,
CJHCL8QEBB,2024-10-02,2 Liter Pepsi,Beverage,3.29,2L,2,Susan Garcia,Yes,"5821 Utica Ave, Brooklyn, NY"
UR97Z8ERU6,2024-12-05,Classic Pepperoni Pizza,Pizza,9.49,Large,2,James Martin,Yes,"3819 Bedford Ave, Brooklyn, NY"
X46TTZ5QKJ,2024-02-10,2 Liter Diet Pepsi,Beverage,3.29,2L,7,Joseph Hernandez,Yes,"4708 Utica Ave, Brooklyn, NY"
VXHTSJYXNN,2024-07-01,Caesar Wings,Wings,8.99,8pc,4,Jennifer Gonzalez,No,
35PKASJOPH,2024-09-29,3 Meat Treat Pizza,Pizza,12.99,Large,7,Donald Jones,Yes,"7579 Nostrand Ave, Brooklyn, NY"
3D0W646AW8,2024-08-26,Buffalo Wings,Wings,9.49,8pc,4,Anthony Miller,Yes,"9136 Fulton St, Brooklyn, NY"
MPHWAPW80I,2024-11-10,Classic Pepperoni Pizza,Pizza,9.49,Large,9,Michael Hernandez,No,
M7I5O3SZDT,2024-07-23,Buffalo Wings,Wings,9.49,8pc,2,Thomas Rodriguez,No,
V01EQA870F,2024-01-18,Classic Cheese Pizza,Pizza,8.99,Large,1,Ashley Thomas,No,
KRBOKKBNUB,2024-06-19,ExtraMostBestest Pepperoni,Pizza,10.49,Regular,7,Joseph Gonzalez,Yes,"8390 Church Ave, Brooklyn, NY"
E0S51FIDSK,2024-11-20,Deep Dish Pepperoni,Pizza,11.99,Regular,3,Robert Jones,No,
6RYDQ3MLR9,2024-02-19,ExtraMostBestest Cheese,Pizza,10.49,Large,3,Donald Wilson,No,
GJIDMTBVXY,2024-05-02,ExtraMostBestest Pepperoni,Pizza,10.49,Large,1,William Jones,No,
TSKNU9XH0D,2024-02-24,Deep Dish Cheese,Pizza,11.49,Regular,8,James Taylor,Yes,"1322 Eastern Pkwy, Brooklyn, NY"
W63D9KT0J2,2024-10-28,ExtraMostBestest Cheese,Pizza,10.49,Large,4,Linda Davis,No,
84EIETJ6UB,2024-10-27,Classic Pepperoni Pizza,Pizza,9.49,Large,9,Robert Smith,Yes,"2556 Eastern Pkwy, Brooklyn, NY"
XM6H2PPXPC,2024-11-21,Veggie Pizza,Pizza,12.49,Large,4,Mark Lopez,Yes,"8864 Coney Island Ave, Brooklyn, NY"
SJ0WAM3C7K,2024-12-13,Classic Pepperoni Pizza,Pizza,9.49,Large,6,Daniel Wilson,Yes,"622 Eastern Pkwy, Brooklyn, NY"
V0MQ2QN9EU,2024-09-24,ExtraMostBestest Pepperoni,Pizza,10.49,Large,3,James Anderson,Yes,"5622 Utica Ave, Brooklyn, NY"
Z8IICXEDFK,2024-01-29,3 Meat Treat Pizza,Pizza,12.99,Large,2,Jennifer Lopez,No,
YN1OB78YTS,2024-05-22,Italian Cheese Bread,Sides,6.49,Regular,2,John Anderson,Yes,"9478 Coney Island Ave, Brooklyn, NY"
JCMVUFE3Z2,2024-11-17,Crazy Bread Combo,Sides,5.99,Regular,6,William Lopez,Yes,"5483 Court St, Brooklyn, NY"
5STWPP1H08,2024-09-09,Veggie Pizza,Pizza,12.49,Large,1,James Rodriguez,Yes,"691 Court St, Brooklyn, NY"
A3LVO8FXF2,2024-10-27,2 Liter Diet Pepsi,Beverage,3.29,2L,5,Matthew Garcia,Yes,"7681 Kings Hwy, Brooklyn, NY"
35FHUOL5WF,2024-08-10,ExtraMostBestest Cheese,Pizza,10.49,Large,4,Elizabeth Smith,No,
UHOIYFK8AS,2024-02-14,Classic Cheese Pizza,Pizza,8.99,Large,2,Linda Thomas,Yes,"9121 Nostrand Ave, Brooklyn, NY"
5HQBQVDBQJ,2024-05-20,Aquafina Water,Beverage,1.99,20oz,7,Robert Davis,No,
4BWRHA82GA,2024-02-11,Caesar Wings,Wings,8.99,8pc,8,Joseph Martinez,Yes,"2863 Ocean Pkwy, Brooklyn, NY"
TNA3EA25BH,2024-05-22,Classic Pepperoni Pizza,Pizza,9.49,Large,3,Sarah Lopez,Yes,"8205 Court St, Brooklyn, NY"
VW6CDGT21I,2024-01-15,Classic Cheese Pizza,Pizza,8.99,Large,1,Charles Thomas,Yes,"7465 Bedford Ave, Brooklyn, NY"
FJ1RGJGU60,2024-04-08,ExtraMostBestest Pepperoni,Pizza,10.49,Large,4,Linda Wilson,No,
YHQQHSKB1P,2024-11-14,Classic Pepperoni Pizza,Pizza,9.49,Large,1,Joseph Thomas,Yes,"2609 Bedford Ave, Brooklyn, NY"
EA9RUWTPYR,2024-06-23,ExtraMostBestest Cheese,Pizza,10.49,Large,9,Richard Thomas,No,
LM42YJGR12,2024-04-24,Classic Cheese Pizza,Pizza,8.99,Large,4,Linda Smith,No,
3R3UDRLYKH,2024-10-11,Mountain Dew 2 Liter,Beverage,3.29,2L,2,Patricia Gonzalez,Yes,"9079 Kings Hwy, Brooklyn, NY"
ZOJJYZT6US,2024-08-31,ExtraMostBestest Pepperoni,Pizza,10.49,Large,7,James Jackson,No,
2SBN1QXV05,2024-11-06,ExtraMostBestest Cheese,Pizza,10.49,Large,4,James Martinez,Yes,"5779 Kings Hwy, Brooklyn, NY"
2W5H5RJ74W,2024-11-05,Crazy Bread Combo,Sides,5.99,Regular,2,James Hernandez,Yes,"9194 Bedford Ave, Brooklyn, NY"
BI6HM8VU8L,2024-10-16,Italian Cheese Bread,Sides,6.49,Regular,4,Elizabeth Hernandez,Yes,"7062 Bedford Ave, Brooklyn, NY"
MJ8JD2TM00,2024-03-12,ExtraMostBestest Pepperoni,Pizza,10.49,Large,2,Susan Miller,Yes,"5413 Flatbush Ave, Brooklyn, NY"
KG5RMW9VAI,2024-10-17,Classic Pepperoni Pizza,Pizza,9.49,Large,1,Elizabeth Davis,No,
3EBIU0952L,2024-04-26,ExtraMostBestest Pepperoni,Pizza,10.49,Large,4,Elizabeth Lopez,No,
X5PK34PLDI,2024-03-23,Crazy Bread,Sides,4.99,Regular,8,James Moore,Yes,"4203 Atlantic Ave, Brooklyn, NY"
H80PSIUORT,2024-10-30,Italian Cheese Bread,Sides,6.49,Regular,4,Sandra Brown,Yes,"3682 Atlantic Ave, Brooklyn, NY"
9IK941FSMR,2024-03-04,Deep Dish Cheese,Pizza,11.49,Regular,4,Betty Brown,Yes,"2613 Fulton St, Brooklyn, NY"
WJX8VTETEY,2024-05-06,Deep Dish Cheese,Pizza,11.49,Regular,1,Linda Martinez,Yes,"6662 Bedford Ave, Brooklyn, NY"
5ETGBZKASR,2024-05-11,Classic Pepperoni Pizza,Pizza,9.49,Large,5,Joseph Brown,No,
37OK7OVOT6,2024-02-04,Crazy Bread,Pizza,4.99,Regular,5,Nancy Moore,No,
O350RUE9WA,2024-12-25,ExtraMostBestest Pepperoni,Pizza,10.49,Large,9,James Jackson,Yes,"6830 Nostrand Ave, Brooklyn, NY"
CVY5XN9RPB,2024-03-24,ExtraMostBestest Pepperoni,Pizza,10.49,Large,10,Susan Moore,Yes,"5527 Flatbush Ave, Brooklyn, NY"
Z8S0LJ3Z5O,2024-06-12,ExtraMostBestest Pepperoni,Pizza,10.49,Large,3,Lisa Hernandez,Yes,"2997 Eastern Pkwy, Brooklyn, NY"
NIEOEUYD7I,2024-01-17,ExtraMostBestest Cheese,Pizza,10.49,Large,4,Thomas Moore,Yes,"1471 Atlantic Ave, Brooklyn, NY"
JSG49LPY2X,2024-02-23,Italian Cheese Bread,Sides,6.49,Regular,3,Donald Brown,No,
8E077UP84O,2024-05-13,Italian Cheese Bread,Sides,6.49,Regular,2,Jennifer Martin,Yes,
089LW8BA3M,2024-01-02,ExtraMostBestest Cheese,Pizza,10.49,Large,1,William Miller,No,
FLHH4QVQ90,2024-09-25,Italian Cheese Bread,Sides,6.49,Regular,1,Susan Hernandez,Yes,"9805 Kings Hwy, Brooklyn, NY"
GSCQKKVOP6,2024-06-07,Crazy Bread Combo,Sides,5.99,Regular,4,James Gonzalez,No,
4HOAKOEEUP,2024-09-02,Deep Dish Cheese,Pizza,11.49,Regular,2,Mark Martin,Yes,"3507 Atlantic Ave, Brooklyn, NY"
R9953C89L5,2024-09-15,Italian Cheese Bread,Sides,6.49,Regular,6,Mark Garcia,No,
T1AOLDSAZD,2024-07-05,Crazy Bread Combo,Sides,5.99,Regular,4,Linda Lopez,No,
PTX7WGILCW,2024-04-30,Mountain Dew 2 Liter,Beverage,3.29,2L,4,Charles Jones,No,
7AIQZZLH04,2024-03-28,Veggie Pizza,Pizza,12.49,Large,4,James Anderson,No,
MF692PZ0A1,2024-08-19,Veggie Pizza,Pizza,12.49,Large,1,Sarah Miller,Yes,"687 Utica Ave, Brooklyn, NY"
3X7XKKVR2S,2024-08-25,2 Liter Pepsi,Beverage,3.29,2L,8,Daniel Rodriguez,Yes,"3139 Nostrand Ave, Brooklyn, NY"
6CO1VGO22I,2024-11-06,3 Meat Treat Pizza,Pizza,12.99,Large,1,Mark Moore,Yes,"6779 Ocean Pkwy, Brooklyn, NY"
1K0WX56DBF,2024-08-26,Supreme Pizza,Pizza,13.99,Large,1,Jennifer Williams,No,
Q2ETUP4C3G,2024-10-26,2 Liter Diet Pepsi,Beverage,3.29,2L,4,Betty Thomas,Yes,"4619 Flatbush Ave, Brooklyn, NY"
3O0KW6T273,2024-10-10,Supreme Pizza,Pizza,13.99,Large,3,Susan Williams,Yes,"7046 Bedford Ave, Brooklyn, NY"
U1GKVDNZL9,2024-10-28,Classic Pepperoni Pizza,Pizza,9.49,Large,3,James Jones,Yes,"6020 Nostrand Ave, Brooklyn, NY"
IAO9P3DNGD,2024-01-07,Crazy Bread Combo,Sides,5.99,Regular,7,Daniel Miller,No,
88ZKPHK333,2024-05-06,ExtraMostBestest Pepperoni,Pizza,10.49,Large,2,Joseph Smith,Yes,"3342 Kings Hwy, Brooklyn, NY"
T5QQFGSR1S,2024-05-10,Classic Pepperoni Pizza,Pizza,9.49,Large,4,John Martinez,Yes,"6074 Nostrand Ave, Brooklyn, NY"
JSZPAH2XNO,2024-06-18,2 Liter Pepsi,Beverage,3.29,2L,6,Matthew Taylor,Yes,"4657 Court St, Brooklyn, NY"
3H5BEPNPLF,2024-08-18,Classic Cheese Pizza,Pizza,8.99,Large,5,Anthony Brown,Yes,"7504 Fulton St, Brooklyn, NY"
L11GSU3VRQ,2024-12-27,Classic Cheese Pizza,Pizza,8.99,Large,4,Linda Garcia,Yes,"1247 Nostrand Ave, Brooklyn, NY"
VCOL2R6K5U,2024-05-27,3 Meat Treat Pizza,Pizza,12.99,Large,4,Matthew Rodriguez,Yes,"9391 Utica Ave, Brooklyn, NY"
3GV65AXKZ0,2024-07-21,Aquafina Water,Beverage,1.99,20oz,8,Nancy Taylor,No,
1OFA5P9CLY,2024-12-12,Deep Dish Cheese,Wings,11.49,Regular,6,Betty Davis,Yes,"2613 Ocean Pkwy, Brooklyn, NY"
URPCK6PHDX,2024-01-08,3 Meat Treat Pizza,Pizza,12.99,Large,3,Mary Lopez,Yes,"6073 Kings Hwy, Brooklyn, NY"
45CEQR8F1M,2024-09-19,Caesar Wings,Wings,8.99,8pc,2,Elizabeth Hernandez,Yes,"9055 Court St, Brooklyn, NY"
SCKNY2UGHN,2024-04-11,ExtraMostBestest Pepperoni,Pizza,10.49,Large,2,Barbara Williams,Yes,"2381 Nostrand Ave, Brooklyn, NY"
NFIKUB7QE8,2024-11-25,ExtraMostBestest Cheese,Pizza,10.49,Large,4,Linda Wilson,Yes,"8430 Coney Island Ave, Brooklyn, NY"
JBHNPF23ZH,2024-04-07,Deep Dish Pepperoni,Pizza,11.99,Regular,7,Michael Wilson,Yes,"6761 Bedford Ave, Brooklyn, NY"
90UU12I73T,2024-07-25,Caesar Wings,Wings,8.99,8pc,4,Karen Rodriguez,Yes,"7866 Kings Hwy, Brooklyn, NY"
GO7PQTMVCE,2024-02-14,Mountain Dew 2 Liter,Beverage,3.29,2L,4,Robert Miller,No,
NCZT91YVII,2024-08-28,Crazy Bread,Sides,4.99,Regular,4,Joseph Martinez,No,
AB236NSCU8,2024-01-30,Classic Pepperoni Pizza,Pizza,9.49,Large,2,Richard Rodriguez,Yes,"7481 Atlantic Ave, Brooklyn, NY"
JBPQZCKFMF,2024-02-10,ExtraMostBestest Cheese,Pizza,10.49,Large,3,Donald Davis,Yes,"9898 Eastern Pkwy, Brooklyn, NY"
HN9A8Y55U1,2024-11-12,Italian Cheese Bread,Sides,6.49,Regular,3,Matthew Brown,Yes,"4869 Eastern Pkwy, Brooklyn, NY"
7FHDKS4Z8I,2024-03-22,Buffalo Wings,Wings,9.49,8pc,3,Elizabeth Taylor,No,
YBO953ZRID,2024-10-09,Classic Cheese Pizza,Pizza,8.99,Large,2,Mark Smith,Yes,"4200 Church Ave, Brooklyn, NY"
CY6KJZQKCJ,2024-10-03,Classic Pepperoni Pizza,Pizza,9.49,Large,1,Matthew Hernandez,No,
UL7CQVKOLE,2024-04-12,Crazy Bread,Sides,4.99,Regular,3,Karen Johnson,Yes,"263 Atlantic Ave, Brooklyn, NY"
IE4JA8JZNL,2024-04-27,Classic Pepperoni Pizza,Pizza,9.49,Large,7,Mark Johnson,Yes,"3081 Kings Hwy, Brooklyn, NY"
FT24Z4MCPC,2024-06-01,Mountain Dew 2 Liter,Beverage,3.29,2L,7,Nancy Johnson,No,
I8DCW8RIL6,2024-03-20,Classic Pepperoni Pizza,Pizza,9.49,Large,2,Jennifer Gonzalez,No,
1BJA9HERQC,2024-06-08,Deep Dish Cheese,Pizza,11.49,Regular,6,Elizabeth Davis,Yes,"5266 Bedford Ave, Brooklyn, NY"
4D49PQC3Y5,2024-12-16,Buffalo Wings,Wings,9.49,8pc,10,Richard Moore,Yes,"323 Fulton St, Brooklyn, NY"
6D6XQQCTKO,2024-10-02,ExtraMostBestest Pepperoni,Pizza,10.49,Large,3,Sandra Williams,Yes,"3047 Fulton St, Brooklyn, NY"
GPSG73B5FB,2024-03-09,Classic Cheese Pizza,Pizza,8.99,Large,7,Richard Jackson,Yes,"6031 Kings Hwy, Brooklyn, NY"
CDB42ELTDE,2024-04-12,Classic Cheese Pizza,Pizza,8.99,Large,3,Betty Davis,Yes,"2631 Coney Island Ave, Brooklyn, NY"
2G0Z8EY95R,2024-10-17,ExtraMostBestest Pepperoni,Pizza,10.49,Large,1,Michael Anderson,Yes,"2761 Bedford Ave, Brooklyn, NY"
GPDEHEYRK1,2024-07-05,Classic Cheese Pizza,Pizza,8.99,Large,3,Charles Davis,Yes,"9611 Ocean Pkwy, Brooklyn, NY"
UN7YHUFHCG,2024-08-12,Crazy Bread,Sides,4.99,Regular,2,Robert Miller,No,
150831O18D,2024-08-04,Crazy Bread,Sides,4.99,Regular,8,Charles Taylor,Yes,"5583 Coney Island Ave, Brooklyn, NY"
06SNHDFAJ0,2024-06-05,Crazy Bread,Sides,4.99,Regular,2,Linda Miller,No,
U2985BOWXF,2024-03-22,Caesar Wings,Wings,8.99,8pc,3,Anthony Williams,Yes,"5046 Nostrand Ave, Brooklyn, NY"
YHH5IDZIIT,2024-01-11,Supreme Pizza,Pizza,13.99,Large,1,Karen Wilson,Yes,"5544 Ocean Pkwy, Brooklyn, NY"
8AE2PIFK8O,2024-12-07,Caesar Wings,Wings,8.99,8pc,8,Donald Davis,Yes,"3251 Fulton St, Brooklyn, NY"
J9MPJ0RQBT,2024-11-06,ExtraMostBestest Pepperoni,Pizza,10.49,Large,4,David Garcia,No,
TVHOOOB4QL,2024-07-10,Classic Cheese Pizza,Pizza,8.99,Large,1,Barbara Rodriguez,Yes,"8879 Ocean Pkwy, Brooklyn, NY"
9L8G15249V,2024-01-05,Italian Cheese Bread,Sides,6.49,Regular,3,Charles Williams,No,
L4JFM4TRSE,2024-01-03,Aquafina Water,Beverage,1.99,20oz,2,Lisa Thomas,No,
6BQFITPF7Z,2024-06-28,Aquafina Water,Beverage,1.99,20oz,10,Jennifer Martin,No,
0PIQVIY91K,2024-09-24,ExtraMostBestest Cheese,Pizza,10.49,Large,4,Charles Williams,Yes,"3253 Flatbush Ave, Brooklyn, NY"
0B6870VJO0,2024-02-16,ExtraMostBestest Pepperoni,Pizza,10.49,Large,3,Thomas Rodriguez,Yes,"5610 Ocean Pkwy, Brooklyn, NY"
8QDFQU6BWQ,2024-09-24,3 Meat Treat Pizza,Pizza,12.99,Large,2,Mary Davis,No,
O8LZB2XVF1,2024-01-12,Aquafina Water,Beverage,1.99,20oz,3,Mary Thomas,Yes,"7030 Coney Island Ave, Brooklyn, NY"
9FR0JTPAPS,2024-01-27,2 Liter Pepsi,Beverage,3.29,2L,4,Sandra Martinez,Yes,"9053 Nostrand Ave, Brooklyn, NY"
ML2L82189Q,2024-12-27,2 Liter Pepsi,Beverage,3.29,2L,7,James Gonzalez,No,
NFDLTPQBGA,2024-04-07,Crazy Bread,Sides,4.99,Regular,4,Barbara Wilson,Yes,"6155 Eastern Pkwy, Brooklyn, NY"
OM82LBGSIR,2024-10-07,Caesar Wings,Wings,8.99,8pc,1,Susan Jackson,Yes,"4457 Nostrand Ave, Brooklyn, NY"
6JITGJZNL3,2024-04-21,Classic Pepperoni Pizza,Pizza,9.49,Large,8,Susan Taylor,Yes,"7226 Ocean Pkwy, Brooklyn, NY"
3ILOBRSO7G,2024-05-18,Caesar Wings,Wings,8.99,8pc,3,Barbara Miller,No,
R9FY5FF444,2024-09-30,Supreme Pizza,Pizza,13.99,Large,4,Joseph Brown,Yes,"9981 Utica Ave, Brooklyn, NY"
GCWT09VF4M,2024-08-24,2 Liter Pepsi,Beverage,3.29,2L,9,Joseph Martinez,Yes,"5380 Fulton St, Brooklyn, NY"
KGMZXOBDNM,2024-06-06,2 Liter Diet Pepsi,Beverage,3.29,2L,8,Matthew Brown,Yes,"3854 Coney Island Ave, Brooklyn, NY"
DOAR7NRI8M,2024-01-04,3 Meat Treat Pizza,Pizza,12.99,Large,4,Sarah Gonzalez,Yes,"9406 Eastern Pkwy, Brooklyn, NY"
CJKDT2Q8IC,2024-08-16,ExtraMostBestest Cheese,Pizza,10.49,Large,1,John Rodriguez,Yes,"2848 Church Ave, Brooklyn, NY"
4294VAHA3V,2024-12-26,Caesar Wings,Wings,8.99,8pc,6,David Taylor,No,
FVPVOZI194,2024-09-11,Crazy Bread,Sides,4.99,Regular,2,Richard Rodriguez,No,
O4D2L7LL2M,2024-09-20,Deep Dish Pepperoni,Pizza,11.99,Regular,4,Thomas Miller,Yes,"7932 Coney Island Ave, Brooklyn, NY"
YUVOB8XG0F,2024-03-19,Crazy Bread,Sides,4.99,Regular,3,Richard Hernandez,Yes,"9242 Fulton St, Brooklyn, NY"
SMSX0J8WLG,2024-10-20,Buffalo Wings,Wings,9.49,8pc,5,Patricia Wilson,Yes,"7723 Utica Ave, Brooklyn, NY"
M12ZH8TOGM,2024-08-22,Crazy Bread,Sides,4.99,Regular,2,Daniel Brown,No,
8TMY3V737X,2024-01-30,Classic Cheese Pizza,Pizza,8.99,Large,2,Sandra Jackson,No,
CIEJ2W6I0Q,2024-03-27,Crazy Bread,Sides,4.99,Regular,2,Ashley Anderson,No,
H52Y849LZF,2024-08-08,Caesar Wings,Wings,8.99,8pc,3,Richard Johnson,Yes,"793 Flatbush Ave, Brooklyn, NY"
9Q9MMZ9NTL,2024-09-28,Classic Pepperoni Pizza,Pizza,9.49,Large,6,Richard Hernandez,Yes,"5059 Utica Ave, Brooklyn, NY"
IBSZT0CYWD,2024-04-22,Classic Pepperoni Pizza,Pizza,9.49,Large,1,Susan Thomas,No,
IBHRTGY7N1,2024-05-31,Classic Pepperoni Pizza,Pizza,9.49,Large,1,Karen Johnson,Yes,"5489 Kings Hwy, Brooklyn, NY"
9XKLWUNIJC,2024-11-27,Classic Pepperoni Pizza,Pizza,9.49,Large,1,Daniel Martinez,Yes,"8820 Bedford Ave, Brooklyn, NY"
LU0T7PQOC9,2024-08-11,Classic Pepperoni Pizza,Pizza,9.49,Large,10,Karen Wilson,No,
Z2L1OPRXXQ,2024-12-23,ExtraMostBestest Pepperoni,Pizza,10.49,Large,6,Linda Smith,Yes,"7540 Ocean Pkwy, Brooklyn, NY"
EIX71P4XBN,2024-06-18,Aquafina Water,Beverage,1.99,20oz,8,Susan Hernandez,Yes,"451 Eastern Pkwy, Brooklyn, NY"
4J0Q482RIS,2024-04-17,ExtraMostBestest Cheese,Pizza,10.49,Large,2,Patricia Garcia,No,
F5TKKK5N42,2024-01-11,3 Meat Treat Pizza,Pizza,12.99,Large,1,Richard Gonzalez,Yes,"2161 Flatbush Ave, Brooklyn, NY"
SVJSWHHO77,2024-09-06,Classic Cheese Pizza,Pizza,8.99,,2,Jessica Lopez,Yes,"4783 Kings Hwy, Brooklyn, NY"
W1Q8G5EY0H,2024-10-20,Deep Dish Pepperoni,Pizza,11.99,Regular,3,Karen Smith,No,
MC2XXH1BE2,2024-10-20,ExtraMostBestest Pepperoni,Pizza,10.49,Large,6,Nancy Rodriguez,Yes,"3960 Utica Ave, Brooklyn, NY"
GV7MZIS7GV,2024-12-09,Classic Cheese Pizza,Pizza,8.99,Large,4,Barbara Lopez,Yes,"7203 Kings Hwy, Brooklyn, NY"
2Y7MQ7P2IB,2024-02-23,Mountain Dew 2 Liter,Beverage,3.29,2L,2,John Davis,Yes,"946 Bedford Ave, Brooklyn, NY"
603SNF5UOB,2024-12-27,ExtraMostBestest Cheese,Pizza,10.49,Large,5,Ashley Jackson,Yes,"7423 Coney Island Ave, Brooklyn, NY"
UWFPREZIB2,2024-10-20,Deep Dish Pepperoni,Pizza,11.99,Regular,8,Sandra Miller,Yes,"3118 Church Ave, Brooklyn, NY"
ON15OQO3ZM,2024-10-28,Deep Dish Pepperoni,Pizza,11.99,Regular,3,Mark Anderson,Yes,"4017 Eastern Pkwy, Brooklyn, NY"
I5DFC5NBEW,2024-04-12,Classic Cheese Pizza,Beverage,8.99,Large,3,Sandra Taylor,No,
2TBK1Y1O1T,2024-03-24,Deep Dish Cheese,Pizza,11.49,Regular,6,Thomas Thomas,Yes,"4542 Atlantic Ave, Brooklyn, NY"
QC7PW3R3AY,2024-11-18,2 Liter Pepsi,Beverage,3.29,2L,4,Charles Lopez,Yes,"5011 Eastern Pkwy, Brooklyn, NY"
YO5WL8YQ1F,2024-10-29,Supreme Pizza,Pizza,13.99,Large,3,Sarah Williams,Yes,"6153 Nostrand Ave, Brooklyn, NY"
AXD9N55KWF,2024-11-12,Classic Cheese Pizza,Pizza,8.99,Large,3,James Davis,No,
7QMOHNBG4H,2024-10-23,Caesar Wings,Wings,8.99,8pc,1,Susan Williams,Yes,"4472 Eastern Pkwy, Brooklyn, NY"
YX1EV61SEX,2024-06-05,Crazy Bread Combo,Sides,5.99,Regular,3,Nancy Brown,No,
5R7NHQI4Q2,2024-09-28,Aquafina Water,Beverage,1.99,20oz,7,James Anderson,Yes,"2917 Bedford Ave, Brooklyn, NY"
7L7NG70IYU,2024-06-20,2 Liter Pepsi,Beverage,3.29,2L,10,John Lopez,Yes,"8722 Ocean Pkwy, Brooklyn, NY"
UKW1WHJO69,2024-01-31,2 Liter Pepsi,Beverage,3.29,2L,4,Matthew Taylor,Yes,"9830 Court St, Brooklyn, NY"
LDEXLSDXJF,2024-08-29,Supreme Pizza,Pizza,13.99,Large,4,Matthew Thomas,No,
A5IN6JJOR7,2024-01-27,Buffalo Wings,Wings,9.49,8pc,7,Betty Martin,Yes,"8926 Coney Island Ave, Brooklyn, NY"
ZUKPIHDOAU,2024-11-03,Crazy Bread Combo,Sides,5.99,Regular,6,Jessica Martinez,Yes,"247 Ocean Pkwy, Brooklyn, NY"
I1333XMOJ4,2024-03-20,Buffalo Wings,Wings,9.49,8pc,1,Mary Hernandez,Yes,"4545 Court St, Brooklyn, NY"
R716KTYVWJ,2024-10-22,Crazy Bread,Sides,4.99,Regular,1,Matthew Moore,Yes,"7121 Kings Hwy, Brooklyn, NY"
8QPPXZYZCE,2024-06-24,Deep Dish Cheese,Pizza,11.49,Regular,3,Linda Martin,No,
SFX3B4E0B6,2024-07-16,2 Liter Pepsi,Beverage,3.29,2L,6,Jessica Moore,No,
X28YPY9FJU,2024-03-30,Caesar Wings,Wings,8.99,8pc,7,Charles Brown,Yes,"6985 Coney Island Ave, Brooklyn, NY"
S1M3YL7WCS,2024-04-14,2 Liter Pepsi,Beverage,3.29,2L,8,Mary Gonzalez,No,
RDFA6XKZ2D,2024-03-14,Deep Dish Pepperoni,Pizza,11.99,Regular,3,Betty Thomas,No,
XNX9F9IDOM,2024-11-10,ExtraMostBestest Cheese,Pizza,10.49,Large,3,William Martinez,Yes,"4468 Kings Hwy, Brooklyn, NY"
T0Z3KGAA63,2024-07-05,ExtraMostBestest Pepperoni,Pizza,10.49,Large,2,Mary Davis,Yes,"1001 Ocean Pkwy, Brooklyn, NY"
EBX3KE1FQG,2024-08-20,ExtraMostBestest Cheese,Pizza,10.49,Large,3,Anthony Martinez,Yes,"9393 Flatbush Ave, Brooklyn, NY"
WH3CNCGJ9S,2024-12-04,Deep Dish Cheese,Pizza,11.49,Regular,3,Barbara Davis,Yes,"2031 Church Ave, Brooklyn, NY"
UIMFUTH63L,2024-06-27,ExtraMostBestest Pepperoni,Pizza,10.49,Large,4,Daniel Thomas,Yes,"5358 Court St, Brooklyn, NY"
P7LJSIASRX,2024-11-18,2 Liter Pepsi,Beverage,3.29,2L,4,Thomas Gonzalez,Yes,"5455 Bedford Ave, Brooklyn, NY"
7PNGPAERR6,2024-05-09,ExtraMostBestest Pepperoni,Pizza,10.49,Small,4,James Martin,Yes,"4625 Ocean Pkwy, Brooklyn, NY"
LC25JUV05F,2024-12-09,3 Meat Treat Pizza,Pizza,12.99,Large,3,David Taylor,Yes,"6312 Utica Ave, Brooklyn, NY"
NU30UJGBKC,2024-04-17,ExtraMostBestest Pepperoni,Pizza,10.49,Large,4,David Hernandez,Yes,"6180 Court St, Brooklyn, NY"
5C4RTWAZ1C,2024-09-16,ExtraMostBestest Cheese,Pizza,10.49,Large,2,Mary Johnson,Yes,"4071 Nostrand Ave, Brooklyn, NY"
6SQ09N2IDZ,2024-04-05,Deep Dish Cheese,Pizza,11.49,Regular,4,Lisa Miller,Yes,"9562 Utica Ave, Brooklyn, NY"
E1Z3V7YPRB,2024-10-07,Classic Pepperoni Pizza,Pizza,9.49,Large,2,Anthony Miller,No,
P1OT56TAT0,2024-01-25,Classic Pepperoni Pizza,Pizza,9.49,Large,1,Lisa Hernandez,Yes,"185 Flatbush Ave, Brooklyn, NY"
X1KC9X23YQ,2024-04-25,2 Liter Pepsi,Beverage,3.29,2L,4,Ashley Williams,No,
QNGNJ4648R,2024-04-27,Deep Dish Pepperoni,Pizza,11.99,Regular,4,Joseph Rodriguez,Yes,"1386 Bedford Ave, Brooklyn, NY"
LT1S3SXJU7,2024-08-26,Italian Cheese Bread,Sides,6.49,Regular,4,Elizabeth Davis,Yes,"7947 Eastern Pkwy, Brooklyn, NY"
33WQLIB9SF,2024-02-23,Classic Cheese Pizza,Pizza,8.99,Large,3,Barbara Anderson,Yes,"9943 Utica Ave, Brooklyn, NY"
5U0BINWOEE,2024-02-15,Crazy Bread Combo,Sides,5.99,Regular,3,Daniel Wilson,Yes,"3211 Ocean Pkwy, Brooklyn, NY"
SL5RWY5BQZ,2024-03-05,Crazy Bread,Sides,4.99,Regular,3,Patricia Miller,No,
FZBL9PEA2P,2024-01-10,ExtraMostBestest Pepperoni,Pizza,10.49,Large,2,Michael Jackson,Yes,"591 Atlantic Ave, Brooklyn, NY"
AE8LQBQEU2,2024-02-22,Buffalo Wings,Wings,9.49,8pc,2,Lisa Martinez,No,
7BVHA688JG,2024-09-22,Classic Pepperoni Pizza,Pizza,9.49,Large,4,Sarah Brown,Yes,"9354 Ocean Pkwy, Brooklyn, NY"
M61Y4IBEX6,2024-03-07,Veggie Pizza,Pizza,12.49,Large,1,Elizabeth Gonzalez,No,
I0GAH9ATV2,2024-06-24,Classic Pepperoni Pizza,Pizza,9.49,Large,10,Donald Martin,Yes,"4781 Coney Island Ave, Brooklyn, NY"
53YGS0GE5E,2024-10-28,Crazy Bread,Sides,4.99,Regular,4,Jessica Martinez,No,
R1G3M9I7O1,2024-08-26,Crazy Bread,Sides,4.99,Regular,1,Elizabeth Taylor,No,
9UJW1T7NHU,2024-01-04,2 Liter Diet Pepsi,Beverage,3.29,2L,2,Susan Hernandez,Yes,
07IJIEXVXO,2024-12-11,Buffalo Wings,Wings,9.49,8pc,8,Charles Hernandez,Yes,"313 Utica Ave, Brooklyn, NY"
6YRWOFLLXI,2024-06-30,ExtraMostBestest Cheese,Pizza,10.49,Large,8,Matthew Wilson,Yes,"5932 Bedford Ave, Brooklyn, NY"
2VV8FWYVVW,2024-12-09,Classic Cheese Pizza,Pizza,8.99,Large,1,Patricia Garcia,No,
QAIX72SC4N,2024-09-24,Crazy Bread Combo,Sides,5.99,Regular,1,Linda Jones,Yes,"9650 Atlantic Ave, Brooklyn, NY"
3JU2B1BWLE,2024-07-04,2 Liter Pepsi,Beverage,3.29,2L,3,David Lopez,No,
NUKF34Y3JS,2024-12-28,ExtraMostBestest Cheese,Pizza,10.49,Large,8,Matthew Rodriguez,No,
XTJI2PFREP,2024-04-16,Crazy Bread,Sides,4.99,Regular,3,Karen Jones,Yes,"9816 Atlantic Ave, Brooklyn, NY"
OIMR11PI25,2024-04-21,Classic Pepperoni Pizza,Pizza,9.49,Large,6,Nancy Lopez,Yes,"622 Nostrand Ave, Brooklyn, NY"
3HGL4JT5NF,2024-07-21,Italian Cheese Bread,Sides,6.49,Regular,6,Michael Jones,Yes,"5495 Nostrand Ave, Brooklyn, NY"
2UPQVGXX3G,2024-10-31,Classic Cheese Pizza,Pizza,8.99,Large,2,Mark Gonzalez,Yes,"8472 Eastern Pkwy, Brooklyn, NY"
U4CBL0Q4M4,2024-03-04,ExtraMostBestest Cheese,Pizza,10.49,Large,2,Lisa Miller,No,
9W96OWDDGV,2024-11-07,Classic Cheese Pizza,Pizza,8.99,Large,4,John Wilson,No,
2812T8B81U,2024-09-20,Crazy Bread,Sides,4.99,Regular,3,Joseph Moore,Yes,"1326 Coney Island Ave, Brooklyn, NY"
G6TOEU8S1C,2024-11-11,Veggie Pizza,Pizza,12.49,Large,4,Joseph Martinez,No,
4J5V107BJT,2024-02-21,Mountain Dew 2 Liter,Beverage,3.29,2L,4,Matthew Brown,Yes,"269 Eastern Pkwy, Brooklyn, NY"
TNX29099U5,2024-04-12,2 Liter Diet Pepsi,Beverage,3.29,2L,4,Jessica Taylor,No,
GOP41MX7AJ,2024-12-26,2 Liter Pepsi,Beverage,3.29,2L,6,Elizabeth Smith,No,
9LJRHRXL4U,2024-03-03,Classic Cheese Pizza,Pizza,8.99,Large,5,Michael Davis,Yes,"4559 Church Ave, Brooklyn, NY"
KOZQDSD62W,2024-02-13,2 Liter Diet Pepsi,Beverage,3.29,2L,1,Jessica Martinez,No,
U83GD5SKF5,2024-02-10,ExtraMostBestest Pepperoni,Pizza,10.49,Large,4,Donald Anderson,Yes,"5788 Flatbush Ave, Brooklyn, NY"
8PPUQU8MJ6,2024-07-14,Deep Dish Pepperoni,Pizza,11.99,Regular,6,Daniel Garcia,No,
RCJDAPOVGJ,2024-02-29,2 Liter Pepsi,Beverage,3.29,2L,4,Robert Davis,Yes,
HQJVXB68G7,2024-11-19,2 Liter Pepsi,Beverage,3.29,2L,4,John Gonzalez,No,
FIIYB1V7F0,2024-09-13,Classic Cheese Pizza,Pizza,8.99,Small,1,Sandra Davis,Yes,"1197 Church Ave, Brooklyn, NY"
1WJGCFD2GA,2024-09-27,Crazy Bread Combo,Sides,5.99,Regular,1,Mary Lopez,Yes,"2226 Flatbush Ave, Brooklyn, NY"
P40JAG5AIB,2024-02-11,Crazy Bread Combo,Sides,5.99,Regular,7,Jennifer Anderson,Yes,"378 Flatbush Ave, Brooklyn, NY"
0J4CGYE59D,2024-08-21,Aquafina Water,Beverage,1.99,20oz,7,Jennifer Davis,Yes,"9282 Fulton St, Brooklyn, NY"
ZLLC45EA0I,2024-07-22,Deep Dish Cheese,Pizza,11.49,Regular,3,Robert Rodriguez,Yes,"2542 Coney Island Ave, Brooklyn, NY"
XUQ9YYR1Q7,2024-12-18,3 Meat Treat Pizza,Pizza,12.99,Large,4,Donald Davis,Yes,"471 Ocean Pkwy, Brooklyn, NY"
I3BFEFTC9O,2024-04-03,Classic Cheese Pizza,Pizza,8.99,Large,3,Anthony Anderson,Yes,"4430 Court St, Brooklyn, NY"
51TP0OQMHM,2024-08-05,Classic Pepperoni Pizza,Pizza,9.49,Large,2,Thomas Rodriguez,Yes,"3587 Eastern Pkwy, Brooklyn, NY"
STZ98L51F9,2024-08-23,ExtraMostBestest Cheese,Pizza,10.49,Large,2,Matthew Miller,Yes,"7484 Ocean Pkwy, Brooklyn, NY"
ZO1GBTY65N,2024-04-14,3 Meat Treat Pizza,Pizza,12.99,Large,7,Mark Brown,Yes,"7567 Ocean Pkwy, Brooklyn, NY"
NOKNVM3TZ0,2024-10-12,Crazy Bread,Sides,4.99,Regular,6,Jennifer Brown,No,
JDHMBZXI48,2024-07-06,2 Liter Diet Pepsi,Beverage,3.29,2L,10,Patricia Lopez,No,
TUNF3OBDUP,2024-08-11,ExtraMostBestest Cheese,Pizza,10.49,Large,8,Robert Wilson,No,
JEAOUJZ0VS,2024-09-14,Caesar Wings,Wings,8.99,8pc,3,Nancy Taylor,Yes,"9736 Court St, Brooklyn, NY"
MVFTM1ZYX6,2024-05-17,2 Liter Diet Pepsi,Beverage,3.29,2L,6,Thomas Williams,Yes,"7704 Eastern Pkwy, Brooklyn, NY"
PUA2SJ95KR,2024-06-25,Supreme Pizza,Pizza,13.99,Large,6,Jessica Brown,Yes,"6710 Coney Island Ave, Brooklyn, NY"
RS3LY7OFBS,2024-12-15,ExtraMostBestest Pepperoni,Pizza,10.49,Large,6,Karen Lopez,Yes,"6608 Bedford Ave, Brooklyn, NY"
QNUCV0QQMQ,2024-06-20,Caesar Wings,Wings,8.99,8pc,6,Michael Martin,Yes,"3192 Nostrand Ave, Brooklyn, NY"
3S8P7RRB3O,2024-11-12,ExtraMostBestest Pepperoni,Pizza,10.49,Large,2,Matthew Smith,No,
YYTPMZ2EST,2024-05-06,Veggie Pizza,Pizza,12.49,Large,1,Patricia Williams,Yes,"5491 Atlantic Ave, Brooklyn, NY"
NKCDR54UTH,2024-06-20,Crazy Bread Combo,Sides,5.99,Regular,5,Matthew Wilson,Yes,"3781 Flatbush Ave, Brooklyn, NY"
FJE694Z4TL,2024-09-14,Classic Cheese Pizza,Pizza,8.99,Large,9,Barbara Jackson,No,
O104S7CX9S,2024-02-24,Deep Dish Pepperoni,Pizza,11.99,Regular,8,Patricia Martin,Yes,"4540 Atlantic Ave, Brooklyn, NY"
J74PCKBX3B,2024-11-28,Deep Dish Cheese,Pizza,11.49,,2,Ashley Lopez,No,
GA74R2PTJ8,2024-09-09,Mountain Dew 2 Liter,Beverage,3.29,2L,2,Jessica Rodriguez,No,
20M0B6VZ30,2024-06-08,Veggie Pizza,Pizza,12.49,Large,3,Donald Thomas,Yes,"4520 Coney Island Ave, Brooklyn, NY"
TUFYGDZDH0,2024-06-06,2 Liter Diet Pepsi,Beverage,3.29,2L,2,Betty Moore,No,
A5WG6WEC90,2024-02-07,Crazy Bread,Sides,4.99,Regular,1,Patricia Garcia,Yes,"8001 Church Ave, Brooklyn, NY"
XU1MVJ3PTT,2024-02-17,ExtraMostBestest Pepperoni,Pizza,10.49,Large,7,Nancy Johnson,Yes,"9001 Church Ave, Brooklyn, NY"
3OHIUY9AZL,2024-12-22,Crazy Bread Combo,Pizza,5.99,Regular,4,Sandra Taylor,Yes,"1385 Ocean Pkwy, Brooklyn, NY"
J43ZEO4UB9,2024-07-28,Deep Dish Pepperoni,Pizza,11.99,Regular,5,Betty Hernandez,Yes,
YY8R8QXX84,2024-09-09,2 Liter Diet Pepsi,Beverage,3.29,2L,1,Joseph Lopez,Yes,"2035 Bedford Ave, Brooklyn, NY"
38ZASWJF66,2024-01-19,ExtraMostBestest Cheese,Pizza,10.49,Large,1,Daniel Brown,Yes,"8149 Coney Island Ave, Brooklyn, NY"
8HCRCU71TL,2024-03-19,ExtraMostBestest Cheese,Wings,10.49,Large,4,Charles Hernandez,Yes,"6429 Flatbush Ave, Brooklyn, NY"
GKEX41YNGM,2024-02-28,Mountain Dew 2 Liter,Beverage,3.29,2L,2,Robert Wilson,No,
CTTCFYPXHJ,2024-07-14,ExtraMostBestest Pepperoni,Pizza,10.49,Large,6,Thomas Thomas,No,
Q0INV24YE7,2024-08-03,2 Liter Pepsi,Beverage,3.29,2L,9,Donald Garcia,No,
9B1Y0AI60J,2024-02-29,Mountain Dew 2 Liter,Beverage,3.29,2L,4,Linda Garcia,Yes,"8866 Court St, Brooklyn, NY"
QNIOW8YMXW,2024-11-16,Classic Cheese Pizza,Pizza,8.99,Large,9,Betty Johnson,No,
6Y7IGWW6GD,2024-04-11,Classic Cheese Pizza,Pizza,8.99,Large,3,Matthew Jones,No,
BH2ANIPV8U,2024-06-19,Mountain Dew 2 Liter,Beverage,3.29,2L,9,Ashley Jones,No,
JAUWNNVUAZ,2024-11-11,Classic Pepperoni Pizza,Pizza,9.49,Large,2,Karen Moore,Yes,"8714 Eastern Pkwy, Brooklyn, NY"
AHQDS0GY02,2024-06-19,Veggie Pizza,Pizza,12.49,Large,5,Jessica Moore,Yes,"7072 Eastern Pkwy, Brooklyn, NY"
8XDQHLQ62Z,2024-08-07,2 Liter Diet Pepsi,Beverage,3.29,2L,6,Linda Martin,No,
BYRN2TQA8S,2024-11-08,Classic Pepperoni Pizza,Pizza,9.49,Large,2,Thomas Hernandez,No,
XR5GU7ZI8M,2024-09-10,Classic Pepperoni Pizza,Pizza,9.49,Large,2,James Martin,Yes,"8958 Flatbush Ave, Brooklyn, NY"
HAYN68AK0Z,2024-11-18,Mountain Dew 2 Liter,Beverage,3.29,2L,1,James Moore,Yes,"1228 Flatbush Ave, Brooklyn, NY"
XQ446NMA9Z,2024-03-15,Supreme Pizza,Pizza,13.99,Large,3,Ashley Brown,Yes,"1342 Church Ave, Brooklyn, NY"
99NCSCYYHF,2024-08-19,3 Meat Treat Pizza,Pizza,12.99,Large,1,Sarah Martinez,Yes,"8620 Flatbush Ave, Brooklyn, NY"
URJPGZV1FJ,2024-11-13,Deep Dish Pepperoni,Pizza,11.99,Regular,1,Joseph Miller,Yes,"1252 Flatbush Ave, Brooklyn, NY"
47FE3WX2QX,2024-10-01,Deep Dish Pepperoni,Pizza,11.99,Regular,2,Nancy Johnson,No,
QLQA32PNZX,2024-06-16,Supreme Pizza,Pizza,13.99,Large,7,Mark Jackson,No,
1O2Y1EJUOI,2024-08-05,ExtraMostBestest Cheese,Pizza,10.49,Large,3,James Anderson,Yes,"9262 Bedford Ave, Brooklyn, NY"
2Z8GHNESB0,2024-08-24,ExtraMostBestest Pepperoni,Pizza,10.49,Large,7,Anthony Lopez,Yes,"624 Church Ave, Brooklyn, NY"
EKROMX3WW2,2024-11-26,2 Liter Diet Pepsi,Beverage,3.29,2L,3,David Thomas,Yes,"8324 Utica Ave, Brooklyn, NY"
1CW2E5FMAT,2024-12-23,Crazy Bread Combo,Sides,5.99,Regular,7,Barbara Martin,Yes,"7491 Court St, Brooklyn, NY"
5C157GTHA7,2024-10-31,2 Liter Pepsi,Beverage,3.29,2L,3,John Wilson,Yes,"8805 Kings Hwy, Brooklyn, NY"
FFY7IYDC2F,2024-07-15,ExtraMostBestest Pepperoni,Pizza,10.49,Large,2,Nancy Jones,Yes,"3471 Eastern Pkwy, Brooklyn, NY"
N6KBSR3CK7,2024-07-05,Aquafina Water,Beverage,1.99,20oz,5,Patricia Gonzalez,Yes,"8220 Coney Island Ave, Brooklyn, NY"
YW7V32OF6A,2024-04-01,Supreme Pizza,Beverage,13.99,Large,3,Linda Gonzalez,No,
CP7EZ66R8I,2024-06-02,ExtraMostBestest Pepperoni,Pizza,10.49,Large,6,Linda Lopez,Yes,"4008 Coney Island Ave, Brooklyn, NY"
TY8TNFVAMB,2024-04-27,Italian Cheese Bread,Sides,6.49,Regular,8,Barbara Smith,Yes,"2057 Flatbush Ave, Brooklyn, NY"
UWNP5HGIT0,2024-11-22,ExtraMostBestest Cheese,Pizza,10.49,Large,3,Susan Johnson,Yes,"8682 Coney Island Ave, Brooklyn, NY"
9K3SAPG2U0,2024-12-06,Crazy Bread,Sides,4.99,Regular,1,Daniel Smith,Yes,"7225 Kings Hwy, Brooklyn, NY"
4XTS56BY61,2024-05-30,Crazy Bread Combo,Sides,5.99,Regular,2,Matthew Miller,No,
W1NYRWOFT8,2024-10-02,ExtraMostBestest Pepperoni,Pizza,10.49,Large,2,Daniel Williams,No,
0F1EA4KPVM,2024-03-03,Deep Dish Pepperoni,Pizza,11.99,Regular,9,Donald Williams,Yes,"4215 Bedford Ave, Brooklyn, NY"
XP3W86AQPK,2024-08-14,Crazy Bread Combo,Sides,5.99,Regular,1,Michael Moore,Yes,"2859 Fulton St, Brooklyn, NY"
WZKT8V3NRO,2024-05-25,Crazy Bread Combo,Sides,5.99,Regular,9,John Garcia,Yes,"2288 Atlantic Ave, Brooklyn, NY"
651QADYMS2,2024-05-28,Italian Cheese Bread,Sides,6.49,Regular,3,Linda Moore,Yes,"1937 Coney Island Ave, Brooklyn, NY"
1E77BAZ9C3,2024-04-21,Aquafina Water,Beverage,1.99,,10,Betty Miller,Yes,"2849 Coney Island Ave, Brooklyn, NY"
CIDBI4QOW8,2024-10-04,Buffalo Wings,Wings,9.49,8pc,1,John Lopez,Yes,"6880 Ocean Pkwy, Brooklyn, NY"
RLUUJ8I2C1,2024-08-02,Classic Pepperoni Pizza,Pizza,9.49,Large,2,Ashley Moore,Yes,"9087 Eastern Pkwy, Brooklyn, NY"
L11VE6UAA3,2024-05-13,ExtraMostBestest Cheese,Pizza,10.49,Large,3,Donald Martin,Yes,"9869 Atlantic Ave, Brooklyn, NY"
9EYBTE6ZRX,2024-05-28,ExtraMostBestest Cheese,Pizza,10.49,Large,3,Susan Lopez,Yes,"1119 Kings Hwy, Brooklyn, NY"
8KART8YTOI,2024-09-05,Buffalo Wings,Wings,9.49,8pc,1,Barbara Rodriguez,Yes,"8791 Eastern Pkwy, Brooklyn, NY"
169L4UF1A7,2024-06-09,3 Meat Treat Pizza,Pizza,12.99,Large,7,Thomas Martin,No,
OU60KIF32B,2024-01-02,Italian Cheese Bread,Sides,6.49,Regular,3,Sarah Martinez,No,
35WVULJLR7,2024-08-20,Classic Cheese Pizza,Pizza,8.99,Large,2,Mary Martinez,Yes,"5005 Fulton St, Brooklyn, NY"
60HBWWOF6S,2024-12-04,Deep Dish Cheese,Pizza,11.49,Regular,1,Karen Gonzalez,No,
3U7VXNLKG0,2024-08-16,Classic Cheese Pizza,Pizza,8.99,Large,4,Ashley Taylor,Yes,"3639 Flatbush Ave, Brooklyn, NY"
53MA2TDWD5,2024-12-18,Deep Dish Pepperoni,Pizza,11.99,Regular,6,Jessica Martinez,No,
BZ0PABWYJ5,2024-03-22,ExtraMostBestest Cheese,Pizza,10.49,Large,4,Patricia Hernandez,Yes,"5863 Ocean Pkwy, Brooklyn, NY"
PN1QFSK6A1,2024-06-22,ExtraMostBestest Pepperoni,Pizza,10.49,Large,6,Joseph Jones,Yes,"8858 Fulton St, Brooklyn, NY"
MFNNFLTQYR,2024-03-16,Classic Pepperoni Pizza,Pizza,9.49,Large,5,Betty Taylor,Yes,"2416 Coney Island Ave, Brooklyn, NY"
34HE9TKVWH,2024-08-04,Crazy Bread,Sides,4.99,Regular,9,Mary Wilson,Yes,"3540 Flatbush Ave, Brooklyn, NY"
UCSGLD8MPH,2024-06-12,3 Meat Treat Pizza,Pizza,12.99,Large,7,Barbara Davis,No,
YT1N1ESM6I,2024-09-27,2 Liter Pepsi,Beverage,3.29,2L,4,Lisa Smith,No,
TWRNGBQJI0,2024-03-28,ExtraMostBestest Pepperoni,Pizza,10.49,Large,3,Matthew Garcia,Yes,"2988 Utica Ave, Brooklyn, NY"
O2KU6ZZXXD,2024-11-17,Deep Dish Pepperoni,Pizza,11.99,Regular,7,Patricia Jackson,Yes,"2921 Nostrand Ave, Brooklyn, NY"
5JLYEGL0B5,2024-07-09,Deep Dish Cheese,Pizza,11.49,Regular,1,Nancy Garcia,Yes,"4444 Utica Ave, Brooklyn, NY"
V0LK4G8PAO,2024-10-16,2 Liter Pepsi,Beverage,3.29,2L,2,Jessica Brown,Yes,"8694 Bedford Ave, Brooklyn, NY"
ICA6RTCH61,2024-06-24,Crazy Bread Combo,Sides,5.99,Regular,9,Nancy Gonzalez,No,
0GK67YZ5VY,2024-12-09,Classic Pepperoni Pizza,Pizza,9.49,Large,3,Anthony Wilson,Yes,"7469 Utica Ave, Brooklyn, NY"
H7YKOCU2EM,2024-04-11,Crazy Bread,Sides,4.99,Regular,2,Thomas Wilson,Yes,"4398 Nostrand Ave, Brooklyn, NY"
0GCG2K1R1E,2024-08-27,Mountain Dew 2 Liter,Beverage,3.29,2L,7,David Wilson,Yes,"5865 Atlantic Ave, Brooklyn, NY"
ZU1A00VQV8,2024-01-30,Classic Cheese Pizza,Pizza,8.99,Large,4,Charles Williams,No,
ULE8NGXBX2,2024-07-04,3 Meat Treat Pizza,Pizza,12.99,Large,1,Matthew Davis,Yes,"8209 Kings Hwy, Brooklyn, NY"
FHJ5NFOG6Y,2024-06-27,ExtraMostBestest Pepperoni,Pizza,10.49,Large,9,Ashley Martinez,No,
5D81CX8PP8,2024-01-11,Classic Pepperoni Pizza,Pizza,9.49,Large,4,Linda Taylor,No,
Y7V5LH9USR,2024-09-08,Crazy Bread,Sides,4.99,,4,Barbara Gonzalez,No,
HA6J5XH0N7,2024-01-25,2 Liter Pepsi,Beverage,3.29,2L,1,Sarah Martinez,Yes,"4196 Court St, Brooklyn, NY"
BREVRSJRN5,2024-08-31,Crazy Bread,Sides,4.99,Regular,6,Jennifer Williams,No,
WD7632ZP23,2024-06-22,2 Liter Pepsi,Beverage,3.29,2L,8,Richard Smith,Yes,"942 Church Ave, Brooklyn, NY"
CEKUQJMNPW,2024-08-26,Deep Dish Pepperoni,Pizza,11.99,Regular,3,Betty Anderson,Yes,"4799 Court St, Brooklyn, NY"
R6PUS2SWHM,2024-02-06,Veggie Pizza,Pizza,12.49,Large,1,Barbara Brown,Yes,"1752 Atlantic Ave, Brooklyn, NY"
4I91WL7OZ4,2024-09-06,ExtraMostBestest Cheese,Pizza,10.49,Large,1,Anthony Davis,No,
5CJE9EP2WJ,2024-12-06,Crazy Bread,Sides,4.99,Regular,2,Robert Anderson,Yes,"1782 Coney Island Ave, Brooklyn, NY"
ZM78VY66VO,2024-03-14,Classic Cheese Pizza,Pizza,8.99,Large,2,Michael Martinez,Yes,"8541 Utica Ave, Brooklyn, NY"
A2HHKFJ27J,2024-02-16,ExtraMostBestest Cheese,Pizza,10.49,Large,3,Karen Davis,Yes,"2069 Nostrand Ave, Brooklyn, NY"
CLYB4SWITQ,2024-01-14,Classic Cheese Pizza,Pizza,8.99,Large,8,Jessica Miller,No,
N6MS1MUWHQ,2024-07-06,Veggie Pizza,Pizza,12.49,Large,8,Richard Johnson,Yes,"6002 Fulton St, Brooklyn, NY"
EGJL6HRKMW,2024-02-23,2 Liter Pepsi,Beverage,3.29,2L,1,Daniel Wilson,Yes,"7677 Coney Island Ave, Brooklyn, NY"
VJDO70EP0D,2024-03-31,Mountain Dew 2 Liter,Beverage,3.29,2L,7,Anthony Martin,Yes,"2496 Ocean Pkwy, Brooklyn, NY"
432E7PKQOJ,2024-01-21,Classic Cheese Pizza,Pizza,8.99,2L,3,Jennifer Wilson,Yes,"6472 Utica Ave, Brooklyn, NY"
U1SLELTAP3,2024-10-04,3 Meat Treat Pizza,Pizza,12.99,Large,1,Mark Moore,Yes,"6435 Coney Island Ave, Brooklyn, NY"
3ZQRYMDT6Y,2024-10-19,ExtraMostBestest Cheese,Pizza,10.49,Large,9,John Rodriguez,No,
QCD1D364EA,2024-08-25,Crazy Bread Combo,Sides,5.99,Regular,7,David Moore,No,
IX6JUAU538,2024-08-01,Caesar Wings,Wings,8.99,8pc,2,John Brown,No,
M0DUOY5TX2,2024-07-23,ExtraMostBestest Pepperoni,Pizza,10.49,Large,4,Richard Jones,Yes,"2469 Kings Hwy, Brooklyn, NY"
JHJQIIK95E,2024-03-23,Italian Cheese Bread,Sides,6.49,Regular,5,Lisa Taylor,Yes,"8353 Ocean Pkwy, Brooklyn, NY"
CCVKFJDUL6,2024-11-29,Classic Pepperoni Pizza,Pizza,9.49,Large,3,Jessica Smith,Yes,"8492 Church Ave, Brooklyn, NY"
UC93WJ08GF,2024-12-12,ExtraMostBestest Cheese,Pizza,10.49,Large,4,Richard Miller,Yes,"9117 Nostrand Ave, Brooklyn, NY"
1LICNCW6QQ,2024-02-18,Deep Dish Cheese,Pizza,11.49,Regular,9,Jessica Hernandez,Yes,"8008 Atlantic Ave, Brooklyn, NY"
EZPNY992D3,2024-03-29,Deep Dish Cheese,Pizza,11.49,Regular,1,Sandra Davis,Yes,"7982 Ocean Pkwy, Brooklyn, NY"
RVKP8KYLTM,2024-03-02,Deep Dish Pepperoni,Pizza,11.99,Regular,4,Jessica Hernandez,No,
239MPNHJZU,2024-07-15,Classic Pepperoni Pizza,Pizza,9.49,Large,2,Jennifer Williams,No,
GVA7IX86UT,2024-05-08,2 Liter Diet Pepsi,Beverage,3.29,2L,3,Jennifer Gonzalez,Yes,"7531 Flatbush Ave, Brooklyn, NY"
21ORKWDJVM,2024-04-10,ExtraMostBestest Pepperoni,Pizza,10.49,Large,4,Patricia Martin,No,
03N0A0MXZ5,2024-03-11,Crazy Bread,Sides,4.99,Regular,4,Susan Moore,Yes,"7605 Fulton St, Brooklyn, NY"
6XMH1TP9WN,2024-08-22,ExtraMostBestest Cheese,Pizza,10.49,Large,2,Elizabeth Hernandez,Yes,"7655 Fulton St, Brooklyn, NY"
3G5CW41MVX,2024-08-05,ExtraMostBestest Pepperoni,Pizza,10.49,Large,4,James Davis,Yes,"4710 Kings Hwy, Brooklyn, NY"
3J8DVNY2ZM,2024-11-24,Italian Cheese Bread,Sides,6.49,Regular,7,Ashley Davis,No,
BAEMBJGKJ3,2024-03-14,2 Liter Pepsi,Beverage,3.29,2L,2,Charles Williams,No,
G95W2OONEW,2024-09-15,Crazy Bread,Sides,4.99,Regular,10,Michael Anderson,Yes,"5960 Coney Island Ave, Brooklyn, NY"
I5SOEH97C4,2024-12-10,Aquafina Water,Beverage,1.99,20oz,3,Linda Garcia,No,
CR779PW87Y,2024-03-03,Classic Cheese Pizza,Pizza,8.99,Large,9,Karen Miller,Yes,"6460 Church Ave, Brooklyn, NY"
FWX94647LH,2024-03-03,Mountain Dew 2 Liter,Beverage,3.29,2L,4,Jennifer Davis,Yes,"5315 Court St, Brooklyn, NY"
764FBM0UNJ,2024-12-25,Classic Cheese Pizza,Pizza,8.99,Large,5,Mary Brown,Yes,"3504 Church Ave, Brooklyn, NY"
E15OYTF03N,2024-01-07,ExtraMostBestest Cheese,Pizza,10.49,Large,8,Donald Jackson,Yes,"8963 Court St, Brooklyn, NY"
XJYBEF5K2E,2024-01-10,Classic Pepperoni Pizza,Pizza,9.49,Large,2,Mary Williams,Yes,"8217 Court St, Brooklyn, NY"
8MYWGG0567,2024-10-06,Veggie Pizza,Pizza,12.49,Large,3,Sarah Rodriguez,Yes,
FLT5H6UXNC,2024-02-14,2 Liter Pepsi,Beverage,3.29,2L,1,Betty Martinez,No,
4RIWYSZZI9,2024-08-28,Classic Cheese Pizza,Pizza,8.99,Large,1,Sandra Gonzalez,No,
UYVLZJA09R,2024-07-13,ExtraMostBestest Pepperoni,Pizza,10.49,Large,6,Elizabeth Smith,No,
G8XC7VY2J0,2024-11-17,Italian Cheese Bread,Sides,6.49,Regular,6,Susan Brown,Yes,"1421 Eastern Pkwy, Brooklyn, NY"
0A5Z8RQHYL,2024-01-29,ExtraMostBestest Pepperoni,Pizza,10.49,Large,1,Thomas Miller,Yes,"8523 Nostrand Ave, Brooklyn, NY"
S71EUULO17,2024-07-29,2 Liter Diet Pepsi,Beverage,3.29,2L,4,James Miller,Yes,"1521 Kings Hwy, Brooklyn, NY"
1KPDG9O98P,2024-05-24,Classic Cheese Pizza,Pizza,8.99,Large,3,Lisa Hernandez,Yes,"9297 Coney Island Ave, Brooklyn, NY"
DUW35MPA3N,2024-01-30,3 Meat Treat Pizza,Pizza,12.99,Large,1,Richard Smith,Yes,"6460 Nostrand Ave, Brooklyn, NY"
IL5GY2GNJX,2024-03-15,Caesar Wings,Wings,8.99,8pc,1,Betty Garcia,No,
4ZNKTV3PLM,2024-02-20,Classic Pepperoni Pizza,Pizza,9.49,Large,2,Susan Jackson,No,
3WJ1Z3LDBM,2024-05-29,Deep Dish Pepperoni,Pizza,11.99,Regular,1,Linda Smith,No,
CUA8LC1KXB,2024-11-13,Crazy Bread Combo,Sides,5.99,Regular,1,Mark Martinez,Yes,"5162 Church Ave, Brooklyn, NY"
QGZV1LSQI1,2024-01-16,Veggie Pizza,Pizza,12.49,Large,3,Barbara Anderson,No,
D2LO3N7CCV,2024-04-24,Caesar Wings,Wings,8.99,8pc,4,Ashley Martin,Yes,"5338 Atlantic Ave, Brooklyn, NY"
N2BG46R8Q6,2024-03-16,Classic Cheese Pizza,Pizza,8.99,Large,8,Sarah Anderson,No,
FXP2IR5V2O,2024-10-01,3 Meat Treat Pizza,Pizza,12.99,Large,4,Mark Moore,No,
PV82AN424V,2024-11-04,Italian Cheese Bread,Sides,6.49,Regular,4,Thomas Davis,Yes,"8272 Atlantic Ave, Brooklyn, NY"
OU7XRXA9NB,2024-03-19,Supreme Pizza,Pizza,13.99,Large,3,Matthew Martin,Yes,"255 Nostrand Ave, Brooklyn, NY"
JP2ZHCZJDZ,2024-01-18,ExtraMostBestest Pepperoni,Pizza,10.49,Large,1,Patricia Anderson,Yes,"5857 Court St, Brooklyn, NY"
L3EUGHPGPE,2024-01-12,2 Liter Diet Pepsi,Beverage,3.29,2L,2,Richard Lopez,Yes,"1864 Bedford Ave, Brooklyn, NY"
7GTG0P3Y4K,2024-07-06,3 Meat Treat Pizza,Pizza,12.99,Large,5,Thomas Wilson,Yes,"8213 Nostrand Ave, Brooklyn, NY"
8VKZHH5VN2,2024-04-10,Classic Cheese Pizza,Pizza,8.99,Large,4,Mary Davis,No,
0YS1GU5EUY,2024-03-30,Deep Dish Cheese,Pizza,11.49,Regular,5,Ashley Johnson,Yes,"1049 Flatbush Ave, Brooklyn, NY"
0A0M3TZX2U,2024-10-01,Classic Cheese Pizza,Pizza,8.99,Large,1,Mark Davis,Yes,"5500 Ocean Pkwy, Brooklyn, NY"
FHSEYW0O7C,2024-04-21,Classic Pepperoni Pizza,Pizza,9.49,Large,4,Ashley Brown,Yes,"3085 Kings Hwy, Brooklyn, NY"
OJP2R51MOA,2024-03-11,Crazy Bread Combo,Sides,5.99,Regular,1,Matthew Anderson,Yes,"1605 Kings Hwy, Brooklyn, NY"
TIYC9UQBY4,2024-01-12,Mountain Dew 2 Liter,Beverage,3.29,2L,2,Matthew Garcia,No,
RWP0VFB5TJ,2024-10-01,Mountain Dew 2 Liter,Beverage,3.29,2L,4,Daniel Hernandez,Yes,"5193 Eastern Pkwy, Brooklyn, NY"
GKPIQ0OVU9,2024-10-14,Classic Cheese Pizza,Pizza,8.99,Large,4,Daniel Gonzalez,Yes,"7685 Church Ave, Brooklyn, NY"
6ZM1ZEKGO1,2024-12-22,Veggie Pizza,Pizza,12.49,Large,5,Richard Garcia,No,
EUVI6QCWB4,2024-08-10,Supreme Pizza,Pizza,13.99,Large,5,Jessica Johnson,No,
PYOMVG2O3L,2024-03-14,Classic Cheese Pizza,Pizza,8.99,Large,4,John Moore,No,
61YFGUQGQ9,2024-03-22,Classic Pepperoni Pizza,Pizza,9.49,Large,1,Susan Moore,Yes,"1997 Coney Island Ave, Brooklyn, NY"
0B0SFWE6GC,2024-05-07,Classic Cheese Pizza,Pizza,8.99,Large,3,Ashley Martinez,Yes,"8741 Flatbush Ave, Brooklyn, NY"
R6DBFGI4DE,2024-04-30,Caesar Wings,Wings,8.99,8pc,1,Elizabeth Jackson,Yes,"3322 Coney Island Ave, Brooklyn, NY"
D55PG2JADR,2024-12-23,Veggie Pizza,Pizza,12.49,Large,6,Joseph Taylor,Yes,"8783 Eastern Pkwy, Brooklyn, NY"
4ILBDTWH7F,2024-10-06,Crazy Bread,Sides,4.99,Regular,4,Charles Brown,Yes,"2146 Atlantic Ave, Brooklyn, NY"
5ELREZMFF5,2024-12-04,Italian Cheese Bread,Sides,6.49,Regular,1,Joseph Davis,Yes,"5041 Court St, Brooklyn, NY"
SQXWO1EZCN,2024-05-20,ExtraMostBestest Cheese,Pizza,10.49,Large,1,Nancy Brown,Yes,"3639 Flatbush Ave, Brooklyn, NY"
O0L5INLWW7,2024-01-15,Classic Pepperoni Pizza,Pizza,9.49,Large,1,Lisa Moore,No,
CF9LKK4F4Y,2024-10-15,2 Liter Diet Pepsi,Beverage,3.29,2L,2,Sarah Williams,Yes,"5144 Utica Ave, Brooklyn, NY"
0HJR807E9R,2024-02-25,2 Liter Pepsi,Beverage,3.29,,3,Barbara Jones,No,
74GROH7QJ9,2024-07-22,Supreme Pizza,Pizza,13.99,Large,4,Susan,Yes,"612 Eastern Pkwy, Brooklyn, NY"
FKA7EC653Y,2024-01-14,Italian Cheese Bread,Sides,6.49,Regular,7,Joseph Moore,Yes,"5281 Court St, Brooklyn, NY"
1NW2UU0TMP,2024-12-26,Classic Cheese Pizza,Pizza,8.99,Large,10,Lisa Moore,No,
3P13NUYNUD,2024-11-03,Classic Cheese Pizza,Pizza,8.99,Large,8,Sarah Jones,No,
F1V2F0J72W,2024-08-26,ExtraMostBestest Pepperoni,Pizza,10.49,Large,3,Barbara Anderson,No,
MFZVKVPI2R,2024-10-14,Crazy Bread Combo,Sides,5.99,Regular,2,Susan Miller,No,
L4C2Y4J58T,2024-02-22,Classic Pepperoni Pizza,Pizza,9.49,Large,1,Sarah Moore,Yes,"4185 Kings Hwy, Brooklyn, NY"
8DPJA6LH1E,2024-02-05,Supreme Pizza,Pizza,13.99,Large,2,Sandra Gonzalez,No,
AGKY5UMBAS,2024-07-27,Classic Cheese Pizza,Pizza,8.99,Large,5,Mark Thomas,Yes,"8980 Court St, Brooklyn, NY"
H2VBWBQKLW,2024-07-03,Classic Cheese Pizza,Pizza,8.99,Large,4,Betty Brown,Yes,"1769 Flatbush Ave, Brooklyn, NY"
E9VLDT6UC3,2024-03-10,Mountain Dew 2 Liter,Beverage,3.29,2L,5,James Martin,Yes,"3505 Ocean Pkwy, Brooklyn, NY"
5680MCN39P,2024-03-03,Supreme Pizza,Pizza,13.99,Large,5,Barbara Martin,No,
HWHVNIA4JN,2024-04-06,Supreme Pizza,Pizza,13.99,Large,10,Karen Hernandez,Yes,"8385 Church Ave, Brooklyn, NY"
DSR1N0GLM2,2024-11-16,ExtraMostBestest Cheese,Pizza,10.49,Large,7,Jennifer Anderson,No,
BWYQDD4QJM,2024-08-03,Classic Pepperoni Pizza,Pizza,9.49,Large,7,Michael Johnson,Yes,"1976 Bedford Ave, Brooklyn, NY"
3PHLVO6MOF,2024-03-16,Classic Pepperoni Pizza,Pizza,9.49,Large,9,Michael Brown,Yes,"4249 Atlantic Ave, Brooklyn, NY"
WVM5YB9HMC,2024-12-18,Deep Dish Pepperoni,Pizza,11.99,Regular,5,Jennifer Martin,No,
Q4HRLJPYVJ,2024-12-22,Supreme Pizza,Pizza,13.99,Large,8,John Miller,Yes,"5850 Ocean Pkwy, Brooklyn, NY"
WMEHK222ZJ,2024-12-02,ExtraMostBestest Cheese,Pizza,10.49,Large,2,Sandra Smith,No,
LSU8IAY3KY,2024-03-26,Deep Dish Pepperoni,Pizza,11.99,Regular,1,Sandra Hernandez,Yes,"7116 Flatbush Ave, Brooklyn, NY"
LOBITKRB4L,2024-01-17,Italian Cheese Bread,Sides,6.49,Regular,4,Robert Brown,Yes,"2088 Church Ave, Brooklyn, NY"
QY0E2VZIT5,2024-12-04,Deep Dish Pepperoni,Pizza,11.99,Regular,2,James Johnson,Yes,"7669 Kings Hwy, Brooklyn, NY"
43SUI4PRNJ,2024-11-02,Crazy Bread,Sides,4.99,Regular,6,Matthew Smith,No,
AB1Q70NDAG,2024-12-30,Classic Cheese Pizza,Pizza,8.99,Large,7,Jennifer Hernandez,No,
FKIF1VVEEA,2024-09-27,Classic Pepperoni Pizza,Pizza,9.49,Small,3,Thomas Rodriguez,Yes,"5306 Coney Island Ave, Brooklyn, NY"
5DQMY7R9ED,2024-05-18,Buffalo Wings,Wings,9.49,8pc,9,Robert Taylor,No,
RL1SVV8I3U,2024-04-23,Classic Pepperoni Pizza,Pizza,9.49,Large,2,David Moore,Yes,"2959 Nostrand Ave, Brooklyn, NY"
I7QEQKFON2,2024-12-07,2 Liter Pepsi,Beverage,3.29,2L,6,Nancy Jones,Yes,"7223 Fulton St, Brooklyn, NY"
Q9ADX87N6C,2024-09-16,Buffalo Wings,Wings,9.49,8pc,1,Daniel Rodriguez,Yes,"2858 Flatbush Ave, Brooklyn, NY"
DGNXFLPYRE,2024-05-26,Italian Cheese Bread,Sides,6.49,Regular,8,John Gonzalez,Yes,"2434 Utica Ave, Brooklyn, NY"
KNW5ZP6C37,2024-06-07,3 Meat Treat Pizza,Pizza,12.99,Large,1,David Anderson,Yes,"3912 Atlantic Ave, Brooklyn, NY"
FQ5201XCER,2024-02-15,Supreme Pizza,Pizza,13.99,Large,3,Charles Smith,No,
O84U2JTVOL,2024-03-21,Classic Cheese Pizza,Pizza,8.99,Large,4,Elizabeth Moore,Yes,"1804 Fulton St, Brooklyn, NY"
VRB2SBOCI4,2024-03-15,Classic Pepperoni Pizza,Pizza,9.49,Large,2,Jennifer Miller,No,
S9CSG0V5IF,2024-02-29,Deep Dish Cheese,Pizza,11.49,Regular,2,Jennifer Martinez,No,
2O5EG6JSD0,2024-01-17,ExtraMostBestest Pepperoni,Pizza,10.49,Large,2,Sarah Wilson,Yes,"4815 Church Ave, Brooklyn, NY"
HUJZNLNFDO,2024-09-24,Caesar Wings,Wings,8.99,8pc,3,Lisa Garcia,Yes,"3592 Church Ave, Brooklyn, NY"
BHK5FCW31R,2024-08-20,ExtraMostBestest Pepperoni,Pizza,10.49,Large,2,William Wilson,No,
XI3WGU6BMH,2024-10-11,Caesar Wings,Wings,8.99,8pc,1,Betty Jackson,Yes,"9971 Nostrand Ave, Brooklyn, NY"
BU54CZL68Y,2024-01-10,Classic Cheese Pizza,Pizza,8.99,Large,3,Richard Davis,No,
D4ZYP88MNQ,2024-08-21,Italian Cheese Bread,Sides,6.49,Regular,1,Charles Williams,Yes,"5242 Bedford Ave, Brooklyn, NY"
RG14ECPEL0,2024-12-07,ExtraMostBestest Cheese,Pizza,10.49,Large,5,Robert Davis,Yes,"7056 Nostrand Ave, Brooklyn, NY"
RF2O529MK0,2024-12-07,Buffalo Wings,Wings,9.49,8pc,7,Daniel Miller,Yes,"2440 Eastern Pkwy, Brooklyn, NY"
QKK1X7D5AJ,2024-01-23,ExtraMostBestest Pepperoni,Pizza,10.49,Large,2,Donald Garcia,Yes,"2022 Nostrand Ave, Brooklyn, NY"
HRT6KUIKES,2024-08-02,Deep Dish Pepperoni,Pizza,11.99,Regular,3,Mary Jones,No,
MC92LKC2NT,2024-08-17,Supreme Pizza,Pizza,13.99,Large,8,Jennifer Wilson,No,
TC0PAD0H8K,2024-03-31,Aquafina Water,Beverage,1.99,20oz,7,Donald Lopez,Yes,"6758 Eastern Pkwy, Brooklyn, NY"
17A5FH9I1I,2024-04-13,Crazy Bread,Sides,4.99,Regular,6,Mary Martin,Yes,"574 Bedford Ave, Brooklyn, NY"
BM9TI45L2U,2024-10-17,Italian Cheese Bread,Sides,6.49,Regular,1,Elizabeth Moore,No,
YO7PF9UP4F,2024-07-28,Mountain Dew 2 Liter,Beverage,3.29,2L,5,Mary Taylor,Yes,"8702 Nostrand Ave, Brooklyn, NY"
Q950F6SA22,2024-11-09,Classic Pepperoni Pizza,Pizza,9.49,Large,8,Robert Johnson,Yes,"8811 Flatbush Ave, Brooklyn, NY"
D7CARI03X9,2024-05-09,Caesar Wings,Wings,8.99,8pc,1,Donald Hernandez,Yes,"2460 Bedford Ave, Brooklyn, NY"
ERNOGNULA4,2024-03-25,ExtraMostBestest Cheese,Pizza,10.49,Large,3,Sandra Taylor,Yes,"6108 Eastern Pkwy, Brooklyn, NY"
7F0J7HJNFU,2024-11-27,Classic Pepperoni Pizza,Pizza,9.49,Large,1,Lisa Martin,Yes,"5623 Fulton St, Brooklyn, NY"
F0ZCPJ5TAB,2024-02-28,3 Meat Treat Pizza,Pizza,12.99,Large,4,Jennifer Thomas,Yes,"8194 Ocean Pkwy, Brooklyn, NY"
H7XAOXWX81,2024-10-03,Deep Dish Pepperoni,Pizza,11.99,Regular,1,Thomas Martin,No,
72J69VH7UC,2024-04-12,Italian Cheese Bread,Sides,6.49,Regular,2,Betty Miller,Yes,"5955 Court St, Brooklyn, NY"
9UUGHL51GW,2024-06-04,Crazy Bread,Sides,4.99,Regular,4,Ashley Rodriguez,Yes,"5168 Kings Hwy, Brooklyn, NY"
L55XX3DMS7,2024-06-24,Crazy Bread Combo,Sides,5.99,Regular,7,Michael Jones,No,
WE4P29J1YO,2024-11-24,Classic Pepperoni Pizza,Pizza,9.49,Large,5,Nancy Wilson,Yes,"9789 Atlantic Ave, Brooklyn, NY"
JU2RM6LQYC,2024-04-01,Veggie Pizza,Pizza,12.49,Large,3,David Hernandez,Yes,"8069 Fulton St, Brooklyn, NY"
HVMUQM990C,2024-10-27,Caesar Wings,Wings,8.99,8pc,6,William Wilson,Yes,"8833 Utica Ave, Brooklyn, NY"
ZNDAKK68GO,2024-04-07,Deep Dish Cheese,Pizza,11.49,Regular,6,Susan Martinez,Yes,"2248 Church Ave, Brooklyn, NY"
6HOE70WQIS,2024-08-27,Classic Cheese Pizza,Pizza,8.99,Large,2,Sandra Garcia,Yes,"7914 Fulton St, Brooklyn, NY"
9E6EP466Q6,2024-02-16,Mountain Dew 2 Liter,Beverage,3.29,2L,1,Linda Miller,Yes,"7732 Court St, Brooklyn, NY"
CQ1VC911MS,2024-03-07,ExtraMostBestest Pepperoni,Pizza,10.49,8pc,4,Anthony Smith,No,
AAT1REW1VD,2024-05-10,ExtraMostBestest Pepperoni,Pizza,10.49,Large,3,Susan Anderson,Yes,"5226 Church Ave, Brooklyn, NY"
AT3SQ0Z9OP,2024-10-29,Classic Cheese Pizza,Pizza,8.99,Large,1,Betty Hernandez,Yes,"9520 Fulton St, Brooklyn, NY"
WL5RS7JN7W,2024-03-04,Deep Dish Cheese,Pizza,11.49,Regular,3,Mark Jackson,No,
TPUD4TXAWQ,2024-08-21,Italian Cheese Bread,Sides,6.49,Regular,3,Matthew Taylor,Yes,"165 Fulton St, Brooklyn, NY"
I93P77SUE0,2024-01-18,Classic Pepperoni Pizza,Pizza,9.49,Large,4,Karen Taylor,Yes,"4944 Fulton St, Brooklyn, NY"
2TKE7705ZI,2024-12-08,Classic Cheese Pizza,Pizza,8.99,Large,6,Joseph Anderson,No,
HJ16KTX7OP,2024-02-08,Deep Dish Cheese,Pizza,11.49,Regular,1,John Hernandez,No,
6H35OVYPK1,2024-11-28,Caesar Wings,Wings,8.99,8pc,3,Jessica Thomas,Yes,"8147 Coney Island Ave, Brooklyn, NY"
PGGNXI47YV,2024-07-09,ExtraMostBestest Pepperoni,Pizza,10.49,Large,1,Michael Gonzalez,Yes,"9134 Nostrand Ave, Brooklyn, NY"
JELD3LBTRU,2024-08-16,ExtraMostBestest Pepperoni,Pizza,10.49,Large,1,Anthony Johnson,No,
1C4UTZGX58,2024-03-28,Deep Dish Pepperoni,Pizza,11.99,Regular,1,Patricia Miller,Yes,"9097 Court St, Brooklyn, NY"
TR5IQUM9JX,2024-06-02,Deep Dish Pepperoni,Pizza,11.99,Regular,7,Anthony Gonzalez,No,
QNR2IN7SRV,2024-11-06,Supreme Pizza,Pizza,13.99,Large,3,David Johnson,No,
TWGTYQGGNU,2024-05-26,Deep Dish Cheese,Pizza,11.49,Regular,5,Karen Rodriguez,No,
9CVHZKVRK8,2024-07-26,Classic Cheese Pizza,Pizza,8.99,Large,4,Michael Lopez,Yes,"8690 Atlantic Ave, Brooklyn, NY"
2XZ52US21H,2024-04-23,2 Liter Diet Pepsi,Beverage,3.29,2L,3,John Jackson,Yes,"9625 Church Ave, Brooklyn, NY"
O9UBKWW5KJ,2024-03-21,Mountain Dew 2 Liter,Beverage,3.29,2L,1,Patricia Davis,No,
IOUD1QBFON,2024-10-19,Classic Pepperoni Pizza,Pizza,9.49,Large,8,Donald Davis,No,
BO6R3Q9QL3,2024-10-31,Mountain Dew 2 Liter,Beverage,3.29,2L,2,Robert Williams,No,
GHTFTLFDCN,2024-07-01,Crazy Bread Combo,Sides,5.99,Regular,2,Michael Johnson,No,
VT4DL2ITER,2024-11-01,3 Meat Treat Pizza,Pizza,12.99,Large,3,Charles Gonzalez,Yes,"6762 Fulton St, Brooklyn, NY"
DDG3ODEV6M,2024-08-20,Classic Pepperoni Pizza,Pizza,9.49,,4,Daniel Wilson,Yes,"9406 Eastern Pkwy, Brooklyn, NY"
KLUT6PLM58,2024-10-25,3 Meat Treat Pizza,Pizza,12.99,Large,2,Joseph Martin,Yes,"801 Coney Island Ave, Brooklyn, NY"
Y58PGUXFRL,2024-08-09,Classic Cheese Pizza,Pizza,8.99,Large,2,William Jackson,No,
7LKLPAKIYD,2024-12-06,Classic Pepperoni Pizza,Pizza,9.49,Large,4,Mary Hernandez,Yes,"1142 Bedford Ave, Brooklyn, NY"
7IFWJ9ZQ9H,2024-05-17,Classic Pepperoni Pizza,Beverage,9.49,Large,2,Betty Davis,Yes,"5615 Eastern Pkwy, Brooklyn, NY"
OQ0DD8ADLF,2024-10-30,2 Liter Diet Pepsi,Beverage,3.29,2L,2,Thomas,Yes,"6612 Nostrand Ave, Brooklyn, NY"
3P51LZZQM1,2024-06-30,Deep Dish Cheese,Pizza,11.49,Regular,3,Matthew Wilson,No,
BQ41I1IRSJ,2024-03-04,ExtraMostBestest Pepperoni,Pizza,10.49,Large,3,William Davis,Yes,"2302 Kings Hwy, Brooklyn, NY"
O8JDC2TH06,2024-05-04,Deep Dish Pepperoni,Pizza,11.99,Regular,7,Lisa Anderson,No,
GCX6BK751Q,2024-04-13,Crazy Bread,Sides,4.99,Regular,5,Karen Miller,No,
9Z34KKF9J3,2024-03-15,Classic Cheese Pizza,Pizza,8.99,Large,1,Joseph Jackson,Yes,"4452 Eastern Pkwy, Brooklyn, NY"
A9MKEDDOYU,2024-07-27,ExtraMostBestest Pepperoni,Pizza,10.49,Large,7,Ashley Thomas,No,
DF9K8LZKDE,2024-04-08,Mountain Dew 2 Liter,Beverage,3.29,2L,2,Patricia Smith,No,
142PUJ0CQE,2024-11-19,Deep Dish Cheese,Pizza,11.49,Regular,2,Charles Jones,Yes,"3806 Ocean Pkwy, Brooklyn, NY"
GZPTNYOFDK,2024-12-05,Crazy Bread,Sides,4.99,Regular,1,Anthony Jones,No,
ZHK8XMAP3K,2024-09-01,Crazy Bread,Sides,4.99,Regular,8,Barbara Smith,Yes,"761 Nostrand Ave, Brooklyn, NY"
7U6O1V0K22,2024-10-06,Classic Cheese Pizza,Pizza,8.99,Large,3,James Anderson,Yes,"3108 Atlantic Ave, Brooklyn, NY"
HMFCGC47WK,2024-01-31,Crazy Bread,Sides,4.99,Regular,4,Mark Taylor,Yes,"8648 Atlantic Ave, Brooklyn, NY"
PY4690I614,2024-11-14,Veggie Pizza,Sides,12.49,Large,2,Joseph Miller,Yes,"7819 Kings Hwy, Brooklyn, NY"
LEWGSXLZY0,2024-09-05,Deep Dish Pepperoni,Pizza,11.99,Regular,2,Sarah Miller,Yes,"8670 Coney Island Ave, Brooklyn, NY"
FJVJUZHX72,2024-05-04,3 Meat Treat Pizza,Pizza,12.99,Large,5,David Moore,Yes,"9967 Atlantic Ave, Brooklyn, NY"
LKO4XC1CLO,2024-03-18,Classic Cheese Pizza,Pizza,8.99,Large,1,Patricia Martinez,No,
E1UCBBLN2M,2024-02-25,Deep Dish Cheese,Pizza,11.49,Regular,7,Sandra Anderson,Yes,"1465 Ocean Pkwy, Brooklyn, NY"
BC78RGP9FD,2024-04-27,Crazy Bread,Sides,4.99,Regular,9,Michael Jones,Yes,"8574 Utica Ave, Brooklyn, NY"
LKU9EMYH5Y,2024-10-23,Classic Cheese Pizza,Pizza,8.99,Large,1,Jessica Gonzalez,Yes,"9944 Coney Island Ave, Brooklyn, NY"
WWCYU727WP,2024-12-20,Veggie Pizza,Pizza,12.49,Large,6,Richard Davis,Yes,
8UA6OYPQPG,2024-11-30,ExtraMostBestest Pepperoni,Pizza,10.49,Large,7,Elizabeth Anderson,Yes,"3051 Atlantic Ave, Brooklyn, NY"
GI7B1GMEHI,2024-03-15,Classic Pepperoni Pizza,Pizza,9.49,Large,4,Michael Johnson,Yes,"5229 Utica Ave, Brooklyn, NY"
45JUCOWC1L,2024-09-03,ExtraMostBestest Cheese,Pizza,10.49,Large,4,Nancy Hernandez,Yes,"599 Eastern Pkwy, Brooklyn, NY"
RAAMYDUPS7,2024-08-12,ExtraMostBestest Cheese,Pizza,10.49,Large,1,Thomas Miller,Yes,"7881 Church Ave, Brooklyn, NY"
DDG43PO4T2,2024-11-19,2 Liter Diet Pepsi,Beverage,3.29,2L,4,Karen Hernandez,No,
HI0FY357ST,2024-12-10,ExtraMostBestest Pepperoni,Pizza,10.49,Large,1,Jessica Jones,No,
04GVNU60SZ,2024-06-13,ExtraMostBestest Pepperoni,Pizza,10.49,Large,8,Robert Martin,Yes,"1016 Nostrand Ave, Brooklyn, NY"
KX102OKT1Z,2024-05-18,Classic Pepperoni Pizza,Pizza,9.49,Large,5,Jessica Williams,No,
EN82IOO8B6,2024-04-23,Crazy Bread Combo,Sides,5.99,Regular,1,Sandra Martin,Yes,"8577 Court St, Brooklyn, NY"
VSSCU5PWP1,2024-10-21,2 Liter Pepsi,Beverage,3.29,2L,4,Barbara Wilson,Yes,"3995 Eastern Pkwy, Brooklyn, NY"
O52CZV937L,2024-12-13,Aquafina Water,Beverage,1.99,20oz,7,Susan,Yes,"267 Ocean Pkwy, Brooklyn, NY"
RT80NVAMQP,2024-08-23,2 Liter Diet Pepsi,Beverage,3.29,2L,4,Mary Hernandez,No,
4JWO3IRICX,2024-04-27,ExtraMostBestest Pepperoni,Pizza,10.49,Large,7,Linda Thomas,Yes,"4621 Nostrand Ave, Brooklyn, NY"
CDEYLRUWVJ,2024-06-14,Buffalo Wings,Wings,9.49,8pc,4,Elizabeth Martinez,Yes,"1415 Court St, Brooklyn, NY"
6TEGNMVLKK,2024-11-26,3 Meat Treat Pizza,Pizza,12.99,Large,3,John Thomas,Yes,"4846 Coney Island Ave, Brooklyn, NY"
H6Q64J0YLZ,2024-03-16,Deep Dish Cheese,Pizza,11.49,Regular,9,Lisa Jones,Yes,"9687 Utica Ave, Brooklyn, NY"
DE3BDZMELT,2024-12-30,Classic Cheese Pizza,Pizza,8.99,Large,6,Betty Lopez,Yes,"4360 Flatbush Ave, Brooklyn, NY"
CFZGZCMNG8,2024-07-20,Caesar Wings,Wings,8.99,8pc,4,Daniel Anderson,Yes,"7852 Kings Hwy, Brooklyn, NY"
S8GUX17SA1,2024-02-07,Italian Cheese Bread,Sides,6.49,Regular,4,Daniel Smith,No,
I871O90K7Z,2024-03-19,ExtraMostBestest Cheese,Pizza,10.49,Large,2,Jessica Garcia,No,
0QY4P6K9IR,2024-11-28,2 Liter Pepsi,Beverage,3.29,2L,4,David Taylor,Yes,"1906 Kings Hwy, Brooklyn, NY"
SQWD2DD8DJ,2024-08-11,Classic Pepperoni Pizza,Pizza,9.49,Large,6,Nancy Jones,Yes,"4229 Flatbush Ave, Brooklyn, NY"
FQNJDBU6MN,2024-02-12,Classic Cheese Pizza,Pizza,8.99,Large,4,Matthew Jackson,Yes,"8260 Bedford Ave, Brooklyn, NY"
4BAB1GU41R,2024-05-23,Classic Pepperoni Pizza,Pizza,9.49,Large,1,Charles Martin,Yes,"8016 Atlantic Ave, Brooklyn, NY"
797BU1BO3Q,2024-06-17,ExtraMostBestest Pepperoni,Pizza,10.49,Large,5,Matthew Gonzalez,Yes,"5658 Nostrand Ave, Brooklyn, NY"
WXGBQD5NXA,2024-02-25,Crazy Bread Combo,Sides,5.99,Regular,10,Betty Martinez,Yes,"6580 Eastern Pkwy, Brooklyn, NY"
SRSTU3YBCY,2024-02-19,Crazy Bread,Pizza,4.99,Regular,3,Thomas Garcia,No,
MW95HYIEU5,2024-07-24,2 Liter Pepsi,Beverage,3.29,2L,7,Joseph Hernandez,Yes,"9096 Flatbush Ave, Brooklyn, NY"
S0FVEOETL4,2024-11-11,ExtraMostBestest Pepperoni,Pizza,10.49,Large,1,Susan Moore,Yes,"4641 Kings Hwy, Brooklyn, NY"
XBZ6U3G0AY,2024-09-06,Veggie Pizza,Pizza,12.49,Large,3,Jessica Martin,Yes,"4938 Atlantic Ave, Brooklyn, NY"
AV0G9B3GP3,2024-07-19,Italian Cheese Bread,Sides,6.49,Regular,3,Susan Moore,Yes,"5159 Atlantic Ave, Brooklyn, NY"
B9PVTYNXV2,2024-10-17,Supreme Pizza,Pizza,13.99,Large,2,David Davis,Yes,"2859 Court St, Brooklyn, NY"
29SD1S2B89,2024-11-12,Caesar Wings,Wings,8.99,8pc,4,Joseph Gonzalez,Yes,"8749 Kings Hwy, Brooklyn, NY"
H5A7HAVSSL,2024-10-11,Classic Cheese Pizza,Pizza,8.99,Large,2,Linda Brown,No,
QC2R5YOXNX,2024-11-29,Deep Dish Pepperoni,Pizza,11.99,Regular,3,Thomas Taylor,Yes,"9397 Fulton St, Brooklyn, NY"
QCIF003WZ1,2024-02-23,Italian Cheese Bread,Sides,6.49,Regular,3,Elizabeth Wilson,Yes,"2462 Fulton St, Brooklyn, NY"
456SMRB9KA,2024-01-06,Italian Cheese Bread,Sides,6.49,Regular,8,Michael Hernandez,Yes,"2516 Ocean Pkwy, Brooklyn, NY"
P872UZB7HR,2024-11-23,Classic Pepperoni Pizza,Pizza,9.49,Large,8,David Williams,No,
PI89T3FJLN,2024-10-08,Crazy Bread Combo,Sides,5.99,Regular,4,Barbara Davis,Yes,"1200 Bedford Ave, Brooklyn, NY"
AGK64K7RB3,2024-01-10,Deep Dish Pepperoni,Pizza,11.99,Regular,2,Lisa Miller,Yes,"747 Ocean Pkwy, Brooklyn, NY"
QC1TC51GJ0,2024-09-11,Caesar Wings,Wings,8.99,8pc,3,William Rodriguez,Yes,"594 Court St, Brooklyn, NY"
KIL4DZO3FR,2024-09-27,ExtraMostBestest Cheese,Pizza,10.49,Large,1,Susan Hernandez,No,
9HDJDOTCWG,2024-01-18,Classic Cheese Pizza,Pizza,8.99,Small,4,Joseph Williams,Yes,"5681 Eastern Pkwy, Brooklyn, NY"
LQSXE1UHSB,2024-12-13,Classic Pepperoni Pizza,Pizza,9.49,Large,5,Matthew Miller,No,
42MXQ45NQC,2024-04-27,Classic Pepperoni Pizza,Pizza,9.49,,6,Patricia Jones,Yes,"793 Eastern Pkwy, Brooklyn, NY"
RUFDAJA7BJ,2024-06-23,ExtraMostBestest Pepperoni,Pizza,10.49,Large,5,Jessica Johnson,Yes,"1443 Kings Hwy, Brooklyn, NY"
V9CN9F3UXQ,2024-08-16,2 Liter Pepsi,Beverage,3.29,2L,6,Robert Miller,Yes,
CVROPH0K6A,2024-11-18,ExtraMostBestest Pepperoni,Pizza,10.49,Large,1,Elizabeth Brown,Yes,"3906 Fulton St, Brooklyn, NY"
JIBS2FMGM4,2024-05-31,3 Meat Treat Pizza,Pizza,12.99,Large,1,Anthony Garcia,No,
1YWLKIE7KT,2024-04-03,Crazy Bread,Sides,4.99,Regular,4,John Rodriguez,No,
7ELDKMFBI6,2024-04-04,Crazy Bread,Sides,4.99,Regular,4,Betty Martin,Yes,"9280 Bedford Ave, Brooklyn, NY"
XYL89KSLGG,2024-06-04,Buffalo Wings,Wings,9.49,8pc,1,Karen Martin,Yes,"3671 Church Ave, Brooklyn, NY"
54RF6U4SDU,2024-11-07,Classic Pepperoni Pizza,Pizza,9.49,Large,2,Daniel Davis,No,
4DUA110O4L,2024-08-12,Classic Pepperoni Pizza,Pizza,9.49,Large,4,Daniel Davis,No,
KWZ3RS3TCA,2024-11-05,ExtraMostBestest Pepperoni,Pizza,10.49,Large,2,Daniel Jackson,Yes,"9834 Bedford Ave, Brooklyn, NY"
PW2D6REQCD,2024-06-26,2 Liter Diet Pepsi,Beverage,3.29,2L,10,Sandra Martin,Yes,"4317 Atlantic Ave, Brooklyn, NY"
O125X2E8NC,2024-05-16,Classic Pepperoni Pizza,Pizza,9.49,Large,3,John Garcia,Yes,"9299 Ocean Pkwy, Brooklyn, NY"
J24DU4XZTC,2024-12-18,Aquafina Water,Beverage,1.99,20oz,5,Elizabeth Gonzalez,No,
7B2AXM6EHX,2024-07-15,ExtraMostBestest Cheese,Pizza,10.49,Large,3,Matthew Garcia,No,
VLPOO2FSPN,2024-10-21,Crazy Bread Combo,Sides,5.99,Regular,1,Mary Wilson,Yes,
ZQJDKBSB0J,2024-05-08,Italian Cheese Bread,Sides,6.49,Regular,4,Sarah Johnson,No,
AR8070RZ3A,2024-09-30,Deep Dish Cheese,Pizza,11.49,Regular,4,John Davis,Yes,"6433 Atlantic Ave, Brooklyn, NY"
ED2VI5BDWA,2024-02-23,Classic Pepperoni Pizza,Pizza,9.49,Large,2,Mark Miller,Yes,"9426 Flatbush Ave, Brooklyn, NY"
0AR3KV83ET,2024-08-30,2 Liter Pepsi,Beverage,3.29,2L,5,Matthew Miller,Yes,"7432 Coney Island Ave, Brooklyn, NY"
V1CYLILLNB,2024-06-14,ExtraMostBestest Pepperoni,Pizza,10.49,Large,3,William Martinez,Yes,"2198 Kings Hwy, Brooklyn, NY"
9HR6E6L1D2,2024-02-24,Deep Dish Cheese,Pizza,11.49,Regular,7,Karen Johnson,Yes,"1516 Church Ave, Brooklyn, NY"
99L62LXCPG,2024-05-03,Supreme Pizza,Pizza,13.99,Large,1,Michael Brown,Yes,"1150 Kings Hwy, Brooklyn, NY"
1LMCQ4V703,2024-09-11,Italian Cheese Bread,Sides,6.49,Regular,2,Lisa Miller,Yes,"9462 Nostrand Ave, Brooklyn, NY"
NUZLYFFNXB,2024-06-16,Caesar Wings,Wings,8.99,8pc,9,Richard Garcia,Yes,"5002 Church Ave, Brooklyn, NY"
OQTQ6GBVC9,2024-05-18,ExtraMostBestest Pepperoni,Pizza,10.49,Large,10,James Rodriguez,No,
T9K37SLMGK,2024-12-29,3 Meat Treat Pizza,Pizza,12.99,Large,6,William Garcia,No,
82YAYVDZ7Q,2024-06-22,Caesar Wings,Wings,8.99,8pc,8,Michael Thomas,Yes,"4460 Kings Hwy, Brooklyn, NY"
OOM03XLHEN,2024-06-29,Classic Pepperoni Pizza,Pizza,9.49,Large,7,Donald Martinez,No,
DMU1ANNAFI,2024-08-17,Crazy Bread,Sides,4.99,Regular,6,Susan Wilson,Yes,"4595 Church Ave, Brooklyn, NY"
YZW1GBOGCU,2024-07-23,Mountain Dew 2 Liter,Beverage,3.29,2L,4,Karen Jackson,No,
VGYUYCDMKX,2024-02-17,Crazy Bread Combo,Sides,5.99,Regular,6,Matthew Hernandez,Yes,"1164 Church Ave, Brooklyn, NY"
A2NTQD8EF7,2024-04-11,Caesar Wings,Wings,8.99,8pc,1,Lisa Lopez,Yes,"8020 Flatbush Ave, Brooklyn, NY"
6BG352WEII,2024-12-02,2 Liter Diet Pepsi,Beverage,3.29,2L,1,Anthony Wilson,No,
N5N48HEHWQ,2024-03-04,ExtraMostBestest Cheese,Pizza,10.49,Large,4,Charles Smith,No,
D02UGNJZHR,2024-02-29,Classic Pepperoni Pizza,Pizza,9.49,Large,3,Sarah Johnson,Yes,"4547 Court St, Brooklyn, NY"
ZFYUT95LSR,2024-04-18,Supreme Pizza,Pizza,13.99,Large,3,Robert Wilson,No,
4K1Y5UUR7I,2024-08-17,ExtraMostBestest Pepperoni,Pizza,10.49,Large,7,Charles Garcia,Yes,"3718 Court St, Brooklyn, NY"
Z071KYWNOM,2024-08-22,3 Meat Treat Pizza,Pizza,12.99,Large,3,Jennifer Anderson,Yes,
0QXN3NZ5GP,2024-07-24,ExtraMostBestest Pepperoni,Pizza,10.49,Large,2,John Jackson,No,
M4M0J98LYW,2024-05-21,Crazy Bread Combo,Sides,5.99,Regular,1,Sandra Taylor,Yes,"2073 Nostrand Ave, Brooklyn, NY"
465W2LWBDL,2024-11-01,ExtraMostBestest Cheese,Pizza,10.49,Large,1,Ashley Jones,No,
GYL7U7SKMN,2024-10-23,Buffalo Wings,Wings,9.49,8pc,2,Mary Lopez,No,
WIXOZ836GF,2024-02-19,Caesar Wings,Wings,8.99,8pc,2,Mark Smith,No,
ZYPX6A5H3K,2024-08-19,2 Liter Diet Pepsi,Beverage,3.29,2L,4,James Anderson,Yes,"6654 Church Ave, Brooklyn, NY"
IVS2NV5IOZ,2024-03-16,ExtraMostBestest Pepperoni,Pizza,10.49,Large,6,Barbara Lopez,No,
4X2DWWCTC1,2024-09-18,ExtraMostBestest Cheese,Pizza,10.49,Large,3,Matthew Thomas,No,
WTRYKXEN23,2024-09-12,Deep Dish Pepperoni,Pizza,11.99,Regular,1,Barbara Rodriguez,Yes,"5999 Kings Hwy, Brooklyn, NY"
6IXT4C7831,2024-02-17,Supreme Pizza,Pizza,13.99,Large,5,John Johnson,Yes,"4259 Kings Hwy, Brooklyn, NY"
EZKLSR36I4,2024-04-18,Classic Cheese Pizza,Pizza,8.99,Large,1,Betty Johnson,No,
ISG6WD7TFP,2024-11-15,ExtraMostBestest Cheese,Pizza,10.49,Large,4,Lisa Taylor,No,
ZUN13IPEZJ,2024-03-30,Aquafina Water,Beverage,1.99,20oz,6,Mark Brown,No,
LKJ6GYFU2H,2024-10-06,3 Meat Treat Pizza,Pizza,12.99,Large,6,Sarah Moore,No,
4HR93J4IK9,2024-09-19,Classic Cheese Pizza,Pizza,8.99,Large,3,Lisa Davis,No,
6DFW2V2ANN,2024-05-31,Classic Pepperoni Pizza,Pizza,9.49,Large,3,Karen Jackson,Yes,"5716 Utica Ave, Brooklyn, NY"
F34XMOKOZN,2024-06-12,Buffalo Wings,Wings,9.49,8pc,5,Anthony Rodriguez,Yes,"5466 Nostrand Ave, Brooklyn, NY"
5OR7EDK3KP,2024-05-10,Crazy Bread,Pizza,4.99,Regular,2,Jessica Thomas,No,
2PBTU2T2FI,2024-05-10,Supreme Pizza,Pizza,13.99,Large,1,James Lopez,No,
IB316JOGMG,2024-08-06,Crazy Bread,Sides,4.99,Regular,2,Karen Brown,Yes,"1016 Eastern Pkwy, Brooklyn, NY"
OPEYVXHPO3,2024-08-23,Caesar Wings,Wings,8.99,8pc,4,Ashley Jackson,No,
KZ2IZH9MRX,2024-09-05,Classic Pepperoni Pizza,Pizza,9.49,Large,4,John Taylor,Yes,"6973 Utica Ave, Brooklyn, NY"
5QKIHR4RMW,2024-05-25,2 Liter Pepsi,Beverage,3.29,2L,5,Richard Taylor,No,
OCPS9W4KVI,2024-02-15,Classic Cheese Pizza,Pizza,8.99,Large,2,Karen Williams,No,
GHAGQ9I046,2024-11-12,Classic Pepperoni Pizza,Pizza,9.49,,2,Linda Gonzalez,No,
3R0PY33DNH,2024-08-13,Classic Pepperoni Pizza,Pizza,9.49,Large,3,Robert Martinez,Yes,"6644 Eastern Pkwy, Brooklyn, NY"
NU9CSWZQ2A,2024-12-03,Aquafina Water,Beverage,1.99,20oz,3,Sandra Jackson,Yes,
BPGNOUVA2U,2024-10-29,Classic Cheese Pizza,Pizza,8.99,Large,1,Jessica Rodriguez,Yes,"4628 Church Ave, Brooklyn, NY"
OOQ2UQ9O20,2024-03-15,Deep Dish Pepperoni,Pizza,11.99,Regular,1,Linda Williams,Yes,"5205 Church Ave, Brooklyn, NY"
MB5RY23F2T,2024-07-16,Crazy Bread,Sides,4.99,Regular,1,Joseph Wilson,Yes,"8227 Atlantic Ave, Brooklyn, NY"
F2ST3JWRHB,2024-10-03,Classic Cheese Pizza,Pizza,8.99,Large,1,Sarah Martin,Yes,"4321 Bedford Ave, Brooklyn, NY"
9D56TSYI5D,2024-09-23,ExtraMostBestest Pepperoni,Pizza,10.49,Large,3,Matthew Rodriguez,Yes,"8521 Utica Ave, Brooklyn, NY"
1D3FLFZQJ2,2024-09-01,Classic Cheese Pizza,Pizza,8.99,Large,4,Richard Smith,Yes,"5169 Ocean Pkwy, Brooklyn, NY"
ILD5VRIEFD,2024-01-11,ExtraMostBestest Pepperoni,Pizza,10.49,Large,3,William Rodriguez,No,
NJ21IDNMQP,2024-09-05,2 Liter Pepsi,Beverage,3.29,2L,3,Sarah Thomas,No,
9S0WJMHMAS,2024-03-21,2 Liter Diet Pepsi,Beverage,3.29,2L,1,Robert Smith,Yes,"9748 Coney Island Ave, Brooklyn, NY"
A0YMH4MXC0,2024-07-30,ExtraMostBestest Pepperoni,Pizza,10.49,Large,3,Lisa Wilson,Yes,"3500 Atlantic Ave, Brooklyn, NY"
13328AAV0M,2024-04-14,ExtraMostBestest Cheese,Pizza,10.49,Small,8,Lisa Martin,No,
B406C7WPPA,2024-05-13,2 Liter Diet Pepsi,Beverage,3.29,2L,6,Sandra Garcia,No,
1GPZNFM2EO,2024-05-20,Classic Pepperoni Pizza,Pizza,9.49,Large,4,Richard Gonzalez,Yes,"8432 Flatbush Ave, Brooklyn, NY"
ELXYB9NDZ2,2024-01-13,Aquafina Water,Beverage,1.99,20oz,7,Mark Anderson,Yes,"1628 Coney Island Ave, Brooklyn, NY"
0VR002V4AV,2024-10-07,Classic Pepperoni Pizza,Pizza,9.49,Large,4,Sandra Lopez,Yes,"8762 Coney Island Ave, Brooklyn, NY"
UR073S7BZ5,2024-07-28,ExtraMostBestest Pepperoni,Pizza,10.49,Large,9,David Martin,Yes,"3462 Atlantic Ave, Brooklyn, NY"
MC7JH5ZZAQ,2024-10-23,3 Meat Treat Pizza,Pizza,12.99,Large,2,Jessica Thomas,Yes,"2892 Eastern Pkwy, Brooklyn, NY"
0W3OQ5H98C,2024-04-15,Crazy Bread,Sides,4.99,Regular,1,Susan Miller,Yes,"3394 Fulton St, Brooklyn, NY"
9MCK3DGMJO,2024-01-02,ExtraMostBestest Pepperoni,Pizza,10.49,Large,4,James Anderson,Yes,"872 Flatbush Ave, Brooklyn, NY"
A5KJBAJGFM,2024-03-31,Crazy Bread,Sides,4.99,Regular,10,Joseph Davis,Yes,"9299 Nostrand Ave, Brooklyn, NY"
W08FY5D3JG,2024-05-03,ExtraMostBestest Cheese,Pizza,10.49,Large,4,William Rodriguez,No,
WTHKPBM4UB,2024-03-01,Supreme Pizza,Pizza,13.99,Large,4,Michael Martin,Yes,"4977 Nostrand Ave, Brooklyn, NY"
XEHWRH7AOC,2024-01-06,Italian Cheese Bread,Sides,6.49,Regular,9,Joseph Williams,Yes,"3712 Eastern Pkwy, Brooklyn, NY"
6SMJ3H9B6S,2024-01-24,Crazy Bread,Sides,4.99,Regular,1,Donald Jones,No,
LGTIOGYD11,2024-07-16,ExtraMostBestest Cheese,Pizza,10.49,Large,4,Richard Jones,No,
MK1TBG3CI9,2024-02-16,ExtraMostBestest Pepperoni,Pizza,10.49,Large,1,Patricia Martinez,No,
0H2KPSCJ21,2024-12-18,Italian Cheese Bread,Sides,6.49,Regular,5,Jessica Anderson,Yes,"6175 Atlantic Ave, Brooklyn, NY"
3E3X1B2QJ9,2024-05-15,Crazy Bread Combo,Sides,5.99,Regular,3,Lisa Davis,Yes,"2294 Flatbush Ave, Brooklyn, NY"
L7FYGPEHGF,2024-08-26,Crazy Bread,Sides,4.99,Regular,3,Betty Williams,Yes,"9512 Eastern Pkwy, Brooklyn, NY"
YD57FFTC33,2024-05-04,Classic Pepperoni Pizza,Pizza,9.49,Large,4,Susan Smith,Yes,"6663 Court St, Brooklyn, NY"
STOLHREJDY,2024-09-21,Classic Pepperoni Pizza,Pizza,9.49,Large,3,Jessica Gonzalez,Yes,"9832 Bedford Ave, Brooklyn, NY"
SWYIH2T5JD,2024-10-15,Deep Dish Pepperoni,Pizza,11.99,Regular,3,Matthew Smith,Yes,"4035 Flatbush Ave, Brooklyn, NY"
RYK4EXK6EW,2024-09-08,3 Meat Treat Pizza,Pizza,12.99,Large,8,Betty Anderson,No,
YYKBU4E441,2024-03-26,Classic Pepperoni Pizza,Pizza,9.49,Large,2,Mark Lopez,Yes,"4156 Coney Island Ave, Brooklyn, NY"
L5CVRCAJGJ,2024-05-15,ExtraMostBestest Cheese,Pizza,10.49,Large,1,Donald Williams,No,
GI5877O7ZP,2024-10-25,Crazy Bread,Sides,4.99,Regular,3,Daniel Hernandez,No,
H8H1YGX07M,2024-09-11,Italian Cheese Bread,Sides,6.49,Regular,4,Mary Gonzalez,Yes,"2419 Church Ave, Brooklyn, NY"
2FGM207ZJS,2024-11-24,Aquafina Water,Beverage,1.99,20oz,9,Charles Jackson,No,
VGVVS3ORVF,2024-08-21,Italian Cheese Bread,Sides,6.49,Regular,3,Daniel Moore,No,
RUXETVFFRF,2024-12-24,Buffalo Wings,Wings,9.49,8pc,7,Sarah Wilson,No,
28CJ1NT8X9,2024-06-15,Classic Pepperoni Pizza,Pizza,9.49,Large,9,Mark Thomas,No,
Z3P3LZGATD,2024-06-06,ExtraMostBestest Cheese,Pizza,10.49,Large,3,Patricia Rodriguez,No,
IHJFMTX1JO,2024-11-21,Classic Cheese Pizza,Pizza,8.99,Large,3,Richard Thomas,No,
EUJKA6HPC3,2024-02-20,Crazy Bread,Sides,4.99,Regular,3,Thomas Smith,Yes,"5946 Nostrand Ave, Brooklyn, NY"
X5RZ070LN6,2024-04-03,ExtraMostBestest Pepperoni,Pizza,10.49,Large,1,Sarah Lopez,No,
Y2Q9YVAM8I,2024-03-20,Deep Dish Pepperoni,Pizza,11.99,Regular,3,John Jones,Yes,"9034 Nostrand Ave, Brooklyn, NY"
6VDAG0IYVA,2024-04-14,Classic Pepperoni Pizza,Pizza,9.49,Large,8,Susan Anderson,No,
46RLF4XG33,2024-03-03,ExtraMostBestest Cheese,Pizza,10.49,Large,4,William Rodriguez,Yes,"3146 Eastern Pkwy, Brooklyn, NY"
UYLFZTI8HZ,2024-03-17,ExtraMostBestest Pepperoni,Pizza,10.49,Large,3,Sandra Miller,Yes,"6830 Church Ave, Brooklyn, NY"
K91X0CIEI4,2024-03-09,Supreme Pizza,Pizza,13.99,Large,4,Sarah Moore,Yes,"7512 Coney Island Ave, Brooklyn, NY"
RBTOUXGN0E,2024-03-30,Classic Cheese Pizza,Pizza,8.99,Large,4,Lisa Lopez,Yes,"5043 Court St, Brooklyn, NY"
GOVHSTYH1S,2024-09-21,Deep Dish Pepperoni,Pizza,11.99,Regular,6,Nancy Williams,Yes,"184 Nostrand Ave, Brooklyn, NY"
CXN8U73L9C,2024-07-05,Deep Dish Pepperoni,Pizza,11.99,Regular,4,James,Yes,"6471 Fulton St, Brooklyn, NY"
97K7GTGZ33,2024-02-12,ExtraMostBestest Cheese,Pizza,10.49,Large,3,Donald Rodriguez,Yes,"7669 Ocean Pkwy, Brooklyn, NY"
HG6P61VDSU,2024-12-03,Classic Pepperoni Pizza,Pizza,9.49,Large,2,Linda Brown,Yes,"6418 Utica Ave, Brooklyn, NY"
FK94W7U8BU,2024-09-27,ExtraMostBestest Cheese,Pizza,10.49,Large,3,Michael Johnson,Yes,"8266 Ocean Pkwy, Brooklyn, NY"
NT7B0B8QM5,2024-07-25,Classic Pepperoni Pizza,Pizza,9.49,Large,1,Barbara Miller,No,
FM1SB19NCR,2024-01-13,Crazy Bread,Sides,4.99,Regular,8,Daniel Garcia,No,
QLOUQ956HP,2024-09-19,Deep Dish Pepperoni,Pizza,11.99,Regular,3,James Martinez,Yes,"9527 Ocean Pkwy, Brooklyn, NY"
GR8GPRQ12S,2024-03-17,Classic Cheese Pizza,Pizza,8.99,Large,5,Lisa Rodriguez,Yes,"3191 Church Ave, Brooklyn, NY"
0NEQGZCTCS,2024-08-09,Supreme Pizza,Pizza,13.99,,3,Mary Jones,Yes,"3907 Bedford Ave, Brooklyn, NY"
Y24M0WDGC5,2024-08-11,Mountain Dew 2 Liter,Beverage,3.29,2L,8,Jessica Wilson,No,
VBM3AM59MU,2024-06-20,Classic Cheese Pizza,Pizza,8.99,Large,10,Nancy Garcia,No,
ZKL8RJHJSK,2024-05-26,Supreme Pizza,Pizza,13.99,Large,6,Charles Gonzalez,Yes,"7268 Bedford Ave, Brooklyn, NY"
FKUW5CK3H7,2024-03-07,ExtraMostBestest Pepperoni,Pizza,10.49,Large,2,Robert Moore,No,
J4VNU5TD9U,2024-06-27,2 Liter Diet Pepsi,Beverage,3.29,2L,10,Joseph Brown,Yes,"6102 Kings Hwy, Brooklyn, NY"
T1PV0BSE8R,2024-11-19,Classic Cheese Pizza,Pizza,8.99,Large,2,Sarah Gonzalez,No,
0TTRM56B0H,2024-09-06,Italian Cheese Bread,Sides,6.49,Regular,3,Linda Brown,Yes,"848 Church Ave, Brooklyn, NY"
TPBPPPWJQL,2024-09-02,Crazy Bread,Sides,4.99,Regular,1,Betty Miller,Yes,"934 Atlantic Ave, Brooklyn, NY"
5IZWJR4RD6,2024-05-09,Mountain Dew 2 Liter,Beverage,3.29,2L,3,David Brown,Yes,"9354 Ocean Pkwy, Brooklyn, NY"
1ADQDYR7T2,2024-04-02,2 Liter Diet Pepsi,Beverage,3.29,2L,4,Sarah Garcia,No,
JLJMQDHE84,2024-09-04,2 Liter Diet Pepsi,Beverage,3.29,2L,4,Lisa,Yes,"953 Bedford Ave, Brooklyn, NY"
Z1XEYRPZ9R,2024-02-11,Crazy Bread,Sides,4.99,Regular,8,Sandra Lopez,No,
52TYU2OZW9,2024-02-15,Buffalo Wings,Wings,9.49,8pc,3,Betty Thomas,Yes,"1744 Bedford Ave, Brooklyn, NY"
RCVRLSLMA1,2024-12-15,Classic Cheese Pizza,Pizza,8.99,Large,5,Elizabeth Miller,Yes,"6800 Eastern Pkwy, Brooklyn, NY"
68J9Z1H68I,2024-01-24,Classic Cheese Pizza,Pizza,8.99,Large,4,Michael Martinez,No,
PMFHMGAWOQ,2024-04-04,ExtraMostBestest Cheese,Pizza,10.49,Large,4,Elizabeth Martinez,Yes,"5591 Utica Ave, Brooklyn, NY"
IHRGLFLITC,2024-08-17,ExtraMostBestest Pepperoni,Pizza,10.49,Large,5,John Brown,No,
C2Y0XTQZ88,2024-12-02,ExtraMostBestest Cheese,Pizza,10.49,8pc,3,Susan Miller,Yes,"9189 Bedford Ave, Brooklyn, NY"
QHI2T4FH9E,2024-02-27,ExtraMostBestest Cheese,Pizza,10.49,Large,2,Jennifer Williams,Yes,"5868 Ocean Pkwy, Brooklyn, NY"
ESVT7RIJGB,2024-09-17,Classic Cheese Pizza,Pizza,8.99,Large,3,William Davis,No,
N02WNPQF4E,2024-06-10,Deep Dish Cheese,Pizza,11.49,Regular,4,Joseph Gonzalez,Yes,"2661 Church Ave, Brooklyn, NY"
BBC38HHK8U,2024-12-14,Classic Pepperoni Pizza,Pizza,9.49,2L,9,Michael Smith,No,
IHRP2E7H2H,2024-09-19,Italian Cheese Bread,Sides,6.49,Regular,2,Thomas Anderson,Yes,"1724 Flatbush Ave, Brooklyn, NY"
1DVB37GMX9,2024-06-07,ExtraMostBestest Cheese,Pizza,10.49,Large,2,Anthony Martin,Yes,"4366 Bedford Ave, Brooklyn, NY"
OQUUX9G1PM,2024-08-17,Italian Cheese Bread,Sides,6.49,2L,5,Jessica Thomas,No,
7Y6SOVS2SL,2024-10-05,Crazy Bread,Sides,4.99,Regular,5,John Wilson,No,
8UX5IUY97I,2024-12-26,Crazy Bread Combo,Sides,5.99,Regular,7,Linda Hernandez,Yes,"9951 Utica Ave, Brooklyn, NY"
U0UIXGPJ05,2024-12-05,ExtraMostBestest Pepperoni,Pizza,10.49,Large,2,Daniel Gonzalez,Yes,"2925 Ocean Pkwy, Brooklyn, NY"
VGE1DLBCQA,2024-08-28,Classic Pepperoni Pizza,Pizza,9.49,Large,1,Jennifer Johnson,No,
C590NBL9L1,2024-09-24,3 Meat Treat Pizza,Pizza,12.99,Large,1,Patricia Jackson,Yes,"7661 Fulton St, Brooklyn, NY"
GS35SQN1XA,2024-08-20,Classic Cheese Pizza,Pizza,8.99,Large,4,Karen Gonzalez,Yes,"4861 Eastern Pkwy, Brooklyn, NY"
LI66N43ROG,2024-09-11,Aquafina Water,Beverage,1.99,20oz,1,Susan Rodriguez,Yes,"7201 Fulton St, Brooklyn, NY"
R5DXEDLIYD,2024-03-14,ExtraMostBestest Cheese,Pizza,10.49,Large,4,Thomas Thomas,Yes,"8614 Fulton St, Brooklyn, NY"
C4PTK3TEWQ,2024-09-09,Crazy Bread Combo,Sides,5.99,Regular,1,Daniel Martinez,No,
MB07E0I39R,2024-01-18,Caesar Wings,Wings,8.99,8pc,2,Sandra Lopez,No,
AB2CXPK05Y,2024-10-13,ExtraMostBestest Cheese,Pizza,10.49,Large,5,Jennifer Davis,No,
X09JVADGC9,2024-12-14,Classic Cheese Pizza,Pizza,8.99,Large,5,Thomas Wilson,Yes,"3375 Fulton St, Brooklyn, NY"
BNP6WECBCN,2024-08-14,Classic Cheese Pizza,Pizza,8.99,Large,3,Patricia Smith,No,
D7WU6S60I2,2024-01-28,Deep Dish Pepperoni,Pizza,11.99,Regular,7,Elizabeth Jackson,Yes,"6452 Church Ave, Brooklyn, NY"
BGEKY0RXP8,2024-09-29,ExtraMostBestest Cheese,Pizza,10.49,Large,7,Betty Martinez,Yes,"2049 Church Ave, Brooklyn, NY"
Y8MVS9AFZK,2024-10-16,2 Liter Diet Pepsi,Beverage,3.29,2L,4,Richard Jones,Yes,"9124 Nostrand Ave, Brooklyn, NY"
HFNJN01HIE,2024-01-31,Caesar Wings,Wings,8.99,,3,Sarah Jackson,No,
0HQ92LFVO6,2024-05-14,Classic Pepperoni Pizza,Pizza,9.49,Large,2,Anthony,No,
H12ES17WLJ,2024-08-31,Crazy Bread,Sides,4.99,Regular,6,Joseph Davis,No,
M204RRNQRS,2024-05-22,2 Liter Pepsi,Beverage,3.29,2L,4,Susan Hernandez,Yes,"7706 Kings Hwy, Brooklyn, NY"
2IQFRZ5M4I,2024-06-29,Supreme Pizza,Pizza,13.99,Large,7,James Martin,Yes,"8074 Eastern Pkwy, Brooklyn, NY"
4N529E3VCV,2024-08-12,Crazy Bread Combo,Sides,5.99,Regular,2,Richard Jackson,No,
TIDSSJ2W6B,2024-03-18,ExtraMostBestest Pepperoni,Pizza,10.49,Large,4,John Brown,Yes,"9083 Eastern Pkwy, Brooklyn, NY"
X4ULF1BSGD,2024-11-17,Crazy Bread Combo,Sides,5.99,Regular,5,Nancy Wilson,Yes,
S2VGRLHRMB,2024-03-04,Crazy Bread Combo,Sides,5.99,Regular,2,Daniel Miller,Yes,"8325 Bedford Ave, Brooklyn, NY"
H8K6DMQEUV,2024-05-23,Deep Dish Pepperoni,Pizza,11.99,Regular,4,Susan Hernandez,Yes,"5139 Kings Hwy, Brooklyn, NY"
T7X3TYYWDC,2024-12-31,Classic Pepperoni Pizza,Pizza,9.49,Large,7,Daniel Johnson,No,
2ECKODY3GI,2024-03-06,Crazy Bread Combo,Sides,5.99,Regular,4,Sarah Garcia,No,
FFPPSI5LWS,2024-02-03,Crazy Bread,Sides,4.99,Regular,7,Robert Hernandez,Yes,"8587 Kings Hwy, Brooklyn, NY"
HVJEG2S1BL,2024-03-25,ExtraMostBestest Pepperoni,Pizza,10.49,Large,2,Michael Wilson,Yes,"9371 Ocean Pkwy, Brooklyn, NY"
X2KWJ1Q6JQ,2024-11-29,3 Meat Treat Pizza,Pizza,12.99,Large,3,Mark Miller,No,
4QPTX2DO0K,2024-03-01,ExtraMostBestest Pepperoni,Pizza,10.49,Large,1,John Garcia,No,
7HUWXGHS2W,2024-09-17,Classic Cheese Pizza,Pizza,8.99,Large,4,Betty Gonzalez,Yes,
5UNADW39QQ,2024-08-29,Mountain Dew 2 Liter,Beverage,3.29,2L,4,Betty Hernandez,No,
I9WUAVTEXK,2024-07-22,Deep Dish Cheese,Pizza,11.49,Regular,3,Karen Gonzalez,Yes,"5516 Utica Ave, Brooklyn, NY"
AX7DRJ9NIS,2024-04-03,Buffalo Wings,Wings,9.49,8pc,3,Betty Williams,Yes,"8596 Atlantic Ave, Brooklyn, NY"
IC4JRS9A0K,2024-03-31,Deep Dish Cheese,Pizza,11.49,Regular,7,Mark Moore,Yes,"8281 Court St, Brooklyn, NY"
GW8VTDJ91H,2024-04-18,Classic Cheese Pizza,Pizza,8.99,Large,3,Sarah Moore,Yes,"8906 Bedford Ave, Brooklyn, NY"
SE3IJ5MW0D,2024-04-14,Classic Pepperoni Pizza,Pizza,9.49,Large,8,Patricia Miller,Yes,"7970 Bedford Ave, Brooklyn, NY"
YSS96TAMNO,2024-05-31,2 Liter Pepsi,Beverage,3.29,2L,7,Lisa Hernandez,Yes,"8709 Coney Island Ave, Brooklyn, NY"
KHK9DL90VN,2024-04-01,ExtraMostBestest Cheese,Pizza,10.49,Large,2,Nancy Jones,Yes,"9931 Eastern Pkwy, Brooklyn, NY"
8B9Y2N70MO,2024-07-24,Veggie Pizza,Pizza,12.49,Large,4,Jessica Jones,Yes,"6814 Fulton St, Brooklyn, NY"
VSMMNVFH3N,2024-03-08,Italian Cheese Bread,Sides,6.49,Regular,4,John Jackson,No,
0B4IMIFMZX,2024-01-18,3 Meat Treat Pizza,Pizza,12.99,Large,3,Matthew Martinez,No,
VPXKQ9DT14,2024-03-29,Classic Pepperoni Pizza,Pizza,9.49,Large,2,Sarah Hernandez,Yes,"8945 Kings Hwy, Brooklyn, NY"
6NP8B01RJZ,2024-10-10,ExtraMostBestest Cheese,Pizza,10.49,Large,4,Daniel Rodriguez,Yes,"3469 Church Ave, Brooklyn, NY"
CCZ5Z6GCP4,2024-09-11,Crazy Bread,Sides,4.99,Regular,1,Richard Jones,Yes,"4369 Court St, Brooklyn, NY"
JBJ2HMWVK6,2024-06-15,3 Meat Treat Pizza,Pizza,12.99,Large,8,Lisa Martin,No,
VNIDRBUECR,2024-12-04,Veggie Pizza,Pizza,12.49,Large,1,Ashley Williams,Yes,"5448 Utica Ave, Brooklyn, NY"
Y5PHOYXLFG,2024-11-21,ExtraMostBestest Cheese,Pizza,10.49,Large,2,Jennifer Martinez,Yes,"5777 Flatbush Ave, Brooklyn, NY"
HXHI06U090,2024-04-10,3 Meat Treat Pizza,Pizza,12.99,Large,2,Thomas Hernandez,Yes,"5583 Fulton St, Brooklyn, NY"
9Q3GY28B63,2024-01-07,Buffalo Wings,Wings,9.49,8pc,9,Betty Rodriguez,Yes,"2179 Eastern Pkwy, Brooklyn, NY"
WFIFNU7YUS,2024-06-24,ExtraMostBestest Cheese,Pizza,10.49,Large,6,Michael Jones,No,
QMGEQ05BWL,2024-02-20,Classic Pepperoni Pizza,Pizza,9.49,Large,1,Mary Jackson,Yes,"2530 Kings Hwy, Brooklyn, NY"
DDUCM1EWLN,2024-12-20,Classic Cheese Pizza,Pizza,8.99,Large,9,Thomas Smith,No,
IX6APJA5IQ,2024-04-11,Classic Cheese Pizza,Pizza,8.99,Large,2,Karen Anderson,No,
2Z73APMRAS,2024-09-09,Deep Dish Pepperoni,Pizza,11.99,Regular,2,Mary Martinez,Yes,"7373 Eastern Pkwy, Brooklyn, NY"
RTM1FERVR2,2024-12-21,ExtraMostBestest Pepperoni,Pizza,10.49,Large,7,Thomas Smith,Yes,"576 Bedford Ave, Brooklyn, NY"
I3NYDQTIXN,2024-07-20,Caesar Wings,Wings,8.99,8pc,7,Michael Rodriguez,Yes,"4735 Fulton St, Brooklyn, NY"
EMY8NHUTU2,2024-05-01,Aquafina Water,Beverage,1.99,20oz,4,Daniel Lopez,Yes,"5549 Church Ave, Brooklyn, NY"
O547TN5QQ4,2024-07-14,Crazy Bread,Sides,4.99,Regular,10,Patricia Garcia,No,
JS8O3P5UMK,2024-04-08,ExtraMostBestest Cheese,Pizza,10.49,Large,3,Robert Rodriguez,No,
0LQ1EVU2EI,2024-01-09,Deep Dish Cheese,Pizza,11.49,Regular,4,Sandra Smith,No,
DV70BV3SIE,2024-06-21,Caesar Wings,Wings,8.99,8pc,7,Robert Jones,No,
EYP52OGX2C,2024-08-24,Classic Cheese Pizza,Pizza,8.99,Large,10,Jennifer Johnson,No,
6YV7HTFT5B,2024-06-09,Classic Pepperoni Pizza,Pizza,9.49,,6,Jessica Williams,No,
7K3478JO9N,2024-03-09,ExtraMostBestest Cheese,Pizza,10.49,Large,7,Joseph Gonzalez,No,
LIULLWM4ZG,2024-05-19,Italian Cheese Bread,Sides,6.49,Regular,10,Karen Martin,Yes,"2886 Church Ave, Brooklyn, NY"
3SDSKE6C8E,2024-08-11,Classic Pepperoni Pizza,Pizza,9.49,Large,5,Linda Smith,Yes,"7586 Flatbush Ave, Brooklyn, NY"
DSK82U33FN,2024-04-15,Classic Pepperoni Pizza,Pizza,9.49,Large,1,Thomas Thomas,No,
X3FZVCYCJT,2024-04-03,Deep Dish Pepperoni,Pizza,11.99,Regular,2,Lisa Williams,Yes,"7759 Utica Ave, Brooklyn, NY"
X7FV5DJRQW,2024-09-17,Classic Pepperoni Pizza,Pizza,9.49,Large,1,Susan Moore,Yes,"3376 Flatbush Ave, Brooklyn, NY"
BUM02SGRM9,2024-04-28,Crazy Bread,Sides,4.99,Regular,9,Charles Miller,Yes,"3005 Church Ave, Brooklyn, NY"
USNM43IJ0W,2024-02-12,ExtraMostBestest Pepperoni,Pizza,10.49,Large,1,David Garcia,No,
9X2MF0F203,2024-10-15,Supreme Pizza,Pizza,13.99,Large,2,Donald Lopez,Yes,"9745 Ocean Pkwy, Brooklyn, NY"
3NPPC1POX3,2024-03-13,Mountain Dew 2 Liter,Beverage,3.29,2L,1,Daniel Davis,Yes,"7742 Fulton St, Brooklyn, NY"
KCJ0FFEGKU,2024-09-18,ExtraMostBestest Pepperoni,Pizza,10.49,Large,4,Lisa Smith,Yes,"5109 Bedford Ave, Brooklyn, NY"
5SPHUQYK25,2024-06-08,Crazy Bread,Sides,4.99,Regular,9,Mary Martinez,Yes,"1652 Kings Hwy, Brooklyn, NY"
99RSYMAQ47,2024-01-15,2 Liter Diet Pepsi,Beverage,3.29,2L,1,Charles Brown,Yes,"5994 Ocean Pkwy, Brooklyn, NY"
OURR4WJLHY,2024-05-17,Classic Cheese Pizza,Pizza,8.99,Large,4,Robert Martinez,Yes,"1153 Church Ave, Brooklyn, NY"
YPJREPM59T,2024-02-19,Classic Cheese Pizza,Pizza,8.99,Large,3,David Miller,Yes,"8821 Fulton St, Brooklyn, NY"
THYQ00VNAO,2024-01-28,2 Liter Pepsi,Beverage,3.29,2L,6,Jessica Rodriguez,Yes,"130 Fulton St, Brooklyn, NY"
1PMZPOK6VW,2024-03-07,ExtraMostBestest Pepperoni,Pizza,10.49,Large,3,Susan Lopez,Yes,"4371 Coney Island Ave, Brooklyn, NY"
85CM97D6GD,2024-03-19,Classic Pepperoni Pizza,Pizza,9.49,Large,3,Anthony Martinez,Yes,"568 Ocean Pkwy, Brooklyn, NY"
TNHJ479J1U,2024-10-14,Classic Cheese Pizza,Pizza,8.99,Large,3,Susan Hernandez,No,
PQ3C4R1OBE,2024-11-06,ExtraMostBestest Cheese,Pizza,10.49,Large,3,Joseph Rodriguez,No,
L6ZYNR929B,2024-03-05,Italian Cheese Bread,Sides,6.49,Regular,3,Thomas Lopez,Yes,"2842 Utica Ave, Brooklyn, NY"
JS5G1R3CY4,2024-10-29,Crazy Bread,Sides,4.99,Regular,2,John Hernandez,Yes,"7933 Coney Island Ave, Brooklyn, NY"
73PZ181AVC,2024-05-12,Buffalo Wings,Wings,9.49,8pc,7,David Anderson,No,
6L1XW3ZS1B,2024-12-17,Classic Pepperoni Pizza,Pizza,9.49,Large,6,Sarah Taylor,No,
UDJU63O9LQ,2024-09-06,ExtraMostBestest Pepperoni,Pizza,10.49,Large,3,Sarah Anderson,No,
6BLJWHB2JS,2024-03-22,ExtraMostBestest Pepperoni,Pizza,10.49,Large,1,Sandra Williams,Yes,
RED32XE97Y,2024-05-12,Italian Cheese Bread,Sides,6.49,Regular,10,Karen Miller,Yes,"1105 Nostrand Ave, Brooklyn, NY"
THKASL20M0,2024-08-01,Deep Dish Pepperoni,Pizza,11.99,Regular,3,Barbara Jones,Yes,"150 Ocean Pkwy, Brooklyn, NY"
0KAV07UXYM,2024-07-08,Crazy Bread Combo,Sides,5.99,Regular,4,Nancy Smith,Yes,"6566 Utica Ave, Brooklyn, NY"
3DSN049LKN,2024-07-13,Classic Cheese Pizza,Pizza,8.99,Large,6,John Garcia,Yes,"5881 Nostrand Ave, Brooklyn, NY"
AOT4S8OC70,2024-03-27,Crazy Bread,Sides,4.99,Regular,1,Matthew Anderson,Yes,"4512 Coney Island Ave, Brooklyn, NY"
1LU9TNOZW3,2024-08-05,Crazy Bread Combo,Sides,5.99,Regular,2,Charles Lopez,Yes,"6450 Kings Hwy, Brooklyn, NY"
ZR8YHWAJGP,2024-11-03,Aquafina Water,Beverage,1.99,20oz,7,James Smith,No,
NC1Y5JUGOX,2024-12-28,2 Liter Pepsi,Beverage,3.29,2L,5,William Jones,No,
JIGG36Q6NM,2024-02-13,Mountain Dew 2 Liter,Beverage,3.29,2L,4,Donald Smith,Yes,"9782 Eastern Pkwy, Brooklyn, NY"
IGO6ZVM7DL,2024-10-15,Classic Cheese Pizza,Pizza,8.99,Large,3,Thomas Martin,Yes,"5131 Eastern Pkwy, Brooklyn, NY"
I15WK5U0IW,2024-12-12,3 Meat Treat Pizza,Pizza,12.99,Large,4,Jennifer Miller,Yes,"4627 Court St, Brooklyn, NY"
I3E3RULNVB,2024-11-03,ExtraMostBestest Pepperoni,Pizza,10.49,2L,6,Mark Smith,No,
YJE4GWXJ9X,2024-10-26,Veggie Pizza,Pizza,12.49,Large,8,Mark Gonzalez,Yes,"3365 Bedford Ave, Brooklyn, NY"
LZQPWIEIVM,2024-12-10,3 Meat Treat Pizza,Pizza,12.99,Large,3,James Jones,Yes,
AQ73XH0QH5,2024-06-02,Buffalo Wings,Wings,9.49,8pc,3,Ashley Martin,Yes,"5009 Church Ave, Brooklyn, NY"
1ETMS8SHRD,2024-04-05,ExtraMostBestest Cheese,Pizza,10.49,Large,4,Donald Rodriguez,Yes,"3389 Nostrand Ave, Brooklyn, NY"
QSOM7Z2J0Z,2024-05-30,ExtraMostBestest Pepperoni,Pizza,10.49,Large,3,Jennifer Taylor,No,
EG7UA2M8YZ,2024-08-09,Classic Cheese Pizza,Pizza,8.99,Large,1,Robert Garcia,Yes,"7893 Court St, Brooklyn, NY"
K5CXVN5RQE,2024-07-19,ExtraMostBestest Cheese,Pizza,10.49,2L,4,Elizabeth Jackson,No,
8Q8II7CTGV,2024-08-21,Veggie Pizza,Pizza,12.49,Large,3,Anthony Anderson,No,
WJ3Y989SNL,2024-05-30,ExtraMostBestest Pepperoni,Pizza,10.49,Large,4,John Taylor,Yes,"8052 Atlantic Ave, Brooklyn, NY"
DDAUPF9X7A,2024-03-03,ExtraMostBestest Pepperoni,Pizza,10.49,Large,7,Anthony Lopez,No,
HRKFOZIMF6,2024-03-08,Caesar Wings,Wings,8.99,8pc,1,James Brown,Yes,"2604 Kings Hwy, Brooklyn, NY"
G6IL2NM5MU,2024-02-14,3 Meat Treat Pizza,Pizza,12.99,Large,2,Daniel Brown,Yes,"1179 Coney Island Ave, Brooklyn, NY"
ELV3PY3WNU,2024-10-29,Buffalo Wings,Wings,9.49,8pc,4,Betty Gonzalez,Yes,"4182 Bedford Ave, Brooklyn, NY"
J9XD1PN58R,2024-01-26,3 Meat Treat Pizza,Pizza,12.99,Large,3,Robert Martinez,Yes,"7324 Bedford Ave, Brooklyn, NY"
XVCYTOFS34,2024-12-13,ExtraMostBestest Pepperoni,Pizza,10.49,Large,5,William Anderson,Yes,"7021 Court St, Brooklyn, NY"
TSOYOGWQI0,2024-03-02,Crazy Bread,Sides,4.99,Regular,7,Sandra Hernandez,Yes,"887 Kings Hwy, Brooklyn, NY"
HOM1SXMCMX,2024-03-20,3 Meat Treat Pizza,Pizza,12.99,Small,2,Donald Miller,Yes,"8581 Church Ave, Brooklyn, NY"
GRHAX4WKTH,2024-01-23,3 Meat Treat Pizza,Pizza,12.99,Large,3,Joseph Williams,No,
CD1MCC6K94,2024-05-03,Classic Cheese Pizza,Pizza,8.99,Large,1,Richard Miller,Yes,"3178 Bedford Ave, Brooklyn, NY"
8R6BOODWZU,2024-02-10,ExtraMostBestest Pepperoni,Pizza,10.49,Large,7,Daniel Anderson,No,
M3CUZZ71BD,2024-10-17,Deep Dish Cheese,Pizza,11.49,Regular,3,Barbara Jackson,Yes,"6012 Church Ave, Brooklyn, NY"
79N9WZ2S9S,2024-08-17,ExtraMostBestest Pepperoni,Pizza,10.49,Large,7,Daniel Jackson,Yes,"9970 Atlantic Ave, Brooklyn, NY"
B48OK1FQCW,2024-04-14,ExtraMostBestest Cheese,Pizza,10.49,Large,10,Sarah Hernandez,No,
WR7YHENMBL,2024-04-02,3 Meat Treat Pizza,Pizza,12.99,Large,1,Lisa Hernandez,Yes,"2769 Flatbush Ave, Brooklyn, NY"
P4KB06VV8W,2024-11-25,Classic Pepperoni Pizza,Pizza,9.49,Large,4,Linda Smith,Yes,"5551 Flatbush Ave, Brooklyn, NY"
DNNEW4OP4D,2024-03-28,Deep Dish Pepperoni,Pizza,11.99,Regular,2,David Martin,Yes,"1950 Church Ave, Brooklyn, NY"
28GQIWIKG0,2024-12-03,2 Liter Diet Pepsi,Beverage,3.29,2L,4,Matthew Anderson,Yes,
ZK2EDZUILQ,2024-03-21,Classic Cheese Pizza,Pizza,8.99,Large,3,Anthony Moore,Yes,"435 Atlantic Ave, Brooklyn, NY"
OYMM7SEL24,2024-06-17,Mountain Dew 2 Liter,Beverage,3.29,8pc,8,Mary Miller,No,
OA49154JRD,2024-02-01,Mountain Dew 2 Liter,Beverage,3.29,2L,3,Karen Martin,No,
BCJURGZD2P,2024-07-27,Classic Cheese Pizza,Pizza,8.99,Large,10,Matthew Garcia,Yes,"5126 Nostrand Ave, Brooklyn, NY"
LZZX0TGW1Q,2024-05-06,Classic Cheese Pizza,Pizza,8.99,Large,3,Ashley Martin,No,
HFM2YR68A8,2024-05-21,Aquafina Water,Beverage,1.99,20oz,7,Susan Miller,Yes,"6051 Flatbush Ave, Brooklyn, NY"
SBYS20MB5R,2024-08-09,Deep Dish Cheese,Pizza,11.49,Regular,3,Michael Miller,No,
FY2FBLO77K,2024-11-23,Crazy Bread Combo,Sides,5.99,Regular,6,Mary Davis,Yes,"4265 Kings Hwy, Brooklyn, NY"
QCRI0IPP0Q,2024-06-06,Aquafina Water,Beverage,1.99,20oz,6,John Thomas,No,
HUPSGBCWI4,2024-09-10,2 Liter Diet Pepsi,Beverage,3.29,2L,4,Elizabeth Williams,No,
AWCKJ7IPJU,2024-09-06,2 Liter Pepsi,Beverage,3.29,2L,3,Linda Moore,Yes,"2452 Coney Island Ave, Brooklyn, NY"
ZJESJGQ9BL,2024-02-29,2 Liter Diet Pepsi,Beverage,3.29,2L,4,Barbara Anderson,Yes,"2060 Court St, Brooklyn, NY"
IEIX6GC16F,2024-11-15,Crazy Bread Combo,Sides,5.99,Regular,1,Robert Davis,No,
KN2SKLS04Q,2024-12-24,Crazy Bread,Sides,4.99,Regular,7,Thomas Williams,No,
I5XGHM6K8C,2024-02-28,ExtraMostBestest Cheese,Pizza,10.49,Large,3,Charles Jackson,Yes,"1378 Kings Hwy, Brooklyn, NY"
72MBDT4GFU,2024-11-28,Veggie Pizza,Pizza,12.49,Large,2,Nancy Jones,Yes,"5477 Flatbush Ave, Brooklyn, NY"
6U2UU02O19,2024-08-28,ExtraMostBestest Cheese,Pizza,10.49,Large,3,Richard Garcia,Yes,"9943 Flatbush Ave, Brooklyn, NY"
2IBF4QPDKJ,2024-04-13,Crazy Bread,Sides,4.99,Regular,6,John Jones,Yes,"7631 Nostrand Ave, Brooklyn, NY"
SNQBNF996N,2024-11-18,ExtraMostBestest Cheese,Wings,10.49,Large,3,Patricia Thomas,Yes,"6139 Coney Island Ave, Brooklyn, NY"
D9TMTWQ2VZ,2024-05-06,Classic Cheese Pizza,Pizza,8.99,Large,1,Sarah Taylor,Yes,"6695 Fulton St, Brooklyn, NY"
F0X51TDIMM,2024-04-07,Classic Cheese Pizza,Pizza,8.99,Large,5,David Miller,No,
5YABW3EFC6,2024-02-06,2 Liter Pepsi,Beverage,3.29,2L,1,Anthony Wilson,Yes,"771 Fulton St, Brooklyn, NY"
RABBTPQHLZ,2024-12-18,Veggie Pizza,Pizza,12.49,Large,8,Mary Hernandez,No,
QCZGH9OQ14,2024-06-19,Classic Pepperoni Pizza,Pizza,9.49,Large,6,Linda Jones,Yes,"1302 Coney Island Ave, Brooklyn, NY"
GPVIXQHITT,2024-02-02,Crazy Bread Combo,Sides,5.99,Regular,3,John Lopez,Yes,"1619 Eastern Pkwy, Brooklyn, NY"
BH9UTDVUX5,2024-01-11,Crazy Bread Combo,Sides,5.99,Regular,4,Sandra Davis,Yes,"6438 Atlantic Ave, Brooklyn, NY"
HH1HHLZ86V,2024-06-29,Supreme Pizza,Pizza,13.99,Large,8,Daniel Taylor,Yes,"1458 Utica Ave, Brooklyn, NY"
4SDGKTPW4U,2024-11-13,2 Liter Diet Pepsi,Beverage,3.29,2L,4,Mary Martin,Yes,"1728 Church Ave, Brooklyn, NY"
9JXPWFC8IU,2024-08-27,Classic Cheese Pizza,Pizza,8.99,Large,3,Jessica Thomas,Yes,"3770 Fulton St, Brooklyn, NY"
ZBAKF2YXG9,2024-06-06,ExtraMostBestest Pepperoni,Pizza,10.49,Large,1,Mary Garcia,Yes,"7397 Utica Ave, Brooklyn, NY"
56X7NV1S42,2024-11-17,Classic Cheese Pizza,Pizza,8.99,Large,10,Michael Taylor,Yes,"5894 Ocean Pkwy, Brooklyn, NY"
FJBWKUA79M,2024-10-24,ExtraMostBestest Pepperoni,Pizza,10.49,Large,3,Ashley Wilson,Yes,"7657 Nostrand Ave, Brooklyn, NY"
Q60U5N0S2Q,2024-09-24,2 Liter Diet Pepsi,Beverage,3.29,2L,3,Donald Hernandez,Yes,
48F6A17J6Z,2024-08-06,Classic Pepperoni Pizza,Pizza,9.49,Large,3,Susan Rodriguez,No,
Z4HE6UQ7BF,2024-06-02,ExtraMostBestest Cheese,Pizza,10.49,8pc,7,Richard Taylor,Yes,"1869 Atlantic Ave, Brooklyn, NY"
B4Y6DDVQ5M,2024-09-09,ExtraMostBestest Pepperoni,Pizza,10.49,Large,3,Sandra Williams,Yes,"4606 Bedford Ave, Brooklyn, NY"
7BHT5JXFZK,2024-12-28,Supreme Pizza,Pizza,13.99,Large,8,Jennifer Jackson,No,
HR3ZZMXRO1,2024-06-12,2 Liter Diet Pepsi,Beverage,3.29,2L,9,Linda Rodriguez,Yes,"7957 Fulton St, Brooklyn, NY"
ETNP4AGTRL,2024-06-06,Crazy Bread,Pizza,4.99,Regular,3,William Martinez,No,
4L3BQ160DB,2024-05-26,3 Meat Treat Pizza,Pizza,12.99,Large,6,Elizabeth Martin,Yes,"8777 Bedford Ave, Brooklyn, NY"
2YKMYC1LP3,2024-03-12,ExtraMostBestest Cheese,Pizza,10.49,Large,4,Michael Martin,Yes,"5909 Ocean Pkwy, Brooklyn, NY"
CRE4DV76OI,2024-02-29,3 Meat Treat Pizza,Pizza,12.99,Large,4,Betty Garcia,Yes,"4134 Bedford Ave, Brooklyn, NY"
7Z9G86BNJY,2024-08-26,Crazy Bread Combo,Sides,5.99,Regular,4,Linda Davis,Yes,"568 Coney Island Ave, Brooklyn, NY"
EKUJIIDEA1,2024-06-14,ExtraMostBestest Cheese,Pizza,10.49,Large,5,Matthew Taylor,Yes,"5808 Atlantic Ave, Brooklyn, NY"
69U9AV3D1S,2024-02-25,Aquafina Water,Beverage,1.99,20oz,5,Ashley Brown,No,
YCNR9HN2AG,2024-10-11,ExtraMostBestest Pepperoni,Pizza,10.49,Large,3,Barbara Moore,Yes,"5281 Kings Hwy, Brooklyn, NY"
B9GWW582Z9,2024-02-16,Crazy Bread Combo,Sides,5.99,Regular,1,Ashley Gonzalez,Yes,"8359 Eastern Pkwy, Brooklyn, NY"
UJ1YNJCC17,2024-09-22,2 Liter Pepsi,Beverage,3.29,2L,7,Lisa Wilson,Yes,"5605 Nostrand Ave, Brooklyn, NY"
ASK2LZHWRG,2024-08-15,Crazy Bread,Sides,4.99,Regular,2,Joseph Lopez,Yes,"1809 Eastern Pkwy, Brooklyn, NY"
NW31WADUI2,2024-06-06,Deep Dish Cheese,Pizza,11.49,Regular,4,Sandra Taylor,Yes,"5342 Nostrand Ave, Brooklyn, NY"
8AYMXFGSEI,2024-10-22,Italian Cheese Bread,Sides,6.49,Regular,1,Ashley Taylor,Yes,"4808 Court St, Brooklyn, NY"
H1HDNR911O,2024-10-02,Buffalo Wings,Wings,9.49,8pc,3,Joseph Jackson,No,
HRV7X4FZXO,2024-01-27,Deep Dish Cheese,Pizza,11.49,Regular,4,Patricia Martinez,Yes,"5308 Church Ave, Brooklyn, NY"
QI1QNJYP4E,2024-04-01,Deep Dish Pepperoni,Pizza,11.99,Regular,4,Betty Smith,No,
9JLF8UV7DS,2024-03-21,Classic Pepperoni Pizza,Pizza,9.49,Large,2,Jennifer Taylor,No,
TVC9XUKXY7,2024-06-19,Classic Cheese Pizza,Wings,8.99,Large,4,Ashley Garcia,No,
X52X924WTF,2024-01-11,Classic Pepperoni Pizza,Pizza,9.49,Large,3,Mark Jackson,Yes,"9156 Flatbush Ave, Brooklyn, NY"
MF1O2MLSYR,2024-03-12,ExtraMostBestest Pepperoni,Pizza,10.49,Large,1,Patricia Johnson,Yes,"3793 Bedford Ave, Brooklyn, NY"
WDN9Q3ULAO,2024-05-29,Crazy Bread,Sides,4.99,Regular,1,Mark Anderson,No,
GFQZ276H1B,2024-07-24,Supreme Pizza,Pizza,13.99,Large,4,John Miller,Yes,"4806 Atlantic Ave, Brooklyn, NY"
C7SJRO4OM9,2024-12-13,ExtraMostBestest Cheese,Pizza,10.49,Large,5,Donald Jones,Yes,"4210 Bedford Ave, Brooklyn, NY"
GNRKNS0KMV,2024-05-02,3 Meat Treat Pizza,Pizza,12.99,Large,2,Joseph Rodriguez,Yes,"8932 Flatbush Ave, Brooklyn, NY"
WEPDMI0ZPD,2024-10-07,2 Liter Diet Pepsi,Beverage,3.29,2L,3,James Jones,No,
GQ9C1JH83A,2024-10-05,Classic Pepperoni Pizza,Pizza,9.49,Large,5,Daniel Jackson,No,
IRF1RCEPWS,2024-03-18,2 Liter Diet Pepsi,Beverage,3.29,2L,2,James Jackson,Yes,"6196 Kings Hwy, Brooklyn, NY"
ODVYHQZF2I,2024-12-12,ExtraMostBestest Pepperoni,Pizza,10.49,Large,6,Betty Davis,No,
0IPCT6C0BR,2024-03-02,Crazy Bread,Sides,4.99,Regular,4,Jennifer Jackson,Yes,"1311 Bedford Ave, Brooklyn, NY"
R5X0648NL2,2024-06-02,Buffalo Wings,Wings,9.49,8pc,7,Robert Wilson,Yes,"1437 Eastern Pkwy, Brooklyn, NY"
UVSS1QMNVR,2024-04-15,Classic Pepperoni Pizza,Pizza,9.49,Large,2,Michael Wilson,Yes,"1024 Bedford Ave, Brooklyn, NY"
4JIV17X84T,2024-02-05,Classic Pepperoni Pizza,Pizza,9.49,Large,2,Mary Rodriguez,Yes,"8721 Utica Ave, Brooklyn, NY"
3BE4C7S424,2024-11-10,Aquafina Water,Beverage,1.99,20oz,7,Jennifer Smith,Yes,"8608 Atlantic Ave, Brooklyn, NY"
S7EL64DF0M,2024-07-17,Crazy Bread,Sides,4.99,Regular,3,Daniel Lopez,No,
Y3WHTEEPF0,2024-06-17,Classic Cheese Pizza,Pizza,8.99,Large,9,Linda Lopez,Yes,"9054 Nostrand Ave, Brooklyn, NY"
CK267OMVBQ,2024-10-07,3 Meat Treat Pizza,Pizza,12.99,Large,4,Ashley Thomas,Yes,"8666 Atlantic Ave, Brooklyn, NY"
5HW18JKUYN,2024-07-31,ExtraMostBestest Pepperoni,Pizza,10.49,Large,2,Susan Davis,Yes,"9596 Nostrand Ave, Brooklyn, NY"
G07SCQBEXL,2024-08-01,2 Liter Pepsi,Beverage,3.29,2L,5,Michael Rodriguez,No,
FNK3LV2GKO,2024-04-05,Crazy Bread Combo,Sides,5.99,Regular,3,James Smith,No,
7DCDT7P917,2024-03-13,3 Meat Treat Pizza,Pizza,12.99,Large,4,Lisa Rodriguez,No,
OMZFY5YB2V,2024-04-20,Supreme Pizza,Pizza,13.99,Large,8,Matthew Miller,Yes,"6480 Court St, Brooklyn, NY"
F41VSVM2KA,2024-06-26,Caesar Wings,Wings,8.99,8pc,8,Thomas Jackson,No,
EKXV5N6HMF,2024-02-07,Classic Pepperoni Pizza,Pizza,9.49,Large,3,Sarah Smith,No,
EGS3X568MZ,2024-11-20,Deep Dish Cheese,Pizza,11.49,Regular,4,Robert Garcia,No,
73YWZ3OVQL,2024-07-10,ExtraMostBestest Cheese,Pizza,10.49,Large,1,Anthony Miller,Yes,"6925 Nostrand Ave, Brooklyn, NY"
A18FQ59MSN,2024-05-26,Classic Cheese Pizza,Pizza,8.99,Large,5,John Williams,No,
612KZGZ87M,2024-07-10,3 Meat Treat Pizza,Pizza,12.99,Large,2,Mary Johnson,No,
WN27ITNBPP,2024-07-13,Deep Dish Pepperoni,Pizza,11.99,Regular,8,Betty Anderson,Yes,"5802 Coney Island Ave, Brooklyn, NY"
WWKQQC1EX7,2024-02-10,Caesar Wings,Wings,8.99,8pc,6,Mary Thomas,Yes,"6354 Bedford Ave, Brooklyn, NY"
QEIW2KJ0AE,2024-08-24,Crazy Bread Combo,Sides,5.99,Regular,6,Mary Moore,Yes,"3152 Atlantic Ave, Brooklyn, NY"
6CTERMYZF5,2024-03-07,Classic Pepperoni Pizza,Pizza,9.49,Large,2,Anthony Hernandez,No,
JE3TGWSHMR,2024-11-29,Classic Pepperoni Pizza,Pizza,9.49,Large,4,David Moore,No,
29M5ZDBJS7,2024-04-20,Classic Pepperoni Pizza,Pizza,9.49,Large,5,Mark Hernandez,Yes,"5077 Flatbush Ave, Brooklyn, NY"
X7G7T5XNRW,2024-12-06,3 Meat Treat Pizza,Pizza,12.99,Large,3,Karen Hernandez,No,
1P6RZSQ8EQ,2024-07-10,Buffalo Wings,Wings,9.49,8pc,1,Anthony Taylor,No,
QINA9W3VYV,2024-10-23,Classic Cheese Pizza,Pizza,8.99,Large,1,Mary Johnson,No,
HNKCAVOO0J,2024-10-03,Crazy Bread,Sides,4.99,Regular,3,Thomas Brown,Yes,"6538 Nostrand Ave, Brooklyn, NY"
MI0YKZUOQP,2024-01-22,ExtraMostBestest Cheese,Pizza,10.49,Large,2,Anthony Jones,No,
R5SF6AXWUN,2024-03-20,Supreme Pizza,Pizza,13.99,Large,1,Richard Jones,No,
2QTG33JQ9B,2024-02-16,Classic Pepperoni Pizza,Pizza,9.49,Large,2,William Martin,Yes,"2354 Ocean Pkwy, Brooklyn, NY"
6P3O0M6ZXO,2024-01-19,Buffalo Wings,Wings,9.49,8pc,1,Charles Lopez,Yes,"3631 Coney Island Ave, Brooklyn, NY"
7UKH3JQRR7,2024-01-02,Crazy Bread Combo,Sides,5.99,Regular,4,Joseph Miller,Yes,"9605 Bedford Ave, Brooklyn, NY"
TBDLRZFTP6,2024-08-27,Caesar Wings,Wings,8.99,8pc,2,Sandra Thomas,No,
FJ04XC48GD,2024-01-11,Classic Pepperoni Pizza,Pizza,9.49,Large,2,Donald Johnson,Yes,"7671 Flatbush Ave, Brooklyn, NY"
ZI0X1BH7FW,2024-06-06,Crazy Bread,Sides,4.99,Regular,1,Michael Williams,No,
LFZT5GET0K,2024-05-05,Aquafina Water,Beverage,1.99,20oz,10,Jennifer Wilson,No,
N1P01LIZ3T,2024-01-12,Classic Cheese Pizza,Pizza,8.99,Large,2,Betty Moore,Yes,"3138 Kings Hwy, Brooklyn, NY"
8D121BYR2F,2024-11-15,Classic Cheese Pizza,Pizza,8.99,Large,1,David Taylor,Yes,"5580 Kings Hwy, Brooklyn, NY"
43TGJ4D6DR,2024-11-27,Deep Dish Pepperoni,Pizza,11.99,Regular,1,William Anderson,Yes,"3468 Coney Island Ave, Brooklyn, NY"
IS1DIRSC64,2024-03-20,Caesar Wings,Wings,8.99,8pc,3,Nancy Smith,No,
6KGQ3IM7AQ,2024-11-19,Crazy Bread Combo,Sides,5.99,Regular,1,Matthew Rodriguez,Yes,"4325 Nostrand Ave, Brooklyn, NY"
XJSEI6FT7J,2024-05-18,Crazy Bread Combo,Sides,5.99,Regular,5,Karen Jones,Yes,"4374 Coney Island Ave, Brooklyn, NY"
6AKL6WVOQV,2024-06-22,ExtraMostBestest Pepperoni,Pizza,10.49,Large,6,Elizabeth Jackson,Yes,"8657 Ocean Pkwy, Brooklyn, NY"
D21CN62ZIA,2024-08-31,Classic Cheese Pizza,Pizza,8.99,Large,4,Matthew Hernandez,Yes,"244 Atlantic Ave, Brooklyn, NY"
LPRS0HI7AV,2024-03-14,ExtraMostBestest Pepperoni,Pizza,10.49,Large,2,Linda,No,
O02BCCHBFX,2024-07-21,2 Liter Pepsi,Beverage,3.29,2L,9,John Williams,Yes,"2428 Utica Ave, Brooklyn, NY"
117GPMFD5X,2024-02-03,ExtraMostBestest Pepperoni,Pizza,10.49,Large,6,Nancy Smith,Yes,"5853 Flatbush Ave, Brooklyn, NY"
4ZIB80S3M7,2024-12-13,Deep Dish Cheese,Pizza,11.49,Regular,3,Thomas Martin,No,
67FMTT1BEX,2024-05-26,ExtraMostBestest Cheese,Pizza,10.49,Large,8,Sarah Davis,Yes,"7470 Fulton St, Brooklyn, NY"
LZJ9NDLZRI,2024-07-31,Classic Cheese Pizza,Pizza,8.99,Large,2,Lisa Williams,No,
7JJ7CPH3SA,2024-02-12,2 Liter Pepsi,Beverage,3.29,2L,3,Charles Jones,Yes,"3841 Court St, Brooklyn, NY"
ENJKR0R4CX,2024-10-05,Classic Pepperoni Pizza,Pizza,9.49,Large,8,Joseph Wilson,Yes,"5999 Bedford Ave, Brooklyn, NY"
NXH6DIOGGG,2024-04-13,Classic Pepperoni Pizza,Pizza,9.49,Large,10,Karen Brown,Yes,"5041 Nostrand Ave, Brooklyn, NY"
33C0X0CZK9,2024-05-20,Italian Cheese Bread,Sides,6.49,Regular,1,Lisa Miller,Yes,"7169 Church Ave, Brooklyn, NY"
A51KKQWQFS,2024-10-03,Classic Cheese Pizza,Pizza,8.99,Large,4,Matthew Jones,Yes,"3583 Kings Hwy, Brooklyn, NY"
EVZA7QKAUW,2024-03-06,Deep Dish Pepperoni,Pizza,11.99,Regular,2,Joseph Lopez,Yes,"6047 Utica Ave, Brooklyn, NY"
HCRK4HOCCR,2024-10-13,Caesar Wings,Wings,8.99,8pc,6,Michael Jones,Yes,"8966 Utica Ave, Brooklyn, NY"
VZK75J99R8,2024-04-04,Supreme Pizza,Pizza,13.99,Large,1,Richard Johnson,No,
U4P3IJ2KTM,2024-09-06,3 Meat Treat Pizza,Pizza,12.99,Large,1,Jennifer,Yes,"2166 Kings Hwy, Brooklyn, NY"
6V9N884PK4,2024-06-14,Classic Cheese Pizza,Pizza,8.99,Large,9,Elizabeth Wilson,Yes,"545 Court St, Brooklyn, NY"
EW3EARDQTH,2024-08-19,Classic Pepperoni Pizza,Pizza,9.49,Large,1,Sarah Brown,No,
81M3813N8W,2024-02-29,Mountain Dew 2 Liter,Beverage,3.29,2L,2,Mary Williams,Yes,"8495 Bedford Ave, Brooklyn, NY"
ZBEKLIPZSW,2024-01-18,Veggie Pizza,Pizza,12.49,Large,3,Joseph Thomas,Yes,"9199 Utica Ave, Brooklyn, NY"
IH5ZAKIUOL,2024-07-15,3 Meat Treat Pizza,Pizza,12.99,Large,2,Matthew Martinez,No,
WD7Q37VKMU,2024-01-07,ExtraMostBestest Pepperoni,Pizza,10.49,Large,9,Charles Gonzalez,Yes,"9490 Coney Island Ave, Brooklyn, NY"
CVNQKLUAFJ,2024-08-30,Deep Dish Cheese,Pizza,11.49,Regular,4,Mark Lopez,No,
XL9GQJWD2D,2024-03-29,Classic Pepperoni Pizza,Pizza,9.49,Large,2,Anthony Taylor,Yes,"3987 Coney Island Ave, Brooklyn, NY"
SWELUT8814,2024-12-04,2 Liter Pepsi,Beverage,3.29,2L,1,Susan Gonzalez,No,
TKAUQ8AW8U,2024-06-27,Mountain Dew 2 Liter,Beverage,3.29,2L,10,Sarah Thomas,Yes,"8216 Flatbush Ave, Brooklyn, NY"
6HU5L0FMOJ,2024-07-18,Mountain Dew 2 Liter,Beverage,3.29,2L,6,Matthew Miller,No,
LFEQ6HKAJN,2024-12-05,ExtraMostBestest Cheese,Pizza,10.49,Large,4,Linda Gonzalez,Yes,"8495 Church Ave, Brooklyn, NY"
H2Y1RRNNG5,2024-06-04,2 Liter Pepsi,Beverage,3.29,2L,6,Charles Thomas,Yes,"7855 Church Ave, Brooklyn, NY"
5I0D77JYP1,2024-06-04,Crazy Bread Combo,Sides,5.99,Regular,1,Ashley Brown,No,
PSYM0N7BY7,2024-08-19,ExtraMostBestest Cheese,Pizza,10.49,Large,3,Richard Johnson,Yes,"7432 Ocean Pkwy, Brooklyn, NY"
1PJOS6DXDX,2024-03-12,Supreme Pizza,Pizza,13.99,Large,3,Jennifer Rodriguez,No,
ILJB7686M4,2024-06-13,Classic Pepperoni Pizza,Pizza,9.49,Large,8,Michael Garcia,Yes,"5520 Flatbush Ave, Brooklyn, NY"
V91TTSHELJ,2024-11-10,Veggie Pizza,Pizza,12.49,Large,8,William Martinez,Yes,"3851 Bedford Ave, Brooklyn, NY"
FD3A4XCK3N,2024-02-25,Classic Pepperoni Pizza,Pizza,9.49,Large,7,Robert Jackson,No,
6UMW8VT9A1,2024-01-20,ExtraMostBestest Pepperoni,Pizza,10.49,Large,9,Karen Smith,No,
JZHDNW4Y2S,2024-12-09,ExtraMostBestest Pepperoni,Pizza,10.49,Large,3,Betty Davis,Yes,"1248 Atlantic Ave, Brooklyn, NY"
Z81A6FMOSV,2024-06-17,Mountain Dew 2 Liter,Beverage,3.29,,4,Betty Brown,Yes,"8523 Kings Hwy, Brooklyn, NY"
XX9EINTZ8Z,2024-07-06,Italian Cheese Bread,Sides,6.49,Regular,6,Sandra Martin,Yes,"3410 Bedford Ave, Brooklyn, NY"
MQEVWJUAXW,2024-02-14,Caesar Wings,Wings,8.99,8pc,1,Richard Lopez,Yes,"4092 Eastern Pkwy, Brooklyn, NY"
8BLDTUS7N9,2024-03-09,Classic Pepperoni Pizza,Pizza,9.49,Large,6,Linda Anderson,Yes,"1517 Atlantic Ave, Brooklyn, NY"
MMQNWEJQRN,2024-09-24,Deep Dish Pepperoni,Pizza,11.99,Regular,3,Barbara Brown,No,
WYIYY7TL28,2024-12-09,ExtraMostBestest Cheese,Pizza,10.49,Large,2,Robert Martin,Yes,"6163 Fulton St, Brooklyn, NY"
9ZZHAM72MW,2024-03-27,ExtraMostBestest Pepperoni,Pizza,10.49,Large,1,Mary Moore,Yes,"4014 Church Ave, Brooklyn, NY"
90H3ZZNI44,2024-12-11,Classic Pepperoni Pizza,Pizza,9.49,Large,5,Linda Martin,Yes,"2524 Fulton St, Brooklyn, NY"
DOHRDY4K8P,2024-02-25,ExtraMostBestest Pepperoni,Pizza,10.49,Large,6,Betty Taylor,Yes,"6079 Ocean Pkwy, Brooklyn, NY"
VP3B3H2Y7J,2024-05-17,Classic Pepperoni Pizza,Pizza,9.49,Large,3,Susan Taylor,No,
KJYO26IFN9,2024-12-12,Deep Dish Cheese,Pizza,11.49,Regular,7,Michael Moore,Yes,"5157 Flatbush Ave, Brooklyn, NY"
D9ENV2EH2Y,2024-08-06,ExtraMostBestest Pepperoni,Pizza,10.49,Large,1,Daniel Johnson,No,
MG2W5SCRC8,2024-11-08,3 Meat Treat Pizza,Pizza,12.99,Large,4,Sarah Jones,No,
5BR3V47ZX7,2024-08-01,ExtraMostBestest Pepperoni,Pizza,10.49,Large,2,Richard Rodriguez,No,
LLFSSDMJJC,2024-06-15,Classic Cheese Pizza,Pizza,8.99,Large,6,Mark Miller,Yes,"9811 Ocean Pkwy, Brooklyn, NY"
EF8ADQCMVT,2024-09-27,Classic Pepperoni Pizza,Pizza,9.49,Large,1,William Taylor,Yes,"3694 Church Ave, Brooklyn, NY"
V28XHN29E9,2024-09-16,3 Meat Treat Pizza,Pizza,12.99,Large,4,Charles Martin,Yes,"6425 Church Ave, Brooklyn, NY"
UNPEB5OZNF,2024-10-27,ExtraMostBestest Cheese,Pizza,10.49,Large,7,Anthony Rodriguez,Yes,"1450 Coney Island Ave, Brooklyn, NY"
PBUSG5U45A,2024-05-02,Deep Dish Cheese,Pizza,11.49,Regular,2,David Brown,No,
QN58WZP76Y,2024-01-03,Supreme Pizza,Pizza,13.99,Large,3,Michael Williams,No,
49VDL3V5SL,2024-01-29,Classic Cheese Pizza,Pizza,8.99,Large,1,Sarah Hernandez,Yes,"3417 Eastern Pkwy, Brooklyn, NY"
10BLLZS567,2024-04-16,Veggie Pizza,Pizza,12.49,Large,4,Mary Brown,Yes,"8216 Court St, Brooklyn, NY"
PCNGP7G2Z4,2024-04-21,ExtraMostBestest Pepperoni,Pizza,10.49,Large,8,Donald Jackson,No,
FZHXSI13HF,2024-03-01,2 Liter Diet Pepsi,Beverage,3.29,2L,1,William Jackson,No,
GCMHJ9UZP8,2024-10-07,Veggie Pizza,Pizza,12.49,Large,2,Jessica Gonzalez,Yes,"5937 Court St, Brooklyn, NY"
Z0KKTI7ZC9,2024-11-25,ExtraMostBestest Cheese,Pizza,10.49,Large,3,Betty Jones,No,
KEYLTG6KMD,2024-08-14,Deep Dish Pepperoni,Pizza,11.99,Regular,4,Elizabeth Brown,Yes,"7775 Church Ave, Brooklyn, NY"
X3LJ9F5U8Z,2024-04-17,Deep Dish Cheese,Pizza,11.49,Regular,3,John Martin,No,
B61KPFIIA9,2024-01-08,3 Meat Treat Pizza,Pizza,12.99,Large,3,Sandra Miller,Yes,"1367 Flatbush Ave, Brooklyn, NY"
80VSWT12YV,2024-02-20,Deep Dish Cheese,Pizza,11.49,Regular,2,Elizabeth Rodriguez,No,
XGMS7OM06H,2024-01-15,Mountain Dew 2 Liter,Beverage,3.29,2L,3,John Rodriguez,Yes,"7952 Nostrand Ave, Brooklyn, NY"
FFNIFUEI48,2024-08-20,ExtraMostBestest Cheese,Pizza,10.49,Large,4,Sandra Smith,Yes,"8823 Nostrand Ave, Brooklyn, NY"
A801V8YWCI,2024-06-16,Crazy Bread,Sides,4.99,Regular,7,Barbara Williams,No,
0C8PLMHPWH,2024-11-20,Classic Cheese Pizza,Pizza,8.99,Large,1,Karen Gonzalez,No,
OHHMV6YVOK,2024-03-15,Aquafina Water,Beverage,1.99,20oz,2,Sarah Hernandez,No,
B8MLX0BCRU,2024-01-08,Mountain Dew 2 Liter,Beverage,3.29,2L,3,Jennifer Hernandez,Yes,"9907 Fulton St, Brooklyn, NY"
QSNQRF8DXN,2024-03-09,Mountain Dew 2 Liter,Beverage,3.29,2L,4,David Thomas,Yes,"7894 Nostrand Ave, Brooklyn, NY"
9Z5YDX90SW,2024-05-28,Supreme Pizza,Pizza,13.99,Large,4,John Thomas,Yes,"6870 Flatbush Ave, Brooklyn, NY"
9AHSXFKMKA,2024-09-10,2 Liter Pepsi,Beverage,3.29,2L,3,Patricia Garcia,Yes,"497 Kings Hwy, Brooklyn, NY"
14F0IE40ZP,2024-03-01,ExtraMostBestest Pepperoni,Pizza,10.49,Large,3,Daniel Jackson,Yes,"7311 Flatbush Ave, Brooklyn, NY"
7BE85O4RCA,2024-04-04,Caesar Wings,Wings,8.99,8pc,3,Nancy Gonzalez,No,
FWP6B9FWNH,2024-03-03,2 Liter Diet Pepsi,Beverage,3.29,2L,6,Barbara Brown,No,
DO51ATLH9Y,2024-08-14,ExtraMostBestest Pepperoni,Pizza,10.49,Large,2,Thomas Martinez,Yes,"6889 Bedford Ave, Brooklyn, NY"
NDYVOX6PY3,2024-02-19,Buffalo Wings,Wings,9.49,8pc,1,Nancy Wilson,Yes,"9971 Atlantic Ave, Brooklyn, NY"
D1T2JBT31U,2024-02-12,3 Meat Treat Pizza,Pizza,12.99,Large,4,Mark Rodriguez,Yes,"3916 Kings Hwy, Brooklyn, NY"
4D9QVAJGJ4,2024-06-03,Deep Dish Cheese,Pizza,11.49,Regular,3,Joseph Lopez,Yes,"942 Eastern Pkwy, Brooklyn, NY"
QGQYIQ5HPR,2024-07-06,Deep Dish Cheese,Pizza,11.49,Regular,5,Joseph Martin,Yes,"2437 Kings Hwy, Brooklyn, NY"
QYA5QXM4KH,2024-04-02,Supreme Pizza,Pizza,13.99,Large,3,James Wilson,Yes,"8912 Eastern Pkwy, Brooklyn, NY"
MOCZK4ITY3,2024-12-03,3 Meat Treat Pizza,Pizza,12.99,Large,2,Patricia Jones,Yes,"9624 Utica Ave, Brooklyn, NY"
4PQKSS4NBA,2024-09-21,2 Liter Diet Pepsi,Beverage,3.29,2L,9,Mary Davis,Yes,"3432 Nostrand Ave, Brooklyn, NY"
6RIC9W3PUY,2024-12-06,Crazy Bread Combo,Sides,5.99,Regular,2,Barbara Rodriguez,Yes,"8383 Utica Ave, Brooklyn, NY"
XTGYS2TLXM,2024-09-27,Crazy Bread Combo,Sides,5.99,Regular,3,William Davis,Yes,"5561 Utica Ave, Brooklyn, NY"
MGDGH0IR3J,2024-02-14,Crazy Bread Combo,Sides,5.99,Regular,3,Donald Brown,No,
BGTAO5FL32,2024-05-31,2 Liter Diet Pepsi,Beverage,3.29,2L,5,Patricia Wilson,No,
ZN19B4UEPS,2024-10-28,Classic Pepperoni Pizza,Pizza,9.49,Large,1,Daniel Taylor,Yes,"874 Church Ave, Brooklyn, NY"
CXVQ8WPCGM,2024-02-03,Deep Dish Pepperoni,Pizza,11.99,Regular,8,Mary Moore,Yes,"6671 Ocean Pkwy, Brooklyn, NY"
OYOMPESSBM,2024-05-26,Classic Pepperoni Pizza,Pizza,9.49,Large,5,Matthew Miller,Yes,"424 Utica Ave, Brooklyn, NY"
8W40VCD97L,2024-02-17,Italian Cheese Bread,Sides,6.49,Regular,6,Ashley Martinez,Yes,"8119 Nostrand Ave, Brooklyn, NY"
0O4H7A4JEH,2024-06-02,Aquafina Water,Beverage,1.99,20oz,10,John Martinez,Yes,"9190 Fulton St, Brooklyn, NY"
3MFP7XUJ7E,2024-08-13,Classic Pepperoni Pizza,Pizza,9.49,Large,3,David Davis,Yes,"8035 Atlantic Ave, Brooklyn, NY"
NJJEE3ZDJY,2024-10-17,Supreme Pizza,Pizza,13.99,Large,3,Betty Wilson,Yes,"5315 Church Ave, Brooklyn, NY"
36PG7J5WYR,2024-02-07,Classic Cheese Pizza,Pizza,8.99,Large,1,Susan Lopez,Yes,
XVU7PDMBAW,2024-11-22,Veggie Pizza,Pizza,12.49,,4,Robert Jackson,Yes,"2923 Fulton St, Brooklyn, NY"
6KYW9XAI3C,2024-06-09,Deep Dish Pepperoni,Pizza,11.99,Regular,6,Barbara Williams,Yes,"5947 Kings Hwy, Brooklyn, NY"
AG8MAX1YF2,2024-08-21,Classic Pepperoni Pizza,Pizza,9.49,Large,1,Sarah Martin,Yes,"4703 Kings Hwy, Brooklyn, NY"
5KAH84BJ6C,2024-07-20,Classic Cheese Pizza,Pizza,8.99,Large,7,Mark Jackson,No,
S0FENX7P88,2024-07-26,Veggie Pizza,Pizza,12.49,Large,3,David Jones,Yes,"2738 Fulton St, Brooklyn, NY"
TC8O6M556Y,2024-01-21,2 Liter Pepsi,Beverage,3.29,2L,5,Thomas Jackson,Yes,"8886 Flatbush Ave, Brooklyn, NY"
G6Z1D0KPKB,2024-10-07,Crazy Bread,Sides,4.99,Regular,2,Susan Martinez,Yes,"5256 Eastern Pkwy, Brooklyn, NY"
T5RNOGDJ68,2024-04-05,Deep Dish Pepperoni,Pizza,11.99,Regular,3,Charles Wilson,No,
XESBR31J5P,2024-06-20,Classic Cheese Pizza,Pizza,8.99,Large,7,Michael Wilson,Yes,"6508 Coney Island Ave, Brooklyn, NY"
F0GHKJJMMD,2024-11-06,Classic Pepperoni Pizza,Pizza,9.49,Large,4,Jennifer Martin,No,
BJ18QHKU5T,2024-01-16,Crazy Bread Combo,Sides,5.99,Regular,2,Elizabeth Miller,No,
9BJXHTRMDZ,2024-09-27,3 Meat Treat Pizza,Pizza,12.99,Large,2,Lisa Wilson,Yes,"2165 Flatbush Ave, Brooklyn, NY"
L3TYYCCJFE,2024-11-15,Italian Cheese Bread,Sides,6.49,Regular,4,Joseph Williams,No,
AS53V4IW2K,2024-03-20,Classic Pepperoni Pizza,Pizza,9.49,Small,3,Donald Jones,Yes,"4864 Fulton St, Brooklyn, NY"
S3O0EK219Q,2024-12-05,ExtraMostBestest Pepperoni,Pizza,10.49,Large,2,Michael Gonzalez,Yes,"6556 Kings Hwy, Brooklyn, NY"
BHSDDC05K1,2024-02-15,Classic Pepperoni Pizza,Pizza,9.49,Large,2,Lisa Hernandez,No,
X1WDP1TCF6,2024-02-23,Classic Pepperoni Pizza,Pizza,9.49,Large,3,Karen Garcia,No,
NZYK4B2G6W,2024-12-30,Classic Pepperoni Pizza,Pizza,9.49,Large,8,Thomas Wilson,Yes,
GIC4D9JGK3,2024-09-03,ExtraMostBestest Pepperoni,Pizza,10.49,Large,4,William Smith,Yes,"5731 Flatbush Ave, Brooklyn, NY"
I3NV73AHPZ,2024-04-13,Aquafina Water,Beverage,1.99,20oz,6,Michael Smith,Yes,"1167 Kings Hwy, Brooklyn, NY"
B9DN8RU3E7,2024-04-22,Classic Pepperoni Pizza,Pizza,9.49,Large,4,Patricia Miller,Yes,"5031 Eastern Pkwy, Brooklyn, NY"
E7DNE1MK4Q,2024-02-05,3 Meat Treat Pizza,Pizza,12.99,8pc,1,Joseph Anderson,Yes,"4719 Flatbush Ave, Brooklyn, NY"
16AKEPFTX6,2024-10-11,Classic Cheese Pizza,Sides,8.99,Large,2,Barbara Rodriguez,Yes,"9577 Eastern Pkwy, Brooklyn, NY"
U54BKT3YMA,2024-08-12,ExtraMostBestest Cheese,Pizza,10.49,Large,2,Patricia Garcia,Yes,"8037 Bedford Ave, Brooklyn, NY"
KONP32EH13,2024-08-17,Classic Pepperoni Pizza,Pizza,9.49,Large,7,Jennifer Davis,Yes,"8049 Eastern Pkwy, Brooklyn, NY"
Y1HURWFROS,2024-02-03,2 Liter Pepsi,Beverage,3.29,2L,5,Ashley Brown,No,
9RAPPFSIVX,2024-10-31,ExtraMostBestest Cheese,Pizza,10.49,Large,4,Joseph Brown,No,
6A340TFXCK,2024-08-13,Classic Cheese Pizza,Pizza,8.99,Large,3,David Anderson,Yes,"2301 Kings Hwy, Brooklyn, NY"
NWL0WLX8DB,2024-04-29,Crazy Bread Combo,Sides,5.99,Regular,2,Patricia Hernandez,Yes,"804 Ocean Pkwy, Brooklyn, NY"
UXSEHV7PRO,2024-10-07,Deep Dish Pepperoni,Pizza,11.99,Regular,1,Jessica Anderson,No,
CGX4XHSI49,2024-06-03,Deep Dish Pepperoni,Pizza,11.99,Regular,4,Donald Rodriguez,No,
BOLFYH0SAV,2024-12-16,Classic Pepperoni Pizza,Pizza,9.49,Large,4,Lisa Williams,No,
QAQ2N5YUKC,2024-08-12,Caesar Wings,Wings,8.99,8pc,1,James Rodriguez,No,
80UGO78Y4K,2024-03-29,Classic Cheese Pizza,Pizza,8.99,Large,1,Thomas Johnson,No,
I999EVDSU1,2024-05-01,Deep Dish Cheese,Pizza,11.49,Regular,3,Nancy Brown,No,
ALMUI1JZGY,2024-08-09,Aquafina Water,Beverage,1.99,20oz,2,Joseph Rodriguez,No,
QY7ZA2J0O9,2024-03-11,Classic Cheese Pizza,Pizza,8.99,Large,1,Mark Jackson,No,
MJHFKK7BS2,2024-12-06,Italian Cheese Bread,Sides,6.49,Regular,3,Jessica Miller,Yes,
4K070H98YJ,2024-08-02,3 Meat Treat Pizza,Pizza,12.99,Large,3,Charles Johnson,Yes,"4127 Atlantic Ave, Brooklyn, NY"
ANL0YOLRD3,2024-03-31,Crazy Bread Combo,Sides,5.99,Regular,8,Mark Anderson,No,
FFWP7G76U5,2024-10-26,Crazy Bread,Sides,4.99,Regular,6,Linda Williams,Yes,"3936 Utica Ave, Brooklyn, NY"
8QPA2D1GU2,2024-11-07,Deep Dish Pepperoni,Pizza,11.99,Regular,1,Donald Gonzalez,Yes,"5586 Atlantic Ave, Brooklyn, NY"
0XWBWNJPLU,2024-02-12,Classic Cheese Pizza,Pizza,8.99,Large,2,Matthew Anderson,No,
E9PLH3P7F3,2024-10-10,Classic Cheese Pizza,Pizza,8.99,Large,3,Patricia Wilson,No,
TUGHDUPAKM,2024-11-12,Buffalo Wings,Wings,9.49,8pc,1,Michael Johnson,Yes,"456 Coney Island Ave, Brooklyn, NY"
YVEKYDWJ19,2024-02-29,2 Liter Pepsi,Beverage,3.29,2L,3,Donald Smith,Yes,"3928 Atlantic Ave, Brooklyn, NY"
QK6E1C4X6V,2024-05-18,Classic Pepperoni Pizza,Pizza,9.49,Large,8,Robert Hernandez,Yes,"9767 Church Ave, Brooklyn, NY"
3C57V5AWZS,2024-11-23,Buffalo Wings,Wings,9.49,8pc,7,Anthony Miller,Yes,"121 Coney Island Ave, Brooklyn, NY"
E9PIVICD0K,2024-04-09,Classic Cheese Pizza,Pizza,8.99,Large,3,John Brown,Yes,"3501 Fulton St, Brooklyn, NY"
BHK0IZ22FD,2024-10-27,Crazy Bread,Beverage,4.99,Regular,7,Mary Taylor,Yes,"9894 Church Ave, Brooklyn, NY"
QQ6YTX9WOY,2024-07-14,Caesar Wings,Wings,8.99,8pc,10,James Martin,Yes,"5238 Ocean Pkwy, Brooklyn, NY"
LI6EK5PXOB,2024-01-14,Buffalo Wings,Wings,9.49,8pc,7,Mary Moore,Yes,"5122 Church Ave, Brooklyn, NY"
QGFFRAHWBC,2024-06-30,Crazy Bread Combo,Sides,5.99,Regular,7,Joseph Davis,No,
1UY9KFTQEE,2024-03-19,3 Meat Treat Pizza,Pizza,12.99,Large,2,Betty Hernandez,No,
3KI7GC7BFM,2024-05-13,2 Liter Pepsi,Beverage,3.29,2L,5,David Brown,Yes,"9469 Bedford Ave, Brooklyn, NY"
BLKBP2ANX2,2024-12-30,3 Meat Treat Pizza,Pizza,12.99,Large,4,Karen Davis,No,
Q6IMEUQJHU,2024-09-19,Classic Pepperoni Pizza,Pizza,9.49,Large,2,John Smith,No,
HXC0V8T780,2024-03-09,ExtraMostBestest Pepperoni,Pizza,10.49,Large,4,Nancy Martin,Yes,"3145 Nostrand Ave, Brooklyn, NY"
DLV3NI24VU,2024-09-20,ExtraMostBestest Cheese,Pizza,10.49,Large,4,Barbara Lopez,No,
TZE6VW48HL,2024-09-11,2 Liter Diet Pepsi,Beverage,3.29,2L,4,Betty Rodriguez,Yes,"2062 Bedford Ave, Brooklyn, NY"
WX9NYYFEVB,2024-12-06,Crazy Bread,Sides,4.99,Regular,1,Donald Hernandez,Yes,"1291 Atlantic Ave, Brooklyn, NY"
5ZL6TWXY5F,2024-05-03,2 Liter Pepsi,Beverage,3.29,2L,4,Ashley Johnson,Yes,"4450 Flatbush Ave, Brooklyn, NY"
E9QH195JF8,2024-05-26,Veggie Pizza,Pizza,12.49,Large,7,Mary Thomas,Yes,"2876 Fulton St, Brooklyn, NY"
QPRZQQGI5E,2024-12-03,ExtraMostBestest Pepperoni,Pizza,10.49,Large,2,Nancy Taylor,Yes,"6012 Nostrand Ave, Brooklyn, NY"
OZCZ0M34E7,2024-08-17,2 Liter Pepsi,Beverage,3.29,2L,10,Jennifer Hernandez,Yes,"9855 Kings Hwy, Brooklyn, NY"
WNUZIJEW18,2024-09-14,2 Liter Pepsi,Beverage,3.29,2L,6,William Jones,Yes,"3625 Bedford Ave, Brooklyn, NY"
1BBMFJPEW4,2024-04-25,3 Meat Treat Pizza,Pizza,12.99,Large,4,Mary Moore,Yes,"4015 Eastern Pkwy, Brooklyn, NY"
679J6HDBKT,2024-01-10,Deep Dish Pepperoni,Pizza,11.99,Regular,2,Sandra Hernandez,Yes,"9197 Ocean Pkwy, Brooklyn, NY"
6MT76WDFF3,2024-08-04,Crazy Bread,Sides,4.99,Regular,9,David Gonzalez,No,
01GGUCV1FD,2024-05-02,Supreme Pizza,Pizza,13.99,Large,4,Mark Gonzalez,Yes,"7653 Fulton St, Brooklyn, NY"
WHNK5OUJZP,2024-12-16,Classic Cheese Pizza,Pizza,8.99,Large,6,William Thomas,Yes,"1892 Church Ave, Brooklyn, NY"
EE8YWKQCPW,2024-05-18,ExtraMostBestest Pepperoni,Pizza,10.49,Large,5,Anthony Jackson,No,
FGYH44TZ20,2024-12-21,Supreme Pizza,Pizza,13.99,Large,5,Joseph Rodriguez,Yes,"691 Nostrand Ave, Brooklyn, NY"
XOWCL92AY3,2024-04-13,3 Meat Treat Pizza,Pizza,12.99,Large,7,Thomas Garcia,No,
XZH6Y82LUJ,2024-06-04,Classic Cheese Pizza,Pizza,8.99,Large,3,Mary Anderson,Yes,"221 Church Ave, Brooklyn, NY"
49YQF2ATHF,2024-09-15,Crazy Bread,Sides,4.99,Regular,8,Joseph Wilson,Yes,"7803 Nostrand Ave, Brooklyn, NY"
ETW7T125T2,2024-04-06,Deep Dish Cheese,Pizza,11.49,Regular,7,William Smith,Yes,"7380 Flatbush Ave, Brooklyn, NY"
AQ3PT7QYWH,2024-09-02,Buffalo Wings,Wings,9.49,8pc,1,Matthew Davis,No,
FLIB7TUDJI,2024-06-27,Classic Pepperoni Pizza,Pizza,9.49,Large,5,Robert Taylor,No,
98FGJBPC8S,2024-10-19,3 Meat Treat Pizza,Pizza,12.99,Large,9,Ashley Williams,Yes,"5237 Bedford Ave, Brooklyn, NY"
6APAPL3TOD,2024-01-11,Buffalo Wings,Wings,9.49,8pc,4,Elizabeth Garcia,Yes,"808 Bedford Ave, Brooklyn, NY"
TXFGV9PF3N,2024-09-08,Crazy Bread,Sides,4.99,Regular,7,Richard Garcia,Yes,"8214 Atlantic Ave, Brooklyn, NY"
TFVKYGTVWW,2024-07-12,Veggie Pizza,Pizza,12.49,Large,4,Thomas Thomas,Yes,"3692 Coney Island Ave, Brooklyn, NY"
JQLLDIV4SY,2024-10-27,Deep Dish Cheese,Pizza,11.49,Regular,7,Anthony Garcia,No,
E5B0NKME0A,2024-10-22,Classic Cheese Pizza,Pizza,8.99,Large,1,Betty Jones,Yes,"7854 Bedford Ave, Brooklyn, NY"
GGOVIXJWSX,2024-02-25,ExtraMostBestest Cheese,Pizza,10.49,Large,3,Karen Moore,Yes,"3629 Court St, Brooklyn, NY"
SQ24L7HWS1,2024-03-12,2 Liter Pepsi,Beverage,3.29,2L,4,Lisa Williams,No,
SAKBFBNHBU,2024-10-13,Buffalo Wings,Wings,9.49,8pc,7,Patricia Jones,No,
G9LYMXXFKA,2024-01-05,Classic Cheese Pizza,Pizza,8.99,Large,4,Anthony Martinez,No,
C4BQBJ3IPL,2024-09-17,ExtraMostBestest Cheese,Pizza,10.49,Large,3,Lisa Davis,Yes,"3025 Atlantic Ave, Brooklyn, NY"
KP8382VC1L,2024-10-30,ExtraMostBestest Cheese,Pizza,10.49,Large,1,Sarah Moore,Yes,"5058 Coney Island Ave, Brooklyn, NY"
0QI7N2DFL1,2024-11-14,Supreme Pizza,Pizza,13.99,Large,4,Matthew Williams,Yes,"8199 Court St, Brooklyn, NY"
H2AUVLT3H4,2024-09-12,Classic Pepperoni Pizza,Pizza,9.49,Large,2,Patricia Moore,No,
RPIPXOZKX9,2024-02-23,3 Meat Treat Pizza,Pizza,12.99,Large,2,Barbara Hernandez,Yes,"6305 Eastern Pkwy, Brooklyn, NY"
DXEQGIRUBW,2024-11-10,2 Liter Diet Pepsi,Beverage,3.29,2L,6,Sarah Lopez,No,
U5YU9I4EH2,2024-09-30,Crazy Bread,Sides,4.99,Regular,2,James Rodriguez,Yes,"6692 Court St, Brooklyn, NY"
2RY24RB8F0,2024-01-19,3 Meat Treat Pizza,Pizza,12.99,Large,4,Richard Davis,No,
AIAM14IL5A,2024-03-27,ExtraMostBestest Pepperoni,Pizza,10.49,Large,3,Patricia Jones,Yes,"5634 Ocean Pkwy, Brooklyn, NY"
YIM93ABUGO,2024-03-10,Caesar Wings,Wings,8.99,8pc,7,Thomas Martin,Yes,"5649 Church Ave, Brooklyn, NY"
ET0I9V94WU,2024-02-16,Supreme Pizza,Pizza,13.99,Large,4,Robert Smith,No,
7WJXFB15Z0,2024-07-09,Veggie Pizza,Pizza,12.49,Large,1,James Wilson,Yes,"3320 Court St, Brooklyn, NY"
VT1E34GBO7,2024-03-10,Italian Cheese Bread,Sides,6.49,Regular,4,Sarah Martinez,Yes,"7402 Atlantic Ave, Brooklyn, NY"
9R00JRM0XW,2024-08-28,Classic Cheese Pizza,Pizza,8.99,Large,2,Patricia Miller,Yes,"3770 Church Ave, Brooklyn, NY"
QPIG4EL6D6,2024-02-12,Deep Dish Cheese,Pizza,11.49,Regular,3,Lisa Davis,Yes,"3923 Utica Ave, Brooklyn, NY"
KAT9HCG2B7,2024-05-19,Italian Cheese Bread,Sides,6.49,Regular,7,Thomas Moore,No,
TRPV5A2IQ4,2024-11-02,Supreme Pizza,Pizza,13.99,Large,7,Donald Moore,Yes,"7838 Coney Island Ave, Brooklyn, NY"
B2IYXIWWCX,2024-09-03,ExtraMostBestest Pepperoni,Pizza,10.49,Large,2,James Rodriguez,No,
UEZBJHRR3X,2024-04-04,Mountain Dew 2 Liter,Beverage,3.29,2L,4,James Wilson,Yes,"5162 Utica Ave, Brooklyn, NY"
6Y4LF6M9UA,2024-05-30,Classic Cheese Pizza,Pizza,8.99,Large,4,Lisa Thomas,No,
C2WS2VDE8W,2024-01-27,Italian Cheese Bread,Sides,6.49,Regular,3,David Jones,Yes,"4538 Church Ave, Brooklyn, NY"
C804QJEG8T,2024-05-09,2 Liter Diet Pepsi,Beverage,3.29,2L,4,James Brown,Yes,"1934 Atlantic Ave, Brooklyn, NY"
NL7TUTXGHA,2024-03-10,Veggie Pizza,Pizza,12.49,Large,8,William Lopez,No,
NXYZTBIVHF,2024-07-28,3 Meat Treat Pizza,Pizza,12.99,Large,4,Nancy Moore,No,
8F8G3LGSMA,2024-01-29,Classic Pepperoni Pizza,Pizza,9.49,Large,3,Mary Williams,Yes,"4704 Coney Island Ave, Brooklyn, NY"
6B4CG2R0NI,2024-11-08,ExtraMostBestest Pepperoni,Pizza,10.49,Large,2,Jessica Anderson,Yes,"2160 Eastern Pkwy, Brooklyn, NY"
IRTSA4TFBD,2024-05-08,Italian Cheese Bread,Sides,6.49,Regular,1,Mark Garcia,Yes,"5689 Church Ave, Brooklyn, NY"
HQYVQO8NCS,2024-07-04,Crazy Bread Combo,Sides,5.99,Regular,4,Betty Lopez,Yes,"2225 Kings Hwy, Brooklyn, NY"
RPTP8AEP5B,2024-11-25,Italian Cheese Bread,Sides,6.49,Regular,1,Patricia Wilson,No,
QQ1S5CEAYM,2024-02-29,ExtraMostBestest Cheese,Pizza,10.49,Large,4,Patricia Anderson,Yes,"248 Bedford Ave, Brooklyn, NY"
6ZP81S4Y5M,2024-06-05,Deep Dish Pepperoni,Pizza,11.99,Regular,4,Sarah Brown,Yes,
OJTSP6DDJV,2024-06-30,Deep Dish Pepperoni,Pizza,11.99,Regular,4,Nancy Johnson,No,
AWYF6NGYJR,2024-08-11,2 Liter Diet Pepsi,Beverage,3.29,2L,6,Sarah Gonzalez,No,
IZADH6SOPB,2024-09-18,Deep Dish Cheese,Pizza,11.49,Regular,4,Betty Williams,Yes,"8230 Nostrand Ave, Brooklyn, NY"
QZ4HKV4ZW6,2024-07-28,ExtraMostBestest Cheese,Pizza,10.49,Large,7,Ashley Moore,No,
KYEITRIYOL,2024-11-03,Italian Cheese Bread,Sides,6.49,Regular,5,Ashley Smith,Yes,"8048 Eastern Pkwy, Brooklyn, NY"
JNV63Y4CKQ,2024-02-10,Crazy Bread,Sides,4.99,Regular,4,David Martin,Yes,"6247 Atlantic Ave, Brooklyn, NY"
5VKABIDZ5M,2024-02-11,ExtraMostBestest Pepperoni,Pizza,10.49,Large,6,Mary Martinez,Yes,"5587 Kings Hwy, Brooklyn, NY"
M3ZTT00XSI,2024-03-27,Classic Pepperoni Pizza,Pizza,9.49,Large,1,Jennifer Jones,No,
I258QGB86A,2024-12-15,Caesar Wings,Wings,8.99,8pc,6,John Davis,Yes,"7454 Church Ave, Brooklyn, NY"
UINMP0TU5G,2024-04-29,ExtraMostBestest Pepperoni,Pizza,10.49,Large,1,David Davis,Yes,"6620 Ocean Pkwy, Brooklyn, NY"
9ATH6AN3CX,2024-08-05,2 Liter Diet Pepsi,Beverage,3.29,2L,3,Donald Taylor,Yes,"8144 Kings Hwy, Brooklyn, NY"
SRZ3DFUWKG,2024-08-22,ExtraMostBestest Pepperoni,Pizza,10.49,Large,2,Anthony Wilson,No,
FWUGMPDH3Q,2024-06-09,Aquafina Water,Beverage,1.99,20oz,8,Nancy Miller,Yes,"6618 Flatbush Ave, Brooklyn, NY"
HODIM0XS4G,2024-02-07,Classic Cheese Pizza,Pizza,8.99,Large,1,Matthew Hernandez,No,
BILE0CY8WP,2024-06-12,Veggie Pizza,Pizza,12.49,Large,10,Mark Hernandez,Yes,"3871 Atlantic Ave, Brooklyn, NY"
KJIU85MSX9,2024-04-20,2 Liter Diet Pepsi,Beverage,3.29,2L,6,Betty Williams,Yes,"4806 Nostrand Ave, Brooklyn, NY"
YGEWPSVVLM,2024-07-31,Classic Pepperoni Pizza,Pizza,9.49,Large,1,John Davis,No,
6EKWWCR10N,2024-12-22,ExtraMostBestest Pepperoni,Pizza,10.49,Large,8,John Williams,Yes,"3789 Coney Island Ave, Brooklyn, NY"
40UL0Q86UN,2024-10-22,Italian Cheese Bread,Sides,6.49,Regular,2,Linda Wilson,Yes,"7106 Atlantic Ave, Brooklyn, NY"
E501B7ULNL,2024-06-17,Crazy Bread,Sides,4.99,Regular,6,Robert Brown,Yes,"7516 Fulton St, Brooklyn, NY"
2XB806EPOD,2024-03-17,Crazy Bread,Sides,4.99,Regular,7,Joseph Jackson,Yes,"4100 Church Ave, Brooklyn, NY"
HCMLCOJ7PG,2024-09-15,ExtraMostBestest Pepperoni,Pizza,10.49,Large,8,Ashley Thomas,Yes,"9635 Fulton St, Brooklyn, NY"
0PVW6KH7CR,2024-07-13,Classic Pepperoni Pizza,Pizza,9.49,Large,4,Mark Garcia,Yes,"2771 Ocean Pkwy, Brooklyn, NY"
LCRLQUZYJR,2024-11-08,Crazy Bread,Sides,4.99,Regular,4,Susan Rodriguez,No,
ES1Y1BW6CL,2024-06-23,Mountain Dew 2 Liter,Beverage,3.29,Regular,7,Jessica Hernandez,Yes,"8049 Nostrand Ave, Brooklyn, NY"
ZK79AWBFGK,2024-06-01,Classic Pepperoni Pizza,Pizza,9.49,Large,7,William Brown,Yes,"5149 Coney Island Ave, Brooklyn, NY"
5TSQ5RVIKE,2024-08-03,ExtraMostBestest Cheese,Pizza,10.49,Large,9,Jennifer Johnson,Yes,"6262 Church Ave, Brooklyn, NY"
IPYV9KSHIX,2024-10-06,ExtraMostBestest Cheese,Pizza,10.49,Large,6,Patricia Garcia,No,
RHDBSOM6B6,2024-03-17,ExtraMostBestest Pepperoni,Pizza,10.49,Large,8,Mark Gonzalez,Yes,"8822 Atlantic Ave, Brooklyn, NY"
PJAJH1HBHP,2024-06-29,ExtraMostBestest Pepperoni,Pizza,10.49,Large,7,Robert Lopez,No,
URKFB4MZTE,2024-09-15,Deep Dish Cheese,Pizza,11.49,Regular,5,Anthony Brown,No,
0Z2XYAKPK3,2024-07-06,Caesar Wings,Wings,8.99,8pc,8,Daniel Wilson,Yes,"1671 Utica Ave, Brooklyn, NY"
ZSOEHO032L,2024-03-11,ExtraMostBestest Pepperoni,Pizza,10.49,Large,4,James Smith,No,
ZEPTTXO686,2024-07-21,Classic Cheese Pizza,Pizza,8.99,Large,3,Betty Miller,Yes,"1367 Fulton St, Brooklyn, NY"
NMQ0F8XDYM,2024-05-23,Classic Pepperoni Pizza,Pizza,9.49,Large,4,Mary Garcia,Yes,"8378 Eastern Pkwy, Brooklyn, NY"
QUNGMV3P89,2024-06-22,Crazy Bread,Sides,4.99,Regular,3,Elizabeth Lopez,No,
VBKSSZVVRF,2024-04-23,Classic Cheese Pizza,Pizza,8.99,Large,2,Nancy Anderson,Yes,"5431 Kings Hwy, Brooklyn, NY"
XDNQVA45A5,2024-01-05,Classic Pepperoni Pizza,Pizza,9.49,Large,1,Jennifer Rodriguez,Yes,"335 Utica Ave, Brooklyn, NY"
RTKMRV7HEX,2024-05-09,Classic Pepperoni Pizza,Pizza,9.49,Large,4,Mark Jackson,Yes,"1401 Nostrand Ave, Brooklyn, NY"
RCFEGWXX8Y,2024-02-24,3 Meat Treat Pizza,Pizza,12.99,Large,8,Michael Smith,No,
2SNM20J000,2024-12-15,Buffalo Wings,Wings,9.49,8pc,7,Joseph Garcia,No,
82YADLH2U4,2024-05-31,ExtraMostBestest Cheese,Pizza,10.49,Large,4,James Wilson,Yes,"8881 Fulton St, Brooklyn, NY"
YN4XG8DKY4,2024-11-01,Classic Cheese Pizza,Pizza,8.99,Large,2,Elizabeth Garcia,Yes,"7993 Eastern Pkwy, Brooklyn, NY"
1YAUKQOWAU,2024-02-10,Caesar Wings,Wings,8.99,8pc,9,Linda Smith,Yes,"6978 Ocean Pkwy, Brooklyn, NY"
6ID4AYJU7P,2024-11-20,Deep Dish Cheese,Pizza,11.49,Regular,3,Charles Rodriguez,Yes,"9349 Fulton St, Brooklyn, NY"
LED41GXVA9,2024-06-13,Deep Dish Pepperoni,Pizza,11.99,Regular,8,Joseph Moore,No,
HB8OSGEX7O,2024-07-17,ExtraMostBestest Pepperoni,Pizza,10.49,Large,1,Barbara Davis,No,
IQAQ17YKIL,2024-03-07,Classic Cheese Pizza,Pizza,8.99,Large,4,Jessica Gonzalez,Yes,"4568 Ocean Pkwy, Brooklyn, NY"
0NECDHTGYP,2024-06-17,Mountain Dew 2 Liter,Beverage,3.29,2L,9,Sandra Taylor,Yes,"5349 Bedford Ave, Brooklyn, NY"
JEHQGMTMSQ,2024-07-26,Caesar Wings,Wings,8.99,8pc,1,Charles Williams,No,
DYRTGG9YXO,2024-10-24,Crazy Bread,Sides,4.99,Regular,2,Elizabeth Johnson,Yes,"5629 Church Ave, Brooklyn, NY"
6NG5TDBO3V,2024-01-10,Caesar Wings,Wings,8.99,8pc,4,Ashley Jones,No,
U8LSZ8PUTV,2024-08-21,Buffalo Wings,Wings,9.49,8pc,1,Anthony Brown,Yes,"8974 Bedford Ave, Brooklyn, NY"
L6ZUTAVJRU,2024-04-18,Buffalo Wings,Wings,9.49,8pc,3,Patricia Miller,Yes,"8263 Nostrand Ave, Brooklyn, NY"
HPXVE6MYG1,2024-10-02,Classic Pepperoni Pizza,Pizza,9.49,Large,2,Mary Taylor,Yes,"5110 Nostrand Ave, Brooklyn, NY"
8DZ4OT5TTD,2024-01-12,2 Liter Diet Pepsi,Beverage,3.29,2L,2,William Anderson,Yes,"4062 Ocean Pkwy, Brooklyn, NY"
P4W4LZKET6,2024-01-25,Veggie Pizza,Pizza,12.49,Large,4,Barbara Miller,Yes,"4729 Atlantic Ave, Brooklyn, NY"
UNOLCIKMRP,2024-01-03,Veggie Pizza,Pizza,12.49,Large,1,Barbara Davis,Yes,"9156 Kings Hwy, Brooklyn, NY"
WNOFJ33CE4,2024-03-10,ExtraMostBestest Cheese,Pizza,10.49,Large,6,Barbara Martinez,Yes,"3100 Eastern Pkwy, Brooklyn, NY"
T1C58SFLJY,2024-02-24,ExtraMostBestest Cheese,Pizza,10.49,2L,7,Anthony Brown,No,
3B551U9WTU,2024-02-06,Deep Dish Pepperoni,Pizza,11.99,Regular,2,Elizabeth Wilson,Yes,"1604 Eastern Pkwy, Brooklyn, NY"
7UTNIBZESM,2024-05-06,Aquafina Water,Beverage,1.99,20oz,4,Mary Smith,Yes,"1602 Eastern Pkwy, Brooklyn, NY"
E594E2FKLX,2024-04-03,Deep Dish Cheese,Pizza,11.49,Regular,4,Ashley Martin,Yes,"3986 Flatbush Ave, Brooklyn, NY"
T2GUOW474G,2024-11-28,2 Liter Diet Pepsi,Beverage,3.29,2L,3,Mary Martin,No,
6K73PZEUCR,2024-03-28,Buffalo Wings,Wings,9.49,8pc,4,Betty Rodriguez,Yes,"9664 Flatbush Ave, Brooklyn, NY"
9R5V5WP70F,2024-04-09,2 Liter Pepsi,Beverage,3.29,2L,2,Lisa Thomas,Yes,"1004 Court St, Brooklyn, NY"
EE5646ZQZH,2024-05-25,2 Liter Pepsi,Beverage,3.29,,10,David Moore,Yes,"6295 Court St, Brooklyn, NY"
F12PRM0FEH,2024-08-12,2 Liter Pepsi,Beverage,3.29,2L,5,John Hernandez,Yes,
8G2Y0P19MQ,2024-12-15,ExtraMostBestest Cheese,Pizza,10.49,Large,9,William Brown,No,
CV3QMYOR47,2024-12-23,Supreme Pizza,Pizza,13.99,Large,5,Charles Anderson,No,
FMNKSANZDT,2024-07-27,Buffalo Wings,Wings,9.49,8pc,9,Sandra Hernandez,No,
TR2WNMTE49,2024-05-27,Supreme Pizza,Pizza,13.99,Large,2,Linda Jackson,No,
WIMHYAF574,2024-12-07,Deep Dish Cheese,Pizza,11.49,Regular,3,Betty Wilson,No,
DIL7NCRVQY,2024-11-07,Classic Cheese Pizza,Pizza,8.99,Large,3,John Taylor,Yes,"3113 Bedford Ave, Brooklyn, NY"
VCWWSSFTQI,2024-11-29,Supreme Pizza,Pizza,13.99,Large,4,Donald Williams,Yes,"5945 Coney Island Ave, Brooklyn, NY"
84YO0KDZJU,2024-04-09,Crazy Bread,Sides,4.99,8pc,1,Mark Johnson,Yes,"5714 Bedford Ave, Brooklyn, NY"
3LLP109RZQ,2024-04-14,Italian Cheese Bread,Sides,6.49,Regular,7,Patricia Miller,Yes,"2559 Nostrand Ave, Brooklyn, NY"
7LNWGIOCQW,2024-10-27,ExtraMostBestest Pepperoni,Pizza,10.49,Large,5,Charles Smith,No,
OJK9U1TK6N,2024-09-13,Crazy Bread,Sides,4.99,Regular,2,Thomas Martinez,Yes,"6953 Flatbush Ave, Brooklyn, NY"
4Q3OV3L7AD,2024-08-26,Crazy Bread,Sides,4.99,Regular,1,Mary Martin,No,
PROH9MOVT6,2024-11-26,Classic Cheese Pizza,Pizza,8.99,Large,1,Matthew Rodriguez,No,
PX9WVRZWO7,2024-10-03,Mountain Dew 2 Liter,Beverage,3.29,2L,1,Matthew Smith,No,
3TKH5RXZR8,2024-02-03,Crazy Bread,Sides,4.99,Regular,7,Betty Brown,Yes,"9001 Kings Hwy, Brooklyn, NY"
QH1XJNAN50,2024-09-26,ExtraMostBestest Cheese,Pizza,10.49,Large,4,Ashley Thomas,No,
4P2HX73KVI,2024-12-24,2 Liter Pepsi,Beverage,3.29,2L,7,Charles Rodriguez,No,
INB4BB7PWG,2024-07-15,Supreme Pizza,Pizza,13.99,Large,1,Karen Lopez,Yes,"3628 Utica Ave, Brooklyn, NY"
VU5JAYJ0SU,2024-05-24,ExtraMostBestest Cheese,Pizza,10.49,Large,4,John Jones,Yes,"1656 Kings Hwy, Brooklyn, NY"
B4QA7LVA4S,2024-10-11,Mountain Dew 2 Liter,Beverage,3.29,2L,3,Barbara Garcia,No,
NTNUT1TRJ4,2024-05-29,Classic Pepperoni Pizza,Pizza,9.49,Large,3,Barbara Davis,Yes,"2617 Atlantic Ave, Brooklyn, NY"
T37JMPULRR,2024-11-17,Classic Cheese Pizza,Pizza,8.99,Large,3,Karen Lopez,No,
BI0N82EZZL,2024-08-16,ExtraMostBestest Cheese,Pizza,10.49,Large,2,Charles Davis,Yes,
L14WI5VU7M,2024-04-14,Caesar Wings,Wings,8.99,8pc,9,John Martinez,No,
FTEF7JZC8M,2024-03-13,2 Liter Diet Pepsi,Beverage,3.29,2L,3,Matthew,No,
5Y1C7C916S,2024-09-29,Deep Dish Pepperoni,Pizza,11.99,Regular,5,Richard Williams,Yes,"5192 Coney Island Ave, Brooklyn, NY"
LXGBNZ2DZ2,2024-06-05,Aquafina Water,Beverage,1.99,20oz,4,Jessica Thomas,No,
XQYLOOZNUN,2024-11-20,ExtraMostBestest Pepperoni,Pizza,10.49,Large,2,Charles Moore,Yes,"5869 Coney Island Ave, Brooklyn, NY"
P6RR43SLZY,2024-09-22,Veggie Pizza,Pizza,12.49,Large,8,Elizabeth Wilson,Yes,"5336 Flatbush Ave, Brooklyn, NY"
W6L1GAHY18,2024-01-07,Classic Cheese Pizza,Pizza,8.99,Large,7,Nancy Jackson,No,
J0R43NGBTT,2024-08-22,Crazy Bread Combo,Sides,5.99,Regular,3,Elizabeth Rodriguez,Yes,"758 Church Ave, Brooklyn, NY"
S32WCRJAN1,2024-11-21,ExtraMostBestest Cheese,Pizza,10.49,Large,3,Thomas Rodriguez,Yes,"6239 Ocean Pkwy, Brooklyn, NY"
17K7SAQOC1,2024-05-07,Mountain Dew 2 Liter,Beverage,3.29,2L,6,John Martinez,No,
HUF27CFN15,2024-05-10,Caesar Wings,Wings,8.99,8pc,1,Matthew Thomas,Yes,"4111 Atlantic Ave, Brooklyn, NY"
K62UAWCXGY,2024-12-07,2 Liter Pepsi,Beverage,3.29,2L,6,Betty Anderson,Yes,"9827 Bedford Ave, Brooklyn, NY"
PFKLSEB731,2024-01-25,Crazy Bread Combo,Sides,5.99,Regular,4,James Thomas,Yes,"747 Flatbush Ave, Brooklyn, NY"
D2NUUURGQP,2024-02-24,Classic Pepperoni Pizza,Pizza,9.49,Large,8,Nancy Jackson,Yes,"1930 Flatbush Ave, Brooklyn, NY"
KEINL1MBR9,2024-04-22,3 Meat Treat Pizza,Pizza,12.99,Large,2,David Miller,No,
F1Y6UVP5RF,2024-11-06,Crazy Bread Combo,Sides,5.99,Regular,2,Daniel Martin,Yes,"2475 Utica Ave, Brooklyn, NY"
BJLWF4784N,2024-07-01,Crazy Bread Combo,Sides,5.99,Regular,4,Patricia Gonzalez,Yes,"6604 Bedford Ave, Brooklyn, NY"
CHYZCYL68I,2024-02-17,Crazy Bread Combo,Sides,5.99,Regular,4,Betty Thomas,Yes,"7294 Court St, Brooklyn, NY"
144WSMBH7L,2024-06-04,Deep Dish Cheese,Pizza,11.49,Regular,4,Elizabeth Johnson,No,
JTVZCGBK8L,2024-07-06,3 Meat Treat Pizza,Pizza,12.99,8pc,5,Robert Hernandez,Yes,"5601 Coney Island Ave, Brooklyn, NY"
CDXOACNRHS,2024-10-11,Classic Pepperoni Pizza,Pizza,9.49,Large,1,Mary Martinez,Yes,"2262 Kings Hwy, Brooklyn, NY"
6QD5FG03UY,2024-12-31,Crazy Bread Combo,Pizza,5.99,Regular,8,Mary Gonzalez,No,
5WXC7VWWIQ,2024-11-01,ExtraMostBestest Cheese,Pizza,10.49,Large,3,Charles Brown,Yes,"348 Court St, Brooklyn, NY"
NHA64Q7KNJ,2024-02-06,ExtraMostBestest Cheese,Pizza,10.49,Large,1,Nancy Davis,Yes,"5038 Bedford Ave, Brooklyn, NY"
CM4T23JSU8,2024-08-03,Classic Cheese Pizza,Pizza,8.99,Large,5,John Johnson,No,
PLW7BZFDXK,2024-03-11,Classic Cheese Pizza,Pizza,8.99,Large,2,Sarah Wilson,Yes,"9009 Coney Island Ave, Brooklyn, NY"
6NR1ZGMSY0,2024-02-01,Crazy Bread Combo,Sides,5.99,Regular,4,Nancy Rodriguez,No,
9XRIQA632F,2024-02-27,Classic Pepperoni Pizza,Pizza,9.49,Large,1,Richard Davis,No,
ZQK3LF6WH7,2024-08-26,2 Liter Diet Pepsi,Beverage,3.29,2L,7,Susan Martin,Yes,"8243 Utica Ave, Brooklyn, NY"
W9Z1WIUFJK,2024-07-20,Aquafina Water,Pizza,1.99,20oz,7,Susan Miller,Yes,"116 Coney Island Ave, Brooklyn, NY"
N9H3KYW9JS,2024-02-22,Classic Cheese Pizza,Pizza,8.99,2L,2,Barbara Garcia,Yes,"1196 Eastern Pkwy, Brooklyn, NY"
A77RLJYC2D,2024-12-27,Deep Dish Cheese,Pizza,11.49,Regular,6,Matthew Smith,Yes,"8680 Flatbush Ave, Brooklyn, NY"
K9MULGGDR7,2024-02-23,ExtraMostBestest Cheese,Pizza,10.49,Large,2,Barbara Jones,No,
6WS3ZEQ61Z,2024-05-16,Crazy Bread,Sides,4.99,Regular,2,David Lopez,No,
0HFMOKRVGZ,2024-03-11,Italian Cheese Bread,Sides,6.49,Regular,1,Donald Davis,Yes,"6339 Eastern Pkwy, Brooklyn, NY"
RET0GFA158,2024-08-05,Classic Cheese Pizza,Pizza,8.99,Large,1,James Williams,No,
UUV3EL72B2,2024-09-29,Classic Pepperoni Pizza,Pizza,9.49,Large,6,John Thomas,Yes,"1574 Fulton St, Brooklyn, NY"
J0ZCTHQPHW,2024-05-14,2 Liter Diet Pepsi,Beverage,3.29,2L,6,David Jackson,No,
VP4XZU2Y3Q,2024-02-16,Caesar Wings,Wings,8.99,8pc,3,Patricia Johnson,Yes,"7770 Fulton St, Brooklyn, NY"
353CUONMFL,2024-05-12,ExtraMostBestest Pepperoni,Pizza,10.49,Large,6,David Jackson,Yes,"8026 Court St, Brooklyn, NY"
K3PA6MVM53,2024-07-31,Classic Pepperoni Pizza,Pizza,9.49,Large,2,Linda Smith,Yes,"9206 Coney Island Ave, Brooklyn, NY"
YY504PD0SI,2024-09-22,Aquafina Water,Beverage,1.99,20oz,9,Donald Davis,Yes,"9767 Fulton St, Brooklyn, NY"
3RET1M4ZAM,2024-03-23,Buffalo Wings,Wings,9.49,8pc,7,William Johnson,Yes,"4958 Court St, Brooklyn, NY"
JFE3JMXC31,2024-03-23,Classic Pepperoni Pizza,Pizza,9.49,Large,9,Thomas Martin,Yes,"5307 Ocean Pkwy, Brooklyn, NY"
N0N0OQWJS5,2024-10-20,ExtraMostBestest Pepperoni,Pizza,10.49,Large,10,Susan Brown,Yes,"4961 Nostrand Ave, Brooklyn, NY"
YV31CBXWOW,2024-08-13,ExtraMostBestest Cheese,Pizza,10.49,Large,2,Sarah Rodriguez,Yes,"3289 Nostrand Ave, Brooklyn, NY"
IYR3BE8WFQ,2024-03-30,Classic Pepperoni Pizza,Pizza,9.49,Large,6,Jennifer Hernandez,Yes,"9158 Court St, Brooklyn, NY"
M7YFWPQRZY,2024-03-14,Classic Cheese Pizza,Pizza,8.99,Large,1,Susan Williams,No,
KWHPU3V3YL,2024-03-26,Classic Cheese Pizza,Pizza,8.99,Large,2,Joseph,Yes,"9975 Coney Island Ave, Brooklyn, NY"
NIOHFTWORK,2024-01-20,ExtraMostBestest Pepperoni,Pizza,10.49,Large,5,David Martinez,Yes,"7959 Bedford Ave, Brooklyn, NY"
OR8CBK16YM,2024-05-29,Buffalo Wings,Wings,9.49,8pc,3,Jessica Smith,Yes,"8968 Eastern Pkwy, Brooklyn, NY"
EMRXTP1WZW,2024-03-13,Classic Cheese Pizza,Pizza,8.99,Large,1,Joseph Smith,Yes,"2789 Court St, Brooklyn, NY"
4LJHU4SRYR,2024-09-07,Caesar Wings,Wings,8.99,8pc,5,Nancy Davis,Yes,"8557 Eastern Pkwy, Brooklyn, NY"
7YRCHNU8H9,2024-12-05,Crazy Bread,Sides,4.99,Regular,2,Sandra Martin,No,
7SKDOZYFXF,2024-10-19,Italian Cheese Bread,Sides,6.49,Regular,5,Donald Hernandez,Yes,"4204 Kings Hwy, Brooklyn, NY"
AWJVCDDDCG,2024-01-23,ExtraMostBestest Cheese,Pizza,10.49,Large,3,Thomas Thomas,Yes,"497 Nostrand Ave, Brooklyn, NY"
Y52XHPNBNZ,2024-11-08,Classic Pepperoni Pizza,Pizza,9.49,Large,1,Anthony Brown,Yes,"4853 Bedford Ave, Brooklyn, NY"
8LZDLOXVK9,2024-04-28,Classic Pepperoni Pizza,Pizza,9.49,Large,6,Nancy Williams,Yes,"6833 Coney Island Ave, Brooklyn, NY"
13O38F4A2B,2024-06-29,Crazy Bread Combo,Sides,5.99,Regular,6,Joseph Martin,Yes,
7279TZRWCK,2024-07-19,ExtraMostBestest Pepperoni,Pizza,10.49,Large,4,Sandra Johnson,Yes,"3873 Court St, Brooklyn, NY"
RTML50DUKL,2024-05-05,ExtraMostBestest Pepperoni,Pizza,10.49,Large,4,Sarah Miller,No,
YOSGYVGK5W,2024-07-22,Crazy Bread Combo,Sides,5.99,Regular,1,Barbara Thomas,Yes,
2RMXEND30A,2024-05-23,Classic Pepperoni Pizza,Pizza,9.49,Large,3,Sarah Wilson,Yes,"237 Fulton St, Brooklyn, NY"
AR8BQ9HGKQ,2024-12-01,2 Liter Pepsi,Beverage,3.29,2L,4,Jessica Garcia,Yes,"838 Kings Hwy, Brooklyn, NY"
KDN58VPBDY,2024-05-17,Crazy Bread,Sides,4.99,Regular,2,Lisa Smith,Yes,"3467 Utica Ave, Brooklyn, NY"
FPGQOHHFT4,2024-11-24,Caesar Wings,Wings,8.99,8pc,8,Anthony Brown,No,
NFMR6WFZAR,2024-08-08,Mountain Dew 2 Liter,Beverage,3.29,2L,5,Mary Thomas,Yes,"4664 Eastern Pkwy, Brooklyn, NY"
BZCHL4RZAE,2024-04-13,3 Meat Treat Pizza,Pizza,12.99,Large,8,John Gonzalez,Yes,"8008 Coney Island Ave, Brooklyn, NY"
3EDCB21NWN,2024-03-01,Aquafina Water,Beverage,1.99,20oz,4,Charles Johnson,Yes,"4163 Atlantic Ave, Brooklyn, NY"
ZI67IVDQ2F,2024-07-04,2 Liter Pepsi,Beverage,3.29,2L,5,Robert Hernandez,No,
GMUOKYS7OC,2024-11-10,2 Liter Pepsi,Beverage,3.29,2L,7,Nancy Martinez,Yes,"284 Court St, Brooklyn, NY"
SMIWCH8MWZ,2024-07-01,Deep Dish Pepperoni,Pizza,11.99,Regular,4,Nancy Williams,Yes,"2481 Ocean Pkwy, Brooklyn, NY"
67ADREBHV2,2024-06-25,Supreme Pizza,Pizza,13.99,Large,5,David Davis,Yes,
4W6IKEYXEJ,2024-10-04,Supreme Pizza,Beverage,13.99,Large,1,Susan Gonzalez,Yes,"5175 Bedford Ave, Brooklyn, NY"
WHS0RPOKFR,2024-04-28,ExtraMostBestest Pepperoni,Pizza,10.49,Large,9,Jessica Smith,Yes,"4988 Kings Hwy, Brooklyn, NY"
11DMGXVXK3,2024-08-08,2 Liter Diet Pepsi,Beverage,3.29,2L,3,Joseph Wilson,Yes,"9629 Fulton St, Brooklyn, NY"
08XMB1U7LI,2024-03-13,Veggie Pizza,Pizza,12.49,Large,3,Donald Thomas,Yes,"7508 Coney Island Ave, Brooklyn, NY"
QUGNXGDMFE,2024-04-05,Classic Cheese Pizza,Pizza,8.99,Large,4,Robert Williams,Yes,"6617 Kings Hwy, Brooklyn, NY"
IRDQ6U5QWC,2024-01-16,Classic Pepperoni Pizza,Pizza,9.49,Large,3,James Smith,Yes,"5763 Coney Island Ave, Brooklyn, NY"
BXTGIV6VRE,2024-07-04,Classic Pepperoni Pizza,Pizza,9.49,Large,1,John Anderson,Yes,"9909 Fulton St, Brooklyn, NY"
B2DTU4GB2N,2024-01-01,ExtraMostBestest Pepperoni,Pizza,10.49,Large,3,Michael Hernandez,No,
8WVZTDUURU,2024-12-17,ExtraMostBestest Pepperoni,Pizza,10.49,Large,7,Sarah Wilson,Yes,"4540 Utica Ave, Brooklyn, NY"
1PIXR16E2R,2024-04-01,Classic Cheese Pizza,Pizza,8.99,Large,1,Elizabeth Wilson,Yes,
2TOIW3VC8H,2024-10-11,Aquafina Water,Beverage,1.99,2L,4,Richard Miller,No,
I7T9B0JR9N,2024-11-26,Classic Cheese Pizza,Pizza,8.99,Large,4,Matthew Johnson,No,
P8WEE3JV7U,2024-12-07,Mountain Dew 2 Liter,Beverage,3.29,2L,8,Betty Williams,No,
HAMZVFRFMQ,2024-12-04,Aquafina Water,Beverage,1.99,20oz,4,Nancy Miller,Yes,"8264 Court St, Brooklyn, NY"
TAHVP4GB79,2024-06-27,Buffalo Wings,Wings,9.49,8pc,4,Daniel Taylor,Yes,"6709 Bedford Ave, Brooklyn, NY"
1IU7R3371Z,2024-02-08,ExtraMostBestest Cheese,Pizza,10.49,Large,3,Matthew Johnson,Yes,"5202 Bedford Ave, Brooklyn, NY"
JETGF7PFG6,2024-08-27,2 Liter Pepsi,Beverage,3.29,2L,4,Matthew Jones,No,
53XP8GJPXL,2024-07-20,3 Meat Treat Pizza,Pizza,12.99,Large,5,Elizabeth Rodriguez,No,
2VNL9C1QYC,2024-06-16,Crazy Bread,Sides,4.99,Regular,3,Patricia Garcia,No,
7II8CH4JVE,2024-01-17,Aquafina Water,Beverage,1.99,20oz,2,Robert Martinez,No,
1PY0B864X5,2024-02-24,Classic Cheese Pizza,Pizza,8.99,Large,5,Lisa Williams,Yes,"6621 Flatbush Ave, Brooklyn, NY"
PBNHJ2M96T,2024-05-04,Classic Pepperoni Pizza,Pizza,9.49,Large,6,Susan Thomas,No,
BCL2JDXRL3,2024-02-04,Classic Pepperoni Pizza,Pizza,9.49,Large,4,Mary Anderson,Yes,"5080 Church Ave, Brooklyn, NY"
NQZ9BE4YLI,2024-06-18,Deep Dish Pepperoni,Pizza,11.99,Regular,8,Robert Martin,No,
ZN5W1N2W10,2024-05-10,3 Meat Treat Pizza,Pizza,12.99,Large,2,Sarah Martinez,Yes,"9384 Church Ave, Brooklyn, NY"
OPRBFDWC6T,2024-05-02,Italian Cheese Bread,Sides,6.49,Regular,3,Richard Lopez,Yes,"234 Court St, Brooklyn, NY"
FRDMWRW1SA,2024-04-15,Caesar Wings,Wings,8.99,8pc,1,Karen Johnson,Yes,"1121 Utica Ave, Brooklyn, NY"
N9PSA6ZOWE,2024-01-11,Crazy Bread Combo,Sides,5.99,Regular,1,Richard Johnson,Yes,"2675 Atlantic Ave, Brooklyn, NY"
WUUCWJ5RE7,2024-08-05,Classic Cheese Pizza,Pizza,8.99,Large,4,Joseph Williams,No,
IF5VNVGO2X,2024-09-07,Supreme Pizza,Pizza,13.99,Large,5,Susan Williams,Yes,"6456 Ocean Pkwy, Brooklyn, NY"
ADYEB3RII3,2024-09-25,Crazy Bread,Sides,4.99,Regular,3,Ashley Miller,No,
4AO91532GP,2024-09-09,Italian Cheese Bread,Sides,6.49,Regular,3,Sarah Jackson,Yes,"8922 Nostrand Ave, Brooklyn, NY"
ICIG1VMI7J,2024-01-16,Classic Cheese Pizza,Pizza,8.99,Large,4,Thomas Davis,Yes,"5699 Ocean Pkwy, Brooklyn, NY"
M1WWK66KL8,2024-07-07,3 Meat Treat Pizza,Pizza,12.99,Large,6,Michael Moore,No,
3CCTRHU0CT,2024-06-06,Crazy Bread,Sides,4.99,Regular,2,Anthony Davis,Yes,"5686 Ocean Pkwy, Brooklyn, NY"
OXA69WRVLW,2024-11-19,Classic Cheese Pizza,Pizza,8.99,Large,2,William Smith,Yes,"2074 Atlantic Ave, Brooklyn, NY"
ZOAMPUQ0SL,2024-06-09,Deep Dish Pepperoni,Pizza,11.99,Regular,4,Jessica Thomas,Yes,"8011 Coney Island Ave, Brooklyn, NY"
NBYWV2C91N,2024-11-13,2 Liter Diet Pepsi,Beverage,3.29,2L,4,Jennifer Lopez,Yes,"3185 Fulton St, Brooklyn, NY"
MQYCM1725C,2024-09-13,Crazy Bread,Sides,4.99,Regular,3,Joseph Lopez,No,
HHX9YQAYE0,2024-10-28,Caesar Wings,Wings,8.99,8pc,2,James Wilson,Yes,"9518 Court St, Brooklyn, NY"
O4YX0VG5DW,2024-07-20,ExtraMostBestest Pepperoni,Pizza,10.49,Large,6,Daniel Miller,No,
ZF4C5T2WSF,2024-07-02,Classic Cheese Pizza,Pizza,8.99,Large,1,Lisa Jackson,Yes,"7832 Eastern Pkwy, Brooklyn, NY"
XMRTN529X6,2024-09-01,ExtraMostBestest Cheese,Pizza,10.49,Large,3,Barbara Taylor,No,
650G9W1IR2,2024-06-20,2 Liter Diet Pepsi,Beverage,3.29,2L,10,Daniel Johnson,Yes,"8718 Court St, Brooklyn, NY"
E7U4JMVBJ6,2024-05-19,Caesar Wings,Wings,8.99,8pc,8,Donald Williams,Yes,"1779 Fulton St, Brooklyn, NY"
0JMDYV4828,2024-11-12,Deep Dish Pepperoni,Pizza,11.99,Regular,3,Mark Davis,Yes,"1506 Coney Island Ave, Brooklyn, NY"
N3E8CZEMUH,2024-07-16,Aquafina Water,Beverage,1.99,20oz,4,Mark Smith,Yes,"3642 Court St, Brooklyn, NY"
Q4LZ33BHF5,2024-08-14,Deep Dish Pepperoni,Pizza,11.99,Regular,3,Matthew Taylor,Yes,"7370 Eastern Pkwy, Brooklyn, NY"
WWQ3G5RJ4R,2024-03-07,ExtraMostBestest Cheese,Pizza,10.49,Large,4,Richard Wilson,No,
JB5U7F6FDZ,2024-01-16,Classic Cheese Pizza,Pizza,8.99,Large,1,Robert Rodriguez,Yes,"6641 Church Ave, Brooklyn, NY"
KXN1EN87UD,2024-11-29,Caesar Wings,Wings,8.99,8pc,3,Lisa Thomas,No,
Z9LU9NC7FG,2024-10-13,2 Liter Pepsi,Beverage,3.29,2L,7,Mark Moore,Yes,"7719 Utica Ave, Brooklyn, NY"
ZZZOUV6149,2024-07-06,Classic Pepperoni Pizza,Pizza,9.49,Large,9,Charles Williams,No,
OXXLYKJ7GE,2024-09-29,Crazy Bread Combo,Sides,5.99,Regular,6,Jessica Brown,Yes,"4130 Nostrand Ave, Brooklyn, NY"
O0WLJVNMHA,2024-10-01,Caesar Wings,Wings,8.99,8pc,1,Jennifer Gonzalez,Yes,"3155 Bedford Ave, Brooklyn, NY"
ZS71RUGYQE,2024-06-09,Mountain Dew 2 Liter,Beverage,3.29,2L,10,John Taylor,Yes,"241 Ocean Pkwy, Brooklyn, NY"
964YZMG9XJ,2024-05-20,Classic Pepperoni Pizza,Pizza,9.49,Large,4,Nancy Taylor,Yes,"5606 Kings Hwy, Brooklyn, NY"
BGH0IOBK84,2024-07-12,Deep Dish Cheese,Pizza,11.49,Regular,3,David Anderson,Yes,"7138 Utica Ave, Brooklyn, NY"
BVXGIDZTB2,2024-01-25,Italian Cheese Bread,Sides,6.49,Regular,4,Anthony Taylor,No,
W7UQFBCOLJ,2024-12-14,2 Liter Diet Pepsi,Beverage,3.29,2L,6,Linda Brown,Yes,"8855 Atlantic Ave, Brooklyn, NY"
K0417Q3WXF,2024-09-06,Classic Pepperoni Pizza,Pizza,9.49,Large,4,Betty Anderson,No,
F8CUS4RB27,2024-08-22,ExtraMostBestest Pepperoni,Pizza,10.49,Large,1,William Johnson,Yes,"7070 Church Ave, Brooklyn, NY"
79RPHJ4F2L,2024-10-06,3 Meat Treat Pizza,Pizza,12.99,Large,5,Susan Thomas,Yes,"4447 Fulton St, Brooklyn, NY"
DHJ3DFEW8R,2024-03-14,Classic Pepperoni Pizza,Pizza,9.49,Large,3,Richard Moore,Yes,"4571 Bedford Ave, Brooklyn, NY"
4WQYW8YOVA,2024-05-08,Classic Cheese Pizza,Pizza,8.99,Large,2,John Smith,Yes,
QG1Z22AL3L,2024-02-23,Buffalo Wings,Wings,9.49,8pc,2,Matthew Taylor,Yes,"1143 Atlantic Ave, Brooklyn, NY"
B2WFNJ62OV,2024-01-22,ExtraMostBestest Cheese,Pizza,10.49,Large,1,Nancy Hernandez,Yes,
X6UATRLSRG,2024-01-23,2 Liter Diet Pepsi,Beverage,3.29,2L,3,Sarah Hernandez,Yes,"5751 Eastern Pkwy, Brooklyn, NY"
J8FEVYCI2S,2024-09-12,Aquafina Water,Beverage,1.99,,3,Barbara Rodriguez,Yes,"5727 Utica Ave, Brooklyn, NY"
VL11O64S1Y,2024-09-07,3 Meat Treat Pizza,Pizza,12.99,Large,8,Barbara Davis,No,
KXXNTI5TPD,2024-07-18,Deep Dish Pepperoni,Pizza,11.99,Regular,1,Mark Jones,Yes,"8746 Kings Hwy, Brooklyn, NY"
EIKA7JZEOY,2024-04-15,Deep Dish Cheese,Pizza,11.49,Regular,2,Sarah Wilson,Yes,"2910 Coney Island Ave, Brooklyn, NY"
MWA8BEXMFZ,2024-04-25,Aquafina Water,Beverage,1.99,20oz,3,Daniel Johnson,Yes,"5456 Church Ave, Brooklyn, NY"
CRVSBAMFEF,2024-03-20,Deep Dish Cheese,Pizza,11.49,Regular,4,Karen Thomas,No,
TNPARAOUYZ,2024-10-30,3 Meat Treat Pizza,Pizza,12.99,Large,4,Elizabeth Jackson,Yes,
DEPSXTTI1P,2024-08-15,Aquafina Water,Beverage,1.99,20oz,5,Ashley Williams,Yes,"4345 Ocean Pkwy, Brooklyn, NY"
VCIJ8FZ7ZP,2024-08-21,Italian Cheese Bread,Sides,6.49,2L,2,Michael Brown,No,
676MNHRWLX,2024-12-24,Classic Cheese Pizza,Pizza,8.99,Large,8,Robert Davis,Yes,"2775 Utica Ave, Brooklyn, NY"
T0FUGH7R3X,2024-11-02,Mountain Dew 2 Liter,Beverage,3.29,2L,4,Thomas Taylor,No,
F5ZR6ASW4O,2024-06-14,3 Meat Treat Pizza,Pizza,12.99,Large,4,Sarah Martinez,Yes,"6715 Coney Island Ave, Brooklyn, NY"
6JH2WSYO2Q,2024-07-16,ExtraMostBestest Cheese,Pizza,10.49,Large,1,Linda Jackson,No,
QU5TD688W4,2024-03-07,Veggie Pizza,Pizza,12.49,Large,2,Sarah Miller,Yes,"4555 Atlantic Ave, Brooklyn, NY"
XG8YTR09WI,2024-12-21,Classic Pepperoni Pizza,Pizza,9.49,Large,7,Jennifer Davis,Yes,"1458 Fulton St, Brooklyn, NY"
3ZZDLX6PC6,2024-10-01,2 Liter Pepsi,Beverage,3.29,2L,3,Anthony Martinez,Yes,"8858 Bedford Ave, Brooklyn, NY"
OIN1HKMIX3,2024-11-02,2 Liter Diet Pepsi,Beverage,3.29,2L,5,Lisa Smith,Yes,"9123 Church Ave, Brooklyn, NY"
QPHPJP2FH6,2024-12-27,Classic Cheese Pizza,Pizza,8.99,Large,9,Daniel Moore,Yes,"7778 Fulton St, Brooklyn, NY"
KR6ML4B41H,2024-03-09,Classic Cheese Pizza,Pizza,8.99,Large,6,Barbara Williams,Yes,"3826 Utica Ave, Brooklyn, NY"
G3QKQWWBHM,2024-11-25,Classic Cheese Pizza,Pizza,8.99,Large,4,Donald Wilson,No,
GHIYVA3OP1,2024-03-06,Buffalo Wings,Wings,9.49,8pc,4,Robert Davis,Yes,"3318 Kings Hwy, Brooklyn, NY"
48IMJ2CGA6,2024-08-15,Deep Dish Cheese,Pizza,11.49,Regular,4,Daniel Smith,Yes,"9599 Atlantic Ave, Brooklyn, NY"
EE3XBOPHHA,2024-07-07,Deep Dish Pepperoni,Pizza,11.99,Regular,7,John Johnson,Yes,"2150 Kings Hwy, Brooklyn, NY"
6AOI0O3TI1,2024-10-23,ExtraMostBestest Pepperoni,Pizza,10.49,Large,3,Sarah Jackson,No,
EFCTL3NU4K,2024-10-16,2 Liter Pepsi,Beverage,3.29,2L,3,Daniel Martinez,No,
P7LYDC30EF,2024-09-26,Classic Pepperoni Pizza,Pizza,9.49,Large,4,Richard,Yes,"7086 Fulton St, Brooklyn, NY"
K8BYOOGBMG,2024-05-02,ExtraMostBestest Pepperoni,Pizza,10.49,Large,3,Lisa Hernandez,Yes,"735 Flatbush Ave, Brooklyn, NY"
EZSPIHPW1L,2024-10-01,2 Liter Diet Pepsi,Beverage,3.29,2L,4,Mary Williams,Yes,"4257 Atlantic Ave, Brooklyn, NY"
S6QVO5VUN5,2024-09-25,Deep Dish Pepperoni,Pizza,11.99,Regular,1,Joseph Jackson,Yes,"3786 Coney Island Ave, Brooklyn, NY"
H19SY3SR4B,2024-11-25,Deep Dish Pepperoni,Pizza,11.99,Regular,4,Lisa Williams,No,
INTYSAACZG,2024-11-14,Deep Dish Cheese,Pizza,11.49,Regular,2,Anthony Martinez,No,
39LP7CM2H4,2024-02-07,Supreme Pizza,Pizza,13.99,Large,3,Jessica Moore,No,
ZKAE498XP1,2024-09-19,Caesar Wings,Wings,8.99,8pc,3,James Martinez,Yes,"2643 Atlantic Ave, Brooklyn, NY"
SX099EX984,2024-08-20,Deep Dish Cheese,Pizza,11.49,Regular,3,Sandra Anderson,Yes,"6453 Eastern Pkwy, Brooklyn, NY"
7J3G7HCJOT,2024-01-10,Supreme Pizza,Pizza,13.99,Large,3,Barbara Moore,Yes,"7609 Church Ave, Brooklyn, NY"
S87Z8O5XJN,2024-01-25,ExtraMostBestest Cheese,Pizza,10.49,Large,2,Elizabeth Martin,Yes,"4291 Kings Hwy, Brooklyn, NY"
RWAOX1IXEN,2024-03-15,Caesar Wings,Wings,8.99,8pc,3,Richard Martin,Yes,"604 Kings Hwy, Brooklyn, NY"
I24K2ETABS,2024-01-16,Crazy Bread,Sides,4.99,Regular,3,Mary Hernandez,Yes,"9194 Church Ave, Brooklyn, NY"
5I0R75JYLC,2024-10-29,Classic Pepperoni Pizza,Pizza,9.49,Large,2,Michael Hernandez,Yes,"6365 Flatbush Ave, Brooklyn, NY"
26KGGWTGC2,2024-03-05,Buffalo Wings,Wings,9.49,8pc,1,Patricia Davis,No,
632IY2EC11,2024-12-15,Classic Pepperoni Pizza,Pizza,9.49,Large,6,Susan Lopez,No,
5VEH3WIRG4,2024-09-12,Aquafina Water,Beverage,1.99,20oz,1,Nancy Martinez,No,
S9EA4D1MWA,2024-07-02,Crazy Bread,Sides,4.99,Regular,4,Jennifer Martin,Yes,"2812 Kings Hwy, Brooklyn, NY"
3IPIA30TGI,2024-04-03,Deep Dish Pepperoni,Pizza,11.99,Regular,1,Sarah Williams,Yes,"2835 Flatbush Ave, Brooklyn, NY"
EJHLIPPPG6,2024-03-20,Crazy Bread,Sides,4.99,Regular,1,Ashley Thomas,Yes,"241 Bedford Ave, Brooklyn, NY"
626KUT5W3G,2024-08-02,Mountain Dew 2 Liter,Beverage,3.29,2L,5,Linda Anderson,Yes,"6855 Nostrand Ave, Brooklyn, NY"
XA1UAUS5VJ,2024-12-08,Deep Dish Cheese,Pizza,11.49,Regular,10,Thomas Johnson,Yes,"5040 Fulton St, Brooklyn, NY"
2KA4UKNYBY,2024-10-29,Classic Cheese Pizza,Pizza,8.99,Large,1,Robert Hernandez,No,
RHA2LQGWLD,2024-11-29,Classic Cheese Pizza,Pizza,8.99,Large,1,Daniel Gonzalez,Yes,"2196 Ocean Pkwy, Brooklyn, NY"
YH8WZMDZDD,2024-01-17,Classic Cheese Pizza,Pizza,8.99,Large,4,Barbara Davis,No,
N44VGZHUUV,2024-11-09,Supreme Pizza,Pizza,13.99,Large,7,David Rodriguez,Yes,"5872 Fulton St, Brooklyn, NY"
VJFY9KJHQB,2024-04-23,Crazy Bread,Sides,4.99,Regular,4,Joseph Wilson,Yes,"3302 Eastern Pkwy, Brooklyn, NY"
GPWH0YNZ06,2024-10-15,Classic Pepperoni Pizza,Pizza,9.49,Large,2,Nancy Jackson,Yes,"8412 Fulton St, Brooklyn, NY"
IVW6M5ENCC,2024-11-24,Classic Cheese Pizza,Pizza,8.99,Large,4,Thomas Anderson,Yes,"5185 Flatbush Ave, Brooklyn, NY"
T3GWZSXRJA,2024-04-22,2 Liter Pepsi,Beverage,3.29,2L,4,Anthony Miller,Yes,"3566 Eastern Pkwy, Brooklyn, NY"
CGMZ05VQ0K,2024-02-09,Classic Cheese Pizza,Pizza,8.99,Large,1,Ashley Williams,Yes,"7676 Nostrand Ave, Brooklyn, NY"
27C9THT7DT,2024-02-17,Mountain Dew 2 Liter,Beverage,3.29,2L,4,Daniel Johnson,Yes,"5721 Nostrand Ave, Brooklyn, NY"
LVZATC5JX4,2024-12-22,ExtraMostBestest Cheese,Pizza,10.49,Large,4,Sarah Martinez,Yes,"4447 Court St, Brooklyn, NY"
9PI5YASUFF,2024-06-08,Deep Dish Cheese,Pizza,11.49,Regular,10,Anthony Smith,Yes,"8431 Eastern Pkwy, Brooklyn, NY"
2XXDMMNWX0,2024-06-27,2 Liter Diet Pepsi,Beverage,3.29,2L,10,Daniel Brown,Yes,"7295 Flatbush Ave, Brooklyn, NY"
KXP01K67B4,2024-09-23,ExtraMostBestest Cheese,Pizza,10.49,Large,4,Jessica Martin,Yes,"2554 Flatbush Ave, Brooklyn, NY"
TWFBDHRI75,2024-01-05,Mountain Dew 2 Liter,Beverage,3.29,2L,2,John Gonzalez,No,
YU0IP12GNV,2024-07-22,Crazy Bread Combo,Sides,5.99,Regular,1,Joseph Anderson,Yes,"8096 Fulton St, Brooklyn, NY"
NAYHYRCZ9N,2024-07-29,Classic Pepperoni Pizza,Pizza,9.49,Large,4,Linda Hernandez,Yes,"6367 Bedford Ave, Brooklyn, NY"
10PS8UO113,2024-12-10,2 Liter Pepsi,Beverage,3.29,2L,1,Joseph Thomas,Yes,"647 Fulton St, Brooklyn, NY"
167E5SQSZU,2024-01-28,Deep Dish Pepperoni,Pizza,11.99,Regular,7,Daniel Jones,Yes,"5821 Bedford Ave, Brooklyn, NY"
B9DVL3UCZA,2024-02-05,Classic Cheese Pizza,Pizza,8.99,Large,2,Joseph Martin,Yes,"6409 Flatbush Ave, Brooklyn, NY"
LSPQSHP9CV,2024-12-25,3 Meat Treat Pizza,Pizza,12.99,Large,8,Susan Miller,Yes,"5840 Bedford Ave, Brooklyn, NY"
FWOLPMR1RW,2024-01-20,Crazy Bread,Sides,4.99,Regular,6,William Smith,No,
F32M3XL7RR,2024-11-29,2 Liter Diet Pepsi,Beverage,3.29,2L,3,Barbara Johnson,Yes,"8386 Flatbush Ave, Brooklyn, NY"
FKE7475S5Z,2024-12-29,ExtraMostBestest Cheese,Pizza,10.49,Large,6,James Jones,Yes,"749 Fulton St, Brooklyn, NY"
NV38QA7JMO,2024-03-02,Crazy Bread Combo,Sides,5.99,Regular,8,Robert Brown,Yes,"644 Nostrand Ave, Brooklyn, NY"
JZ4WNYIEXD,2024-02-08,Deep Dish Pepperoni,Pizza,11.99,Regular,2,Linda Rodriguez,No,
PSTKWQUMJK,2024-11-30,Crazy Bread,Pizza,4.99,Regular,8,Mark Lopez,No,
L75TDM5JRQ,2024-05-11,ExtraMostBestest Pepperoni,Pizza,10.49,Large,8,Robert Smith,No,
QB5K8UJ0B8,2024-04-01,Buffalo Wings,Wings,9.49,8pc,2,Michael Davis,Yes,"3496 Atlantic Ave, Brooklyn, NY"
6T8VMRT7G4,2024-01-30,ExtraMostBestest Pepperoni,Pizza,10.49,Large,4,Linda Gonzalez,No,
6AWCDW0XKE,2024-11-08,2 Liter Pepsi,Beverage,3.29,2L,4,Betty Moore,No,
3C2URJ060F,2024-05-04,Aquafina Water,Beverage,1.99,20oz,7,Susan Miller,Yes,"6237 Eastern Pkwy, Brooklyn, NY"
VHWV56Z8IR,2024-01-11,2 Liter Pepsi,Beverage,3.29,2L,2,Nancy Martinez,Yes,"8090 Utica Ave, Brooklyn, NY"
2JUZ9N0CB9,2024-12-18,Classic Pepperoni Pizza,Pizza,9.49,Large,6,Sarah Davis,Yes,"6319 Kings Hwy, Brooklyn, NY"
9G20YT1M50,2024-04-01,Mountain Dew 2 Liter,Beverage,3.29,2L,4,Jessica Gonzalez,Yes,"3166 Eastern Pkwy, Brooklyn, NY"
MV5RDQG81H,2024-09-28,ExtraMostBestest Cheese,Pizza,10.49,Large,7,Betty Jackson,No,
5C8X9JMHXN,2024-09-11,Italian Cheese Bread,Sides,6.49,,1,Matthew Garcia,Yes,"7208 Coney Island Ave, Brooklyn, NY"
7KID3UMU72,2024-03-04,Classic Pepperoni Pizza,Pizza,9.49,Large,3,Linda Miller,Yes,"5648 Fulton St, Brooklyn, NY"
OLHD6ZEZLL,2024-12-02,Italian Cheese Bread,Sides,6.49,Regular,4,Mary Brown,No,
321S872LGS,2024-11-15,Aquafina Water,Beverage,1.99,20oz,2,Anthony Martinez,No,
C39GEHZYIL,2024-05-02,Classic Pepperoni Pizza,Pizza,9.49,Large,2,Sandra Rodriguez,No,
QH11WEF39Z,2024-11-25,Deep Dish Pepperoni,Pizza,11.99,Regular,2,Mary Garcia,Yes,"7998 Bedford Ave, Brooklyn, NY"
YZXVS1Y9KZ,2024-09-19,Caesar Wings,Wings,8.99,8pc,1,David Moore,Yes,"7312 Nostrand Ave, Brooklyn, NY"
HZNLXSSFNL,2024-11-12,Deep Dish Pepperoni,Pizza,11.99,Regular,3,Nancy Johnson,Yes,"3902 Kings Hwy, Brooklyn, NY"
HGPZPM8882,2024-06-02,Mountain Dew 2 Liter,Beverage,3.29,2L,10,Anthony Wilson,Yes,"1054 Ocean Pkwy, Brooklyn, NY"
EK8Y5X14PJ,2024-07-12,3 Meat Treat Pizza,Pizza,12.99,Large,1,Nancy Davis,No,
IWS4TIVSUP,2024-08-05,2 Liter Pepsi,Beverage,3.29,2L,3,Ashley Moore,No,
DB7AO6FV5D,2024-10-14,2 Liter Diet Pepsi,Beverage,3.29,2L,4,James Gonzalez,Yes,"2656 Utica Ave, Brooklyn, NY"
OQM27GGEA3,2024-08-02,Classic Pepperoni Pizza,Pizza,9.49,Large,2,Elizabeth Garcia,No,
2JNO7J5RB7,2024-06-12,ExtraMostBestest Pepperoni,Pizza,10.49,Large,3,Mark Garcia,Yes,"7851 Bedford Ave, Brooklyn, NY"
ZBA9LUC8L9,2024-07-07,2 Liter Pepsi,Beverage,3.29,2L,7,Sandra Thomas,Yes,"8489 Church Ave, Brooklyn, NY"
DQCLUA05IK,2024-03-28,Crazy Bread,Sides,4.99,Regular,1,Charles Jackson,No,
HQQGZ1UNMA,2024-08-04,Crazy Bread,Sides,4.99,Regular,6,Patricia Smith,Yes,
MKT642OHHJ,2024-10-30,ExtraMostBestest Pepperoni,Pizza,10.49,Large,2,Ashley Jones,Yes,"2646 Nostrand Ave, Brooklyn, NY"
7D5XTIVMD7,2024-01-13,ExtraMostBestest Cheese,Pizza,10.49,Large,8,Betty Taylor,No,
Z5X65FSLD7,2024-08-12,2 Liter Pepsi,Beverage,3.29,2L,5,Patricia Taylor,No,
Y8PZG8YNTF,2024-01-24,Aquafina Water,Beverage,1.99,20oz,3,Thomas,No,
EQF8F5GJ9J,2024-11-13,3 Meat Treat Pizza,Pizza,12.99,Large,1,Sarah Miller,Yes,"551 Atlantic Ave, Brooklyn, NY"
SDOMHT0Q5N,2024-06-27,Caesar Wings,Wings,8.99,8pc,4,Barbara Taylor,Yes,"2377 Bedford Ave, Brooklyn, NY"
FQ4URP6FRR,2024-10-25,Crazy Bread,Sides,4.99,Regular,2,Betty Jackson,No,
FVXHFSQ26L,2024-05-20,Buffalo Wings,Wings,9.49,8pc,4,Sandra Jackson,No,
MLAAIRDNQM,2024-11-21,Italian Cheese Bread,Sides,6.49,Regular,2,Lisa Miller,Yes,"5721 Bedford Ave, Brooklyn, NY"
IAG9X85KYE,2024-05-26,2 Liter Pepsi,Beverage,3.29,2L,7,Richard Thomas,Yes,"3545 Kings Hwy, Brooklyn, NY"
FJZ7G2WPQ5,2024-06-18,Classic Cheese Pizza,Pizza,8.99,Large,9,Richard Martin,Yes,"9907 Flatbush Ave, Brooklyn, NY"
8VOTQISG1W,2024-09-15,Crazy Bread,Sides,4.99,Regular,4,Barbara Jones,No,
14NN18GXPC,2024-05-03,Caesar Wings,Wings,8.99,8pc,3,Donald Miller,No,
BGF4WI9IYD,2024-12-13,ExtraMostBestest Cheese,Pizza,10.49,Large,7,Barbara Jones,Yes,"6179 Utica Ave, Brooklyn, NY"
ONX5BIEU17,2024-05-21,ExtraMostBestest Pepperoni,Pizza,10.49,Large,2,Barbara Jones,No,
U3X7CI5G3X,2024-03-26,Deep Dish Pepperoni,Pizza,11.99,Regular,4,Patricia Jones,No,
SCJYZ44L77,2024-05-30,Buffalo Wings,Wings,9.49,8pc,2,Jessica Thomas,No,
GU010KBCZN,2024-02-07,Classic Cheese Pizza,Pizza,8.99,Large,2,Anthony Jones,Yes,"7437 Bedford Ave, Brooklyn, NY"
SDDQRFKQML,2024-10-28,3 Meat Treat Pizza,Pizza,12.99,Large,2,Jennifer Smith,Yes,"2255 Nostrand Ave, Brooklyn, NY"
VFAVPGBDLA,2024-05-23,3 Meat Treat Pizza,Pizza,12.99,,2,Nancy Anderson,Yes,"6348 Church Ave, Brooklyn, NY"
Q0P9TSPNK2,2024-05-27,Classic Pepperoni Pizza,Pizza,9.49,Large,1,Matthew Gonzalez,Yes,"7108 Coney Island Ave, Brooklyn, NY"
N3OT2CZNPP,2024-07-21,Buffalo Wings,Wings,9.49,8pc,7,Sandra Davis,Yes,"2507 Ocean Pkwy, Brooklyn, NY"
2K2QJCMNLO,2024-05-25,Deep Dish Cheese,Pizza,11.49,Regular,9,Matthew Hernandez,No,
Z6TFFCXWSQ,2024-03-23,Crazy Bread,Sides,4.99,Regular,7,Betty Smith,Yes,"2241 Fulton St, Brooklyn, NY"
JZAUNW12N1,2024-06-16,Crazy Bread Combo,Sides,5.99,Regular,9,Patricia Lopez,Yes,"9720 Utica Ave, Brooklyn, NY"
WYJ0DQ7BDR,2024-09-25,Classic Pepperoni Pizza,Pizza,9.49,Large,1,Mary Brown,Yes,"955 Nostrand Ave, Brooklyn, NY"
ETL8O7SFPK,2024-03-31,Classic Pepperoni Pizza,Pizza,9.49,Large,5,Linda Wilson,Yes,"7010 Court St, Brooklyn, NY"
UUPRXLH70M,2024-09-07,Crazy Bread Combo,Sides,5.99,Regular,9,Ashley Martinez,Yes,"5776 Coney Island Ave, Brooklyn, NY"
WCQJT3KBXQ,2024-12-14,Aquafina Water,Beverage,1.99,20oz,4,Linda Rodriguez,Yes,"8177 Eastern Pkwy, Brooklyn, NY"
OJDSWL9X7A,2024-03-11,Classic Cheese Pizza,Pizza,8.99,Large,1,Sandra Taylor,No,
R0R6L2CXCC,2024-05-21,Classic Pepperoni Pizza,Pizza,9.49,Large,2,Donald Moore,No,
YR3L3BCKAX,2024-07-10,ExtraMostBestest Pepperoni,Pizza,10.49,Large,2,Matthew Lopez,Yes,"9753 Atlantic Ave, Brooklyn, NY"
1S0TUI2QHN,2024-08-26,Crazy Bread,Sides,4.99,Regular,1,Ashley Martin,No,
H4SO82639B,2024-08-20,Buffalo Wings,Wings,9.49,8pc,2,Sandra Brown,No,
NRATSH9G39,2024-09-09,2 Liter Pepsi,Beverage,3.29,2L,3,James Hernandez,No,
GAFIUP2LE6,2024-03-10,2 Liter Pepsi,Beverage,3.29,2L,5,Linda Hernandez,Yes,"5091 Eastern Pkwy, Brooklyn, NY"
60UIGHSEQ9,2024-02-24,Classic Pepperoni Pizza,Pizza,9.49,Large,6,Daniel Miller,No,
VAGIPL8KV6,2024-12-22,ExtraMostBestest Cheese,Pizza,10.49,Large,8,Karen Jones,No,
L82WHV6GGM,2024-10-05,ExtraMostBestest Pepperoni,Pizza,10.49,Large,7,Anthony Jackson,Yes,"9782 Fulton St, Brooklyn, NY"
3UYGHBXB8R,2024-07-26,Supreme Pizza,Wings,13.99,Large,4,Nancy Anderson,No,
NOMQGD3NYV,2024-09-23,Crazy Bread Combo,Sides,5.99,Regular,2,Sarah Thomas,No,
MXNGHIREN0,2024-01-18,Classic Pepperoni Pizza,Pizza,9.49,Large,3,Betty Smith,No,
QQT7RE6DG4,2024-05-13,3 Meat Treat Pizza,Pizza,12.99,Large,1,Joseph Williams,Yes,"800 Flatbush Ave, Brooklyn, NY"
XQTPWY433F,2024-06-23,Classic Pepperoni Pizza,Pizza,9.49,Large,6,Barbara Williams,Yes,"6687 Nostrand Ave, Brooklyn, NY"
PKLZWHG578,2024-12-12,Buffalo Wings,Wings,9.49,8pc,8,Daniel Brown,No,
EAWUBMQF4E,2024-08-14,Italian Cheese Bread,Sides,6.49,Regular,4,Sarah Smith,No,
CSY0OQTYVX,2024-01-07,Caesar Wings,Wings,8.99,8pc,8,Jennifer Taylor,No,
MB99647UGI,2024-01-20,Crazy Bread Combo,Sides,5.99,Regular,4,Donald Lopez,Yes,"7990 Nostrand Ave, Brooklyn, NY"
JLP9XQNATA,2024-01-18,Aquafina Water,Beverage,1.99,20oz,2,Donald Rodriguez,Yes,"479 Court St, Brooklyn, NY"
LR3ST0DT30,2024-06-08,Crazy Bread,Sides,4.99,Regular,6,Nancy Hernandez,No,
QU6KWY9RLJ,2024-09-24,2 Liter Pepsi,Beverage,3.29,2L,3,Matthew Taylor,No,
OXW6YHTJ6W,2024-03-22,Veggie Pizza,Pizza,12.49,Large,2,Jennifer Jones,Yes,"821 Flatbush Ave, Brooklyn, NY"
69G7T9IE01,2024-10-11,Crazy Bread Combo,Sides,5.99,Regular,2,Mary Lopez,Yes,"1191 Eastern Pkwy, Brooklyn, NY"
5H1ZZ8XEPJ,2024-09-13,Crazy Bread Combo,Sides,5.99,Regular,1,Thomas Moore,No,
JRN0DKPTI9,2024-12-14,ExtraMostBestest Cheese,Pizza,10.49,,3,Daniel Brown,No,
FDGR7VIVN3,2024-03-06,Veggie Pizza,Pizza,12.49,Large,1,Barbara Thomas,No,
XKP3AQRCIK,2024-02-05,Deep Dish Cheese,Pizza,11.49,Regular,3,Anthony Brown,Yes,"2101 Ocean Pkwy, Brooklyn, NY"
T4IZWIRJK3,2024-04-28,Crazy Bread,Sides,4.99,Regular,10,Linda Moore,No,
KITP9MQNBH,2024-07-30,Mountain Dew 2 Liter,Beverage,3.29,2L,4,Charles Jackson,Yes,"3269 Kings Hwy, Brooklyn, NY"
SWOYR7OJSW,2024-09-03,Classic Pepperoni Pizza,Pizza,9.49,Large,1,Betty Williams,No,
L8X2LG5C2Y,2024-09-09,Supreme Pizza,Pizza,13.99,Large,2,John Williams,Yes,"9641 Atlantic Ave, Brooklyn, NY"
9RI1MXGVLZ,2024-08-23,2 Liter Diet Pepsi,Beverage,3.29,2L,5,John Gonzalez,Yes,"8818 Court St, Brooklyn, NY"
9CHTB3LULV,2024-03-31,Supreme Pizza,Pizza,13.99,Large,7,Robert Miller,Yes,"1795 Atlantic Ave, Brooklyn, NY"
9QG0YCN6U9,2024-12-21,Classic Pepperoni Pizza,Pizza,9.49,Large,5,Betty Anderson,No,
0WT3F50R34,2024-09-02,ExtraMostBestest Cheese,Pizza,10.49,Large,2,Betty Taylor,Yes,"9382 Utica Ave, Brooklyn, NY"
X9VU7J1LQT,2024-01-07,Classic Pepperoni Pizza,Pizza,9.49,Large,9,Patricia Lopez,Yes,"161 Flatbush Ave, Brooklyn, NY"
ZYC82BRUR1,2024-01-18,Classic Cheese Pizza,Pizza,8.99,Large,4,Sarah Thomas,No,
B1ONKHB0NN,2024-11-28,Deep Dish Pepperoni,Pizza,11.99,Regular,1,Matthew Wilson,Yes,"6594 Fulton St, Brooklyn, NY"
